Train files written to /var/lib/condor/execute/slot2/dir_518274/scratch/tweety_bert/temp_pretrain/train_files.txt
Test files written to /var/lib/condor/execute/slot2/dir_518274/scratch/tweety_bert/temp_pretrain/test_files.txt
Starting process_directory
Reading file list from: /var/lib/condor/execute/slot2/dir_518274/scratch/tweety_bert/temp_pretrain/train_files.txt
Found 2372 files in the list.
Running in multi-threaded mode with 192 workers.
Total files processed: 2372
Total files skipped due to errors or no vocalization data: 0
Starting process_directory
Reading file list from: /var/lib/condor/execute/slot2/dir_518274/scratch/tweety_bert/temp_pretrain/test_files.txt
Found 593 files in the list.
Running in multi-threaded mode with 192 workers.
Total files processed: 593
Total files skipped due to errors or no vocalization data: 0
Using device: cuda
Total Trainable Parameters: 2,471,368
Step [0/100000.0], Smoothed Training Loss: 1.1985, Smoothed Validation Loss: 1.2138, Smoothed Masked Seq Loss: 1.2138, Smoothed Unmasked Seq Loss: 1.1646
Step [250/100000.0], Smoothed Training Loss: 0.8390, Smoothed Validation Loss: 0.8375, Smoothed Masked Seq Loss: 0.8375, Smoothed Unmasked Seq Loss: 0.4675
Step [500/100000.0], Smoothed Training Loss: 0.7420, Smoothed Validation Loss: 0.7374, Smoothed Masked Seq Loss: 0.7374, Smoothed Unmasked Seq Loss: 0.3255
Step [750/100000.0], Smoothed Training Loss: 0.6824, Smoothed Validation Loss: 0.6894, Smoothed Masked Seq Loss: 0.6894, Smoothed Unmasked Seq Loss: 0.2762
Step [1000/100000.0], Smoothed Training Loss: 0.6587, Smoothed Validation Loss: 0.6485, Smoothed Masked Seq Loss: 0.6485, Smoothed Unmasked Seq Loss: 0.2532
Step [1250/100000.0], Smoothed Training Loss: 0.6298, Smoothed Validation Loss: 0.6250, Smoothed Masked Seq Loss: 0.6250, Smoothed Unmasked Seq Loss: 0.2497
Step [1500/100000.0], Smoothed Training Loss: 0.6134, Smoothed Validation Loss: 0.6151, Smoothed Masked Seq Loss: 0.6151, Smoothed Unmasked Seq Loss: 0.2518
Step [1750/100000.0], Smoothed Training Loss: 0.6024, Smoothed Validation Loss: 0.5825, Smoothed Masked Seq Loss: 0.5825, Smoothed Unmasked Seq Loss: 0.2534
Step [2000/100000.0], Smoothed Training Loss: 0.5715, Smoothed Validation Loss: 0.5706, Smoothed Masked Seq Loss: 0.5706, Smoothed Unmasked Seq Loss: 0.2612
Step [2250/100000.0], Smoothed Training Loss: 0.5575, Smoothed Validation Loss: 0.5517, Smoothed Masked Seq Loss: 0.5517, Smoothed Unmasked Seq Loss: 0.2649
Step [2500/100000.0], Smoothed Training Loss: 0.5405, Smoothed Validation Loss: 0.5492, Smoothed Masked Seq Loss: 0.5492, Smoothed Unmasked Seq Loss: 0.2694
Step [2750/100000.0], Smoothed Training Loss: 0.5303, Smoothed Validation Loss: 0.5241, Smoothed Masked Seq Loss: 0.5241, Smoothed Unmasked Seq Loss: 0.2700
Step [3000/100000.0], Smoothed Training Loss: 0.5122, Smoothed Validation Loss: 0.5179, Smoothed Masked Seq Loss: 0.5179, Smoothed Unmasked Seq Loss: 0.2663
Step [3250/100000.0], Smoothed Training Loss: 0.5089, Smoothed Validation Loss: 0.5022, Smoothed Masked Seq Loss: 0.5022, Smoothed Unmasked Seq Loss: 0.2715
Step [3500/100000.0], Smoothed Training Loss: 0.4994, Smoothed Validation Loss: 0.4983, Smoothed Masked Seq Loss: 0.4983, Smoothed Unmasked Seq Loss: 0.2702
Step [3750/100000.0], Smoothed Training Loss: 0.4951, Smoothed Validation Loss: 0.4937, Smoothed Masked Seq Loss: 0.4937, Smoothed Unmasked Seq Loss: 0.2666
Step [4000/100000.0], Smoothed Training Loss: 0.4851, Smoothed Validation Loss: 0.4705, Smoothed Masked Seq Loss: 0.4705, Smoothed Unmasked Seq Loss: 0.2665
Step [4250/100000.0], Smoothed Training Loss: 0.4745, Smoothed Validation Loss: 0.4667, Smoothed Masked Seq Loss: 0.4667, Smoothed Unmasked Seq Loss: 0.2635
Step [4500/100000.0], Smoothed Training Loss: 0.4592, Smoothed Validation Loss: 0.4669, Smoothed Masked Seq Loss: 0.4669, Smoothed Unmasked Seq Loss: 0.2567
Step [4750/100000.0], Smoothed Training Loss: 0.4629, Smoothed Validation Loss: 0.4473, Smoothed Masked Seq Loss: 0.4473, Smoothed Unmasked Seq Loss: 0.2613
Step [5000/100000.0], Smoothed Training Loss: 0.4434, Smoothed Validation Loss: 0.4453, Smoothed Masked Seq Loss: 0.4453, Smoothed Unmasked Seq Loss: 0.2547
Step [5250/100000.0], Smoothed Training Loss: 0.4392, Smoothed Validation Loss: 0.4363, Smoothed Masked Seq Loss: 0.4363, Smoothed Unmasked Seq Loss: 0.2548
Step [5500/100000.0], Smoothed Training Loss: 0.4323, Smoothed Validation Loss: 0.4390, Smoothed Masked Seq Loss: 0.4390, Smoothed Unmasked Seq Loss: 0.2559
Step [5750/100000.0], Smoothed Training Loss: 0.4378, Smoothed Validation Loss: 0.4323, Smoothed Masked Seq Loss: 0.4323, Smoothed Unmasked Seq Loss: 0.2597
Step [6000/100000.0], Smoothed Training Loss: 0.4395, Smoothed Validation Loss: 0.4268, Smoothed Masked Seq Loss: 0.4268, Smoothed Unmasked Seq Loss: 0.2633
Step [6250/100000.0], Smoothed Training Loss: 0.4241, Smoothed Validation Loss: 0.4159, Smoothed Masked Seq Loss: 0.4159, Smoothed Unmasked Seq Loss: 0.2548
Step [6500/100000.0], Smoothed Training Loss: 0.4193, Smoothed Validation Loss: 0.4161, Smoothed Masked Seq Loss: 0.4161, Smoothed Unmasked Seq Loss: 0.2538
Step [6750/100000.0], Smoothed Training Loss: 0.4225, Smoothed Validation Loss: 0.4099, Smoothed Masked Seq Loss: 0.4099, Smoothed Unmasked Seq Loss: 0.2550
Step [7000/100000.0], Smoothed Training Loss: 0.4095, Smoothed Validation Loss: 0.4151, Smoothed Masked Seq Loss: 0.4151, Smoothed Unmasked Seq Loss: 0.2508
Step [7250/100000.0], Smoothed Training Loss: 0.4035, Smoothed Validation Loss: 0.4069, Smoothed Masked Seq Loss: 0.4069, Smoothed Unmasked Seq Loss: 0.2537
Step [7500/100000.0], Smoothed Training Loss: 0.4123, Smoothed Validation Loss: 0.4015, Smoothed Masked Seq Loss: 0.4015, Smoothed Unmasked Seq Loss: 0.2544
Step [7750/100000.0], Smoothed Training Loss: 0.4092, Smoothed Validation Loss: 0.3957, Smoothed Masked Seq Loss: 0.3957, Smoothed Unmasked Seq Loss: 0.2543
Step [8000/100000.0], Smoothed Training Loss: 0.4051, Smoothed Validation Loss: 0.3883, Smoothed Masked Seq Loss: 0.3883, Smoothed Unmasked Seq Loss: 0.2496
Step [8250/100000.0], Smoothed Training Loss: 0.3959, Smoothed Validation Loss: 0.3895, Smoothed Masked Seq Loss: 0.3895, Smoothed Unmasked Seq Loss: 0.2484
Step [8500/100000.0], Smoothed Training Loss: 0.3952, Smoothed Validation Loss: 0.3980, Smoothed Masked Seq Loss: 0.3980, Smoothed Unmasked Seq Loss: 0.2464
Step [8750/100000.0], Smoothed Training Loss: 0.3949, Smoothed Validation Loss: 0.3790, Smoothed Masked Seq Loss: 0.3790, Smoothed Unmasked Seq Loss: 0.2469
Step [9000/100000.0], Smoothed Training Loss: 0.3985, Smoothed Validation Loss: 0.3842, Smoothed Masked Seq Loss: 0.3842, Smoothed Unmasked Seq Loss: 0.2461
Step [9250/100000.0], Smoothed Training Loss: 0.3931, Smoothed Validation Loss: 0.3828, Smoothed Masked Seq Loss: 0.3828, Smoothed Unmasked Seq Loss: 0.2495
Step [9500/100000.0], Smoothed Training Loss: 0.3893, Smoothed Validation Loss: 0.3890, Smoothed Masked Seq Loss: 0.3890, Smoothed Unmasked Seq Loss: 0.2514
Step [9750/100000.0], Smoothed Training Loss: 0.3778, Smoothed Validation Loss: 0.3736, Smoothed Masked Seq Loss: 0.3736, Smoothed Unmasked Seq Loss: 0.2482
Step [10000/100000.0], Smoothed Training Loss: 0.3824, Smoothed Validation Loss: 0.3763, Smoothed Masked Seq Loss: 0.3763, Smoothed Unmasked Seq Loss: 0.2425
Step [10250/100000.0], Smoothed Training Loss: 0.3740, Smoothed Validation Loss: 0.3783, Smoothed Masked Seq Loss: 0.3783, Smoothed Unmasked Seq Loss: 0.2429
Step [10500/100000.0], Smoothed Training Loss: 0.3858, Smoothed Validation Loss: 0.3738, Smoothed Masked Seq Loss: 0.3738, Smoothed Unmasked Seq Loss: 0.2477
Step [10750/100000.0], Smoothed Training Loss: 0.3785, Smoothed Validation Loss: 0.3728, Smoothed Masked Seq Loss: 0.3728, Smoothed Unmasked Seq Loss: 0.2447
Step [11000/100000.0], Smoothed Training Loss: 0.3680, Smoothed Validation Loss: 0.3626, Smoothed Masked Seq Loss: 0.3626, Smoothed Unmasked Seq Loss: 0.2400
Step [11250/100000.0], Smoothed Training Loss: 0.3717, Smoothed Validation Loss: 0.3637, Smoothed Masked Seq Loss: 0.3637, Smoothed Unmasked Seq Loss: 0.2388
Step [11500/100000.0], Smoothed Training Loss: 0.3769, Smoothed Validation Loss: 0.3687, Smoothed Masked Seq Loss: 0.3687, Smoothed Unmasked Seq Loss: 0.2393
Step [11750/100000.0], Smoothed Training Loss: 0.3765, Smoothed Validation Loss: 0.3722, Smoothed Masked Seq Loss: 0.3722, Smoothed Unmasked Seq Loss: 0.2419
Step [12000/100000.0], Smoothed Training Loss: 0.3652, Smoothed Validation Loss: 0.3605, Smoothed Masked Seq Loss: 0.3605, Smoothed Unmasked Seq Loss: 0.2357
Step [12250/100000.0], Smoothed Training Loss: 0.3714, Smoothed Validation Loss: 0.3612, Smoothed Masked Seq Loss: 0.3612, Smoothed Unmasked Seq Loss: 0.2359
Step [12500/100000.0], Smoothed Training Loss: 0.3648, Smoothed Validation Loss: 0.3610, Smoothed Masked Seq Loss: 0.3610, Smoothed Unmasked Seq Loss: 0.2362
Step [12750/100000.0], Smoothed Training Loss: 0.3729, Smoothed Validation Loss: 0.3558, Smoothed Masked Seq Loss: 0.3558, Smoothed Unmasked Seq Loss: 0.2337
Step [13000/100000.0], Smoothed Training Loss: 0.3656, Smoothed Validation Loss: 0.3591, Smoothed Masked Seq Loss: 0.3591, Smoothed Unmasked Seq Loss: 0.2369
Step [13250/100000.0], Smoothed Training Loss: 0.3566, Smoothed Validation Loss: 0.3663, Smoothed Masked Seq Loss: 0.3663, Smoothed Unmasked Seq Loss: 0.2343
Step [13500/100000.0], Smoothed Training Loss: 0.3602, Smoothed Validation Loss: 0.3583, Smoothed Masked Seq Loss: 0.3583, Smoothed Unmasked Seq Loss: 0.2335
Step [13750/100000.0], Smoothed Training Loss: 0.3668, Smoothed Validation Loss: 0.3494, Smoothed Masked Seq Loss: 0.3494, Smoothed Unmasked Seq Loss: 0.2320
Step [14000/100000.0], Smoothed Training Loss: 0.3515, Smoothed Validation Loss: 0.3657, Smoothed Masked Seq Loss: 0.3657, Smoothed Unmasked Seq Loss: 0.2332
Step [14250/100000.0], Smoothed Training Loss: 0.3589, Smoothed Validation Loss: 0.3449, Smoothed Masked Seq Loss: 0.3449, Smoothed Unmasked Seq Loss: 0.2363
Step [14500/100000.0], Smoothed Training Loss: 0.3505, Smoothed Validation Loss: 0.3549, Smoothed Masked Seq Loss: 0.3549, Smoothed Unmasked Seq Loss: 0.2324
Step [14750/100000.0], Smoothed Training Loss: 0.3511, Smoothed Validation Loss: 0.3449, Smoothed Masked Seq Loss: 0.3449, Smoothed Unmasked Seq Loss: 0.2298
Step [15000/100000.0], Smoothed Training Loss: 0.3557, Smoothed Validation Loss: 0.3508, Smoothed Masked Seq Loss: 0.3508, Smoothed Unmasked Seq Loss: 0.2335
Step [15250/100000.0], Smoothed Training Loss: 0.3588, Smoothed Validation Loss: 0.3563, Smoothed Masked Seq Loss: 0.3563, Smoothed Unmasked Seq Loss: 0.2378
Step [15500/100000.0], Smoothed Training Loss: 0.3485, Smoothed Validation Loss: 0.3421, Smoothed Masked Seq Loss: 0.3421, Smoothed Unmasked Seq Loss: 0.2256
Step [15750/100000.0], Smoothed Training Loss: 0.3480, Smoothed Validation Loss: 0.3450, Smoothed Masked Seq Loss: 0.3450, Smoothed Unmasked Seq Loss: 0.2273
Step [16000/100000.0], Smoothed Training Loss: 0.3446, Smoothed Validation Loss: 0.3419, Smoothed Masked Seq Loss: 0.3419, Smoothed Unmasked Seq Loss: 0.2304
Step [16250/100000.0], Smoothed Training Loss: 0.3482, Smoothed Validation Loss: 0.3444, Smoothed Masked Seq Loss: 0.3444, Smoothed Unmasked Seq Loss: 0.2269
Step [16500/100000.0], Smoothed Training Loss: 0.3489, Smoothed Validation Loss: 0.3461, Smoothed Masked Seq Loss: 0.3461, Smoothed Unmasked Seq Loss: 0.2241
Step [16750/100000.0], Smoothed Training Loss: 0.3520, Smoothed Validation Loss: 0.3414, Smoothed Masked Seq Loss: 0.3414, Smoothed Unmasked Seq Loss: 0.2259
Step [17000/100000.0], Smoothed Training Loss: 0.3530, Smoothed Validation Loss: 0.3429, Smoothed Masked Seq Loss: 0.3429, Smoothed Unmasked Seq Loss: 0.2289
Step [17250/100000.0], Smoothed Training Loss: 0.3428, Smoothed Validation Loss: 0.3447, Smoothed Masked Seq Loss: 0.3447, Smoothed Unmasked Seq Loss: 0.2261
Step [17500/100000.0], Smoothed Training Loss: 0.3450, Smoothed Validation Loss: 0.3356, Smoothed Masked Seq Loss: 0.3356, Smoothed Unmasked Seq Loss: 0.2280
Step [17750/100000.0], Smoothed Training Loss: 0.3434, Smoothed Validation Loss: 0.3463, Smoothed Masked Seq Loss: 0.3463, Smoothed Unmasked Seq Loss: 0.2268
Step [18000/100000.0], Smoothed Training Loss: 0.3365, Smoothed Validation Loss: 0.3407, Smoothed Masked Seq Loss: 0.3407, Smoothed Unmasked Seq Loss: 0.2239
Step [18250/100000.0], Smoothed Training Loss: 0.3443, Smoothed Validation Loss: 0.3400, Smoothed Masked Seq Loss: 0.3400, Smoothed Unmasked Seq Loss: 0.2257
Step [18500/100000.0], Smoothed Training Loss: 0.3398, Smoothed Validation Loss: 0.3490, Smoothed Masked Seq Loss: 0.3490, Smoothed Unmasked Seq Loss: 0.2272
Step [18750/100000.0], Smoothed Training Loss: 0.3377, Smoothed Validation Loss: 0.3377, Smoothed Masked Seq Loss: 0.3377, Smoothed Unmasked Seq Loss: 0.2254
Step [19000/100000.0], Smoothed Training Loss: 0.3354, Smoothed Validation Loss: 0.3303, Smoothed Masked Seq Loss: 0.3303, Smoothed Unmasked Seq Loss: 0.2223
Step [19250/100000.0], Smoothed Training Loss: 0.3441, Smoothed Validation Loss: 0.3361, Smoothed Masked Seq Loss: 0.3361, Smoothed Unmasked Seq Loss: 0.2263
Step [19500/100000.0], Smoothed Training Loss: 0.3363, Smoothed Validation Loss: 0.3426, Smoothed Masked Seq Loss: 0.3426, Smoothed Unmasked Seq Loss: 0.2204
Step [19750/100000.0], Smoothed Training Loss: 0.3311, Smoothed Validation Loss: 0.3267, Smoothed Masked Seq Loss: 0.3267, Smoothed Unmasked Seq Loss: 0.2213
Step [20000/100000.0], Smoothed Training Loss: 0.3395, Smoothed Validation Loss: 0.3323, Smoothed Masked Seq Loss: 0.3323, Smoothed Unmasked Seq Loss: 0.2252
Step [20250/100000.0], Smoothed Training Loss: 0.3407, Smoothed Validation Loss: 0.3300, Smoothed Masked Seq Loss: 0.3300, Smoothed Unmasked Seq Loss: 0.2237
Step [20500/100000.0], Smoothed Training Loss: 0.3391, Smoothed Validation Loss: 0.3340, Smoothed Masked Seq Loss: 0.3340, Smoothed Unmasked Seq Loss: 0.2224
Step [20750/100000.0], Smoothed Training Loss: 0.3425, Smoothed Validation Loss: 0.3340, Smoothed Masked Seq Loss: 0.3340, Smoothed Unmasked Seq Loss: 0.2205
Step [21000/100000.0], Smoothed Training Loss: 0.3314, Smoothed Validation Loss: 0.3262, Smoothed Masked Seq Loss: 0.3262, Smoothed Unmasked Seq Loss: 0.2196
Step [21250/100000.0], Smoothed Training Loss: 0.3346, Smoothed Validation Loss: 0.3244, Smoothed Masked Seq Loss: 0.3244, Smoothed Unmasked Seq Loss: 0.2196
Step [21500/100000.0], Smoothed Training Loss: 0.3245, Smoothed Validation Loss: 0.3295, Smoothed Masked Seq Loss: 0.3295, Smoothed Unmasked Seq Loss: 0.2217
Step [21750/100000.0], Smoothed Training Loss: 0.3332, Smoothed Validation Loss: 0.3266, Smoothed Masked Seq Loss: 0.3266, Smoothed Unmasked Seq Loss: 0.2193
Step [22000/100000.0], Smoothed Training Loss: 0.3288, Smoothed Validation Loss: 0.3252, Smoothed Masked Seq Loss: 0.3252, Smoothed Unmasked Seq Loss: 0.2182
Step [22250/100000.0], Smoothed Training Loss: 0.3465, Smoothed Validation Loss: 0.3346, Smoothed Masked Seq Loss: 0.3346, Smoothed Unmasked Seq Loss: 0.2176
Step [22500/100000.0], Smoothed Training Loss: 0.3357, Smoothed Validation Loss: 0.3343, Smoothed Masked Seq Loss: 0.3343, Smoothed Unmasked Seq Loss: 0.2162
Step [22750/100000.0], Smoothed Training Loss: 0.3261, Smoothed Validation Loss: 0.3237, Smoothed Masked Seq Loss: 0.3237, Smoothed Unmasked Seq Loss: 0.2142
Step [23000/100000.0], Smoothed Training Loss: 0.3298, Smoothed Validation Loss: 0.3162, Smoothed Masked Seq Loss: 0.3162, Smoothed Unmasked Seq Loss: 0.2114
Step [23250/100000.0], Smoothed Training Loss: 0.3202, Smoothed Validation Loss: 0.3319, Smoothed Masked Seq Loss: 0.3319, Smoothed Unmasked Seq Loss: 0.2155
Step [23500/100000.0], Smoothed Training Loss: 0.3206, Smoothed Validation Loss: 0.3311, Smoothed Masked Seq Loss: 0.3311, Smoothed Unmasked Seq Loss: 0.2141
Step [23750/100000.0], Smoothed Training Loss: 0.3289, Smoothed Validation Loss: 0.3269, Smoothed Masked Seq Loss: 0.3269, Smoothed Unmasked Seq Loss: 0.2169
Step [24000/100000.0], Smoothed Training Loss: 0.3373, Smoothed Validation Loss: 0.3272, Smoothed Masked Seq Loss: 0.3272, Smoothed Unmasked Seq Loss: 0.2150
Step [24250/100000.0], Smoothed Training Loss: 0.3246, Smoothed Validation Loss: 0.3205, Smoothed Masked Seq Loss: 0.3205, Smoothed Unmasked Seq Loss: 0.2182
Step [24500/100000.0], Smoothed Training Loss: 0.3235, Smoothed Validation Loss: 0.3163, Smoothed Masked Seq Loss: 0.3163, Smoothed Unmasked Seq Loss: 0.2180
Step [24750/100000.0], Smoothed Training Loss: 0.3285, Smoothed Validation Loss: 0.3178, Smoothed Masked Seq Loss: 0.3178, Smoothed Unmasked Seq Loss: 0.2205
Step [25000/100000.0], Smoothed Training Loss: 0.3308, Smoothed Validation Loss: 0.3224, Smoothed Masked Seq Loss: 0.3224, Smoothed Unmasked Seq Loss: 0.2146
Step [25250/100000.0], Smoothed Training Loss: 0.3248, Smoothed Validation Loss: 0.3266, Smoothed Masked Seq Loss: 0.3266, Smoothed Unmasked Seq Loss: 0.2151
Step [25500/100000.0], Smoothed Training Loss: 0.3263, Smoothed Validation Loss: 0.3219, Smoothed Masked Seq Loss: 0.3219, Smoothed Unmasked Seq Loss: 0.2201
Step [25750/100000.0], Smoothed Training Loss: 0.3213, Smoothed Validation Loss: 0.3199, Smoothed Masked Seq Loss: 0.3199, Smoothed Unmasked Seq Loss: 0.2123
Step [26000/100000.0], Smoothed Training Loss: 0.3211, Smoothed Validation Loss: 0.3231, Smoothed Masked Seq Loss: 0.3231, Smoothed Unmasked Seq Loss: 0.2120
Step [26250/100000.0], Smoothed Training Loss: 0.3258, Smoothed Validation Loss: 0.3175, Smoothed Masked Seq Loss: 0.3175, Smoothed Unmasked Seq Loss: 0.2151
Step [26500/100000.0], Smoothed Training Loss: 0.3157, Smoothed Validation Loss: 0.3312, Smoothed Masked Seq Loss: 0.3312, Smoothed Unmasked Seq Loss: 0.2121
Step [26750/100000.0], Smoothed Training Loss: 0.3270, Smoothed Validation Loss: 0.3145, Smoothed Masked Seq Loss: 0.3145, Smoothed Unmasked Seq Loss: 0.2120
Step [27000/100000.0], Smoothed Training Loss: 0.3217, Smoothed Validation Loss: 0.3174, Smoothed Masked Seq Loss: 0.3174, Smoothed Unmasked Seq Loss: 0.2148
Step [27250/100000.0], Smoothed Training Loss: 0.3203, Smoothed Validation Loss: 0.3111, Smoothed Masked Seq Loss: 0.3111, Smoothed Unmasked Seq Loss: 0.2110
Step [27500/100000.0], Smoothed Training Loss: 0.3223, Smoothed Validation Loss: 0.3188, Smoothed Masked Seq Loss: 0.3188, Smoothed Unmasked Seq Loss: 0.2094
Step [27750/100000.0], Smoothed Training Loss: 0.3186, Smoothed Validation Loss: 0.3154, Smoothed Masked Seq Loss: 0.3154, Smoothed Unmasked Seq Loss: 0.2062
Step [28000/100000.0], Smoothed Training Loss: 0.3309, Smoothed Validation Loss: 0.3154, Smoothed Masked Seq Loss: 0.3154, Smoothed Unmasked Seq Loss: 0.2112
Step [28250/100000.0], Smoothed Training Loss: 0.3164, Smoothed Validation Loss: 0.3161, Smoothed Masked Seq Loss: 0.3161, Smoothed Unmasked Seq Loss: 0.2099
Step [28500/100000.0], Smoothed Training Loss: 0.3240, Smoothed Validation Loss: 0.3141, Smoothed Masked Seq Loss: 0.3141, Smoothed Unmasked Seq Loss: 0.2111
Step [28750/100000.0], Smoothed Training Loss: 0.3112, Smoothed Validation Loss: 0.3174, Smoothed Masked Seq Loss: 0.3174, Smoothed Unmasked Seq Loss: 0.2118
Step [29000/100000.0], Smoothed Training Loss: 0.3265, Smoothed Validation Loss: 0.3106, Smoothed Masked Seq Loss: 0.3106, Smoothed Unmasked Seq Loss: 0.2076
Step [29250/100000.0], Smoothed Training Loss: 0.3169, Smoothed Validation Loss: 0.3180, Smoothed Masked Seq Loss: 0.3180, Smoothed Unmasked Seq Loss: 0.2084
Step [29500/100000.0], Smoothed Training Loss: 0.3195, Smoothed Validation Loss: 0.3155, Smoothed Masked Seq Loss: 0.3155, Smoothed Unmasked Seq Loss: 0.2095
Step [29750/100000.0], Smoothed Training Loss: 0.3204, Smoothed Validation Loss: 0.3161, Smoothed Masked Seq Loss: 0.3161, Smoothed Unmasked Seq Loss: 0.2086
Step [30000/100000.0], Smoothed Training Loss: 0.3130, Smoothed Validation Loss: 0.3140, Smoothed Masked Seq Loss: 0.3140, Smoothed Unmasked Seq Loss: 0.2069
Step [30250/100000.0], Smoothed Training Loss: 0.3189, Smoothed Validation Loss: 0.3121, Smoothed Masked Seq Loss: 0.3121, Smoothed Unmasked Seq Loss: 0.2099
Step [30500/100000.0], Smoothed Training Loss: 0.3200, Smoothed Validation Loss: 0.3135, Smoothed Masked Seq Loss: 0.3135, Smoothed Unmasked Seq Loss: 0.2092
Step [30750/100000.0], Smoothed Training Loss: 0.3127, Smoothed Validation Loss: 0.3114, Smoothed Masked Seq Loss: 0.3114, Smoothed Unmasked Seq Loss: 0.2073
Step [31000/100000.0], Smoothed Training Loss: 0.3163, Smoothed Validation Loss: 0.3174, Smoothed Masked Seq Loss: 0.3174, Smoothed Unmasked Seq Loss: 0.2134
Step [31250/100000.0], Smoothed Training Loss: 0.3197, Smoothed Validation Loss: 0.3132, Smoothed Masked Seq Loss: 0.3132, Smoothed Unmasked Seq Loss: 0.2104
Step [31500/100000.0], Smoothed Training Loss: 0.3142, Smoothed Validation Loss: 0.3142, Smoothed Masked Seq Loss: 0.3142, Smoothed Unmasked Seq Loss: 0.2091
Step [31750/100000.0], Smoothed Training Loss: 0.3185, Smoothed Validation Loss: 0.3190, Smoothed Masked Seq Loss: 0.3190, Smoothed Unmasked Seq Loss: 0.2093
Step [32000/100000.0], Smoothed Training Loss: 0.3126, Smoothed Validation Loss: 0.3115, Smoothed Masked Seq Loss: 0.3115, Smoothed Unmasked Seq Loss: 0.2070
Step [32250/100000.0], Smoothed Training Loss: 0.3186, Smoothed Validation Loss: 0.3154, Smoothed Masked Seq Loss: 0.3154, Smoothed Unmasked Seq Loss: 0.2081
Step [32500/100000.0], Smoothed Training Loss: 0.3212, Smoothed Validation Loss: 0.3167, Smoothed Masked Seq Loss: 0.3167, Smoothed Unmasked Seq Loss: 0.2126
Step [32750/100000.0], Smoothed Training Loss: 0.3072, Smoothed Validation Loss: 0.3178, Smoothed Masked Seq Loss: 0.3178, Smoothed Unmasked Seq Loss: 0.2080
Step [33000/100000.0], Smoothed Training Loss: 0.3109, Smoothed Validation Loss: 0.3068, Smoothed Masked Seq Loss: 0.3068, Smoothed Unmasked Seq Loss: 0.2096
Step [33250/100000.0], Smoothed Training Loss: 0.3131, Smoothed Validation Loss: 0.3128, Smoothed Masked Seq Loss: 0.3128, Smoothed Unmasked Seq Loss: 0.2113
Step [33500/100000.0], Smoothed Training Loss: 0.3069, Smoothed Validation Loss: 0.3039, Smoothed Masked Seq Loss: 0.3039, Smoothed Unmasked Seq Loss: 0.2079
Step [33750/100000.0], Smoothed Training Loss: 0.3103, Smoothed Validation Loss: 0.3064, Smoothed Masked Seq Loss: 0.3064, Smoothed Unmasked Seq Loss: 0.2084
Step [34000/100000.0], Smoothed Training Loss: 0.3062, Smoothed Validation Loss: 0.2992, Smoothed Masked Seq Loss: 0.2992, Smoothed Unmasked Seq Loss: 0.2069
Step [34250/100000.0], Smoothed Training Loss: 0.3214, Smoothed Validation Loss: 0.3067, Smoothed Masked Seq Loss: 0.3067, Smoothed Unmasked Seq Loss: 0.2118
Step [34500/100000.0], Smoothed Training Loss: 0.3070, Smoothed Validation Loss: 0.3120, Smoothed Masked Seq Loss: 0.3120, Smoothed Unmasked Seq Loss: 0.2052
Step [34750/100000.0], Smoothed Training Loss: 0.3143, Smoothed Validation Loss: 0.3066, Smoothed Masked Seq Loss: 0.3066, Smoothed Unmasked Seq Loss: 0.2056
Step [35000/100000.0], Smoothed Training Loss: 0.3143, Smoothed Validation Loss: 0.3061, Smoothed Masked Seq Loss: 0.3061, Smoothed Unmasked Seq Loss: 0.2089
Step [35250/100000.0], Smoothed Training Loss: 0.3032, Smoothed Validation Loss: 0.3095, Smoothed Masked Seq Loss: 0.3095, Smoothed Unmasked Seq Loss: 0.2097
Step [35500/100000.0], Smoothed Training Loss: 0.3178, Smoothed Validation Loss: 0.3070, Smoothed Masked Seq Loss: 0.3070, Smoothed Unmasked Seq Loss: 0.2099
Step [35750/100000.0], Smoothed Training Loss: 0.3122, Smoothed Validation Loss: 0.3063, Smoothed Masked Seq Loss: 0.3063, Smoothed Unmasked Seq Loss: 0.2082
Step [36000/100000.0], Smoothed Training Loss: 0.3025, Smoothed Validation Loss: 0.3037, Smoothed Masked Seq Loss: 0.3037, Smoothed Unmasked Seq Loss: 0.2044
Step [36250/100000.0], Smoothed Training Loss: 0.3112, Smoothed Validation Loss: 0.3053, Smoothed Masked Seq Loss: 0.3053, Smoothed Unmasked Seq Loss: 0.2128
Step [36500/100000.0], Smoothed Training Loss: 0.3057, Smoothed Validation Loss: 0.3050, Smoothed Masked Seq Loss: 0.3050, Smoothed Unmasked Seq Loss: 0.2106
Step [36750/100000.0], Smoothed Training Loss: 0.3126, Smoothed Validation Loss: 0.3045, Smoothed Masked Seq Loss: 0.3045, Smoothed Unmasked Seq Loss: 0.2068
Step [37000/100000.0], Smoothed Training Loss: 0.3071, Smoothed Validation Loss: 0.3050, Smoothed Masked Seq Loss: 0.3050, Smoothed Unmasked Seq Loss: 0.2085
Step [37250/100000.0], Smoothed Training Loss: 0.3119, Smoothed Validation Loss: 0.3104, Smoothed Masked Seq Loss: 0.3104, Smoothed Unmasked Seq Loss: 0.2043
Step [37500/100000.0], Smoothed Training Loss: 0.3042, Smoothed Validation Loss: 0.3040, Smoothed Masked Seq Loss: 0.3040, Smoothed Unmasked Seq Loss: 0.2052
Step [37750/100000.0], Smoothed Training Loss: 0.3127, Smoothed Validation Loss: 0.3073, Smoothed Masked Seq Loss: 0.3073, Smoothed Unmasked Seq Loss: 0.2073
Step [38000/100000.0], Smoothed Training Loss: 0.3023, Smoothed Validation Loss: 0.3062, Smoothed Masked Seq Loss: 0.3062, Smoothed Unmasked Seq Loss: 0.2043
Step [38250/100000.0], Smoothed Training Loss: 0.3063, Smoothed Validation Loss: 0.3060, Smoothed Masked Seq Loss: 0.3060, Smoothed Unmasked Seq Loss: 0.2052
Step [38500/100000.0], Smoothed Training Loss: 0.3002, Smoothed Validation Loss: 0.2953, Smoothed Masked Seq Loss: 0.2953, Smoothed Unmasked Seq Loss: 0.2043
Step [38750/100000.0], Smoothed Training Loss: 0.3036, Smoothed Validation Loss: 0.3068, Smoothed Masked Seq Loss: 0.3068, Smoothed Unmasked Seq Loss: 0.2064
Step [39000/100000.0], Smoothed Training Loss: 0.3063, Smoothed Validation Loss: 0.3099, Smoothed Masked Seq Loss: 0.3099, Smoothed Unmasked Seq Loss: 0.2031
Step [39250/100000.0], Smoothed Training Loss: 0.3044, Smoothed Validation Loss: 0.3019, Smoothed Masked Seq Loss: 0.3019, Smoothed Unmasked Seq Loss: 0.2029
Step [39500/100000.0], Smoothed Training Loss: 0.3075, Smoothed Validation Loss: 0.3149, Smoothed Masked Seq Loss: 0.3149, Smoothed Unmasked Seq Loss: 0.2048
Step [39750/100000.0], Smoothed Training Loss: 0.3013, Smoothed Validation Loss: 0.3046, Smoothed Masked Seq Loss: 0.3046, Smoothed Unmasked Seq Loss: 0.2029
Step [40000/100000.0], Smoothed Training Loss: 0.3040, Smoothed Validation Loss: 0.2993, Smoothed Masked Seq Loss: 0.2993, Smoothed Unmasked Seq Loss: 0.2021
Step [40250/100000.0], Smoothed Training Loss: 0.3103, Smoothed Validation Loss: 0.2978, Smoothed Masked Seq Loss: 0.2978, Smoothed Unmasked Seq Loss: 0.2023
Step [40500/100000.0], Smoothed Training Loss: 0.3035, Smoothed Validation Loss: 0.3056, Smoothed Masked Seq Loss: 0.3056, Smoothed Unmasked Seq Loss: 0.2068
Step [40750/100000.0], Smoothed Training Loss: 0.3001, Smoothed Validation Loss: 0.3008, Smoothed Masked Seq Loss: 0.3008, Smoothed Unmasked Seq Loss: 0.2021
Step [41000/100000.0], Smoothed Training Loss: 0.3065, Smoothed Validation Loss: 0.3037, Smoothed Masked Seq Loss: 0.3037, Smoothed Unmasked Seq Loss: 0.2048
Step [41250/100000.0], Smoothed Training Loss: 0.3021, Smoothed Validation Loss: 0.3082, Smoothed Masked Seq Loss: 0.3082, Smoothed Unmasked Seq Loss: 0.2040
Step [41500/100000.0], Smoothed Training Loss: 0.3050, Smoothed Validation Loss: 0.3029, Smoothed Masked Seq Loss: 0.3029, Smoothed Unmasked Seq Loss: 0.2025
Step [41750/100000.0], Smoothed Training Loss: 0.3100, Smoothed Validation Loss: 0.2953, Smoothed Masked Seq Loss: 0.2953, Smoothed Unmasked Seq Loss: 0.2045
Step [42000/100000.0], Smoothed Training Loss: 0.3084, Smoothed Validation Loss: 0.2998, Smoothed Masked Seq Loss: 0.2998, Smoothed Unmasked Seq Loss: 0.2031
Step [42250/100000.0], Smoothed Training Loss: 0.2988, Smoothed Validation Loss: 0.2962, Smoothed Masked Seq Loss: 0.2962, Smoothed Unmasked Seq Loss: 0.2015
Step [42500/100000.0], Smoothed Training Loss: 0.2995, Smoothed Validation Loss: 0.3021, Smoothed Masked Seq Loss: 0.3021, Smoothed Unmasked Seq Loss: 0.2044
Step [42750/100000.0], Smoothed Training Loss: 0.3003, Smoothed Validation Loss: 0.2970, Smoothed Masked Seq Loss: 0.2970, Smoothed Unmasked Seq Loss: 0.2016
Step [43000/100000.0], Smoothed Training Loss: 0.3004, Smoothed Validation Loss: 0.2977, Smoothed Masked Seq Loss: 0.2977, Smoothed Unmasked Seq Loss: 0.2028
Step [43250/100000.0], Smoothed Training Loss: 0.3036, Smoothed Validation Loss: 0.3060, Smoothed Masked Seq Loss: 0.3060, Smoothed Unmasked Seq Loss: 0.2022
Step [43500/100000.0], Smoothed Training Loss: 0.2985, Smoothed Validation Loss: 0.3079, Smoothed Masked Seq Loss: 0.3079, Smoothed Unmasked Seq Loss: 0.2019
Step [43750/100000.0], Smoothed Training Loss: 0.2979, Smoothed Validation Loss: 0.3069, Smoothed Masked Seq Loss: 0.3069, Smoothed Unmasked Seq Loss: 0.2045
Step [44000/100000.0], Smoothed Training Loss: 0.2971, Smoothed Validation Loss: 0.2975, Smoothed Masked Seq Loss: 0.2975, Smoothed Unmasked Seq Loss: 0.2023
Step [44250/100000.0], Smoothed Training Loss: 0.3043, Smoothed Validation Loss: 0.3040, Smoothed Masked Seq Loss: 0.3040, Smoothed Unmasked Seq Loss: 0.2029
Step [44500/100000.0], Smoothed Training Loss: 0.3007, Smoothed Validation Loss: 0.3046, Smoothed Masked Seq Loss: 0.3046, Smoothed Unmasked Seq Loss: 0.2025
Step [44750/100000.0], Smoothed Training Loss: 0.2972, Smoothed Validation Loss: 0.2972, Smoothed Masked Seq Loss: 0.2972, Smoothed Unmasked Seq Loss: 0.2016
Step [45000/100000.0], Smoothed Training Loss: 0.3010, Smoothed Validation Loss: 0.2948, Smoothed Masked Seq Loss: 0.2948, Smoothed Unmasked Seq Loss: 0.2036
Step [45250/100000.0], Smoothed Training Loss: 0.2965, Smoothed Validation Loss: 0.2962, Smoothed Masked Seq Loss: 0.2962, Smoothed Unmasked Seq Loss: 0.2004
Step [45500/100000.0], Smoothed Training Loss: 0.3019, Smoothed Validation Loss: 0.2946, Smoothed Masked Seq Loss: 0.2946, Smoothed Unmasked Seq Loss: 0.2012
Step [45750/100000.0], Smoothed Training Loss: 0.3007, Smoothed Validation Loss: 0.2957, Smoothed Masked Seq Loss: 0.2957, Smoothed Unmasked Seq Loss: 0.2007
Step [46000/100000.0], Smoothed Training Loss: 0.3019, Smoothed Validation Loss: 0.3066, Smoothed Masked Seq Loss: 0.3066, Smoothed Unmasked Seq Loss: 0.2044
Step [46250/100000.0], Smoothed Training Loss: 0.3038, Smoothed Validation Loss: 0.2998, Smoothed Masked Seq Loss: 0.2998, Smoothed Unmasked Seq Loss: 0.2011
Step [46500/100000.0], Smoothed Training Loss: 0.2998, Smoothed Validation Loss: 0.2940, Smoothed Masked Seq Loss: 0.2940, Smoothed Unmasked Seq Loss: 0.2027
Step [46750/100000.0], Smoothed Training Loss: 0.2948, Smoothed Validation Loss: 0.2937, Smoothed Masked Seq Loss: 0.2937, Smoothed Unmasked Seq Loss: 0.2001
Step [47000/100000.0], Smoothed Training Loss: 0.2988, Smoothed Validation Loss: 0.2923, Smoothed Masked Seq Loss: 0.2923, Smoothed Unmasked Seq Loss: 0.2013
Step [47250/100000.0], Smoothed Training Loss: 0.2942, Smoothed Validation Loss: 0.2951, Smoothed Masked Seq Loss: 0.2951, Smoothed Unmasked Seq Loss: 0.2049
Step [47500/100000.0], Smoothed Training Loss: 0.2952, Smoothed Validation Loss: 0.2996, Smoothed Masked Seq Loss: 0.2996, Smoothed Unmasked Seq Loss: 0.2028
Step [47750/100000.0], Smoothed Training Loss: 0.2943, Smoothed Validation Loss: 0.2963, Smoothed Masked Seq Loss: 0.2963, Smoothed Unmasked Seq Loss: 0.2007
Step [48000/100000.0], Smoothed Training Loss: 0.3019, Smoothed Validation Loss: 0.2960, Smoothed Masked Seq Loss: 0.2960, Smoothed Unmasked Seq Loss: 0.2037
Step [48250/100000.0], Smoothed Training Loss: 0.2965, Smoothed Validation Loss: 0.2947, Smoothed Masked Seq Loss: 0.2947, Smoothed Unmasked Seq Loss: 0.2030
Step [48500/100000.0], Smoothed Training Loss: 0.2952, Smoothed Validation Loss: 0.3016, Smoothed Masked Seq Loss: 0.3016, Smoothed Unmasked Seq Loss: 0.2032
Step [48750/100000.0], Smoothed Training Loss: 0.3035, Smoothed Validation Loss: 0.3070, Smoothed Masked Seq Loss: 0.3070, Smoothed Unmasked Seq Loss: 0.2009
Step [49000/100000.0], Smoothed Training Loss: 0.2946, Smoothed Validation Loss: 0.2950, Smoothed Masked Seq Loss: 0.2950, Smoothed Unmasked Seq Loss: 0.2028
Step [49250/100000.0], Smoothed Training Loss: 0.2993, Smoothed Validation Loss: 0.2989, Smoothed Masked Seq Loss: 0.2989, Smoothed Unmasked Seq Loss: 0.2009
Step [49500/100000.0], Smoothed Training Loss: 0.3012, Smoothed Validation Loss: 0.2968, Smoothed Masked Seq Loss: 0.2968, Smoothed Unmasked Seq Loss: 0.1989
Step [49750/100000.0], Smoothed Training Loss: 0.3065, Smoothed Validation Loss: 0.2988, Smoothed Masked Seq Loss: 0.2988, Smoothed Unmasked Seq Loss: 0.2047
Step [50000/100000.0], Smoothed Training Loss: 0.2981, Smoothed Validation Loss: 0.3031, Smoothed Masked Seq Loss: 0.3031, Smoothed Unmasked Seq Loss: 0.1994
Step [50250/100000.0], Smoothed Training Loss: 0.2964, Smoothed Validation Loss: 0.2962, Smoothed Masked Seq Loss: 0.2962, Smoothed Unmasked Seq Loss: 0.1985
Step [50500/100000.0], Smoothed Training Loss: 0.2946, Smoothed Validation Loss: 0.2953, Smoothed Masked Seq Loss: 0.2953, Smoothed Unmasked Seq Loss: 0.1997
Step [50750/100000.0], Smoothed Training Loss: 0.2998, Smoothed Validation Loss: 0.2994, Smoothed Masked Seq Loss: 0.2994, Smoothed Unmasked Seq Loss: 0.1993
Step [51000/100000.0], Smoothed Training Loss: 0.2948, Smoothed Validation Loss: 0.2957, Smoothed Masked Seq Loss: 0.2957, Smoothed Unmasked Seq Loss: 0.2015
Step [51250/100000.0], Smoothed Training Loss: 0.2925, Smoothed Validation Loss: 0.2939, Smoothed Masked Seq Loss: 0.2939, Smoothed Unmasked Seq Loss: 0.1964
Step [51500/100000.0], Smoothed Training Loss: 0.2943, Smoothed Validation Loss: 0.3004, Smoothed Masked Seq Loss: 0.3004, Smoothed Unmasked Seq Loss: 0.2027
Step [51750/100000.0], Smoothed Training Loss: 0.3020, Smoothed Validation Loss: 0.2933, Smoothed Masked Seq Loss: 0.2933, Smoothed Unmasked Seq Loss: 0.2009
Step [52000/100000.0], Smoothed Training Loss: 0.2975, Smoothed Validation Loss: 0.2951, Smoothed Masked Seq Loss: 0.2951, Smoothed Unmasked Seq Loss: 0.2006
Step [52250/100000.0], Smoothed Training Loss: 0.2989, Smoothed Validation Loss: 0.2912, Smoothed Masked Seq Loss: 0.2912, Smoothed Unmasked Seq Loss: 0.2009
Step [52500/100000.0], Smoothed Training Loss: 0.2944, Smoothed Validation Loss: 0.2960, Smoothed Masked Seq Loss: 0.2960, Smoothed Unmasked Seq Loss: 0.2057
Step [52750/100000.0], Smoothed Training Loss: 0.2894, Smoothed Validation Loss: 0.2943, Smoothed Masked Seq Loss: 0.2943, Smoothed Unmasked Seq Loss: 0.2001
Step [53000/100000.0], Smoothed Training Loss: 0.2934, Smoothed Validation Loss: 0.2951, Smoothed Masked Seq Loss: 0.2951, Smoothed Unmasked Seq Loss: 0.1988
Step [53250/100000.0], Smoothed Training Loss: 0.2932, Smoothed Validation Loss: 0.2995, Smoothed Masked Seq Loss: 0.2995, Smoothed Unmasked Seq Loss: 0.1987
Step [53500/100000.0], Smoothed Training Loss: 0.2839, Smoothed Validation Loss: 0.2885, Smoothed Masked Seq Loss: 0.2885, Smoothed Unmasked Seq Loss: 0.1984
Step [53750/100000.0], Smoothed Training Loss: 0.2955, Smoothed Validation Loss: 0.2946, Smoothed Masked Seq Loss: 0.2946, Smoothed Unmasked Seq Loss: 0.1993
Step [54000/100000.0], Smoothed Training Loss: 0.2918, Smoothed Validation Loss: 0.2887, Smoothed Masked Seq Loss: 0.2887, Smoothed Unmasked Seq Loss: 0.1977
Step [54250/100000.0], Smoothed Training Loss: 0.3009, Smoothed Validation Loss: 0.3000, Smoothed Masked Seq Loss: 0.3000, Smoothed Unmasked Seq Loss: 0.2043
Step [54500/100000.0], Smoothed Training Loss: 0.2972, Smoothed Validation Loss: 0.2938, Smoothed Masked Seq Loss: 0.2938, Smoothed Unmasked Seq Loss: 0.2013
Step [54750/100000.0], Smoothed Training Loss: 0.2967, Smoothed Validation Loss: 0.2978, Smoothed Masked Seq Loss: 0.2978, Smoothed Unmasked Seq Loss: 0.1978
Step [55000/100000.0], Smoothed Training Loss: 0.2962, Smoothed Validation Loss: 0.2934, Smoothed Masked Seq Loss: 0.2934, Smoothed Unmasked Seq Loss: 0.1968
Step [55250/100000.0], Smoothed Training Loss: 0.2925, Smoothed Validation Loss: 0.2926, Smoothed Masked Seq Loss: 0.2926, Smoothed Unmasked Seq Loss: 0.1996
Step [55500/100000.0], Smoothed Training Loss: 0.2927, Smoothed Validation Loss: 0.2897, Smoothed Masked Seq Loss: 0.2897, Smoothed Unmasked Seq Loss: 0.1987
Step [55750/100000.0], Smoothed Training Loss: 0.2967, Smoothed Validation Loss: 0.2955, Smoothed Masked Seq Loss: 0.2955, Smoothed Unmasked Seq Loss: 0.2013
Step [56000/100000.0], Smoothed Training Loss: 0.2967, Smoothed Validation Loss: 0.2934, Smoothed Masked Seq Loss: 0.2934, Smoothed Unmasked Seq Loss: 0.1961
Step [56250/100000.0], Smoothed Training Loss: 0.2926, Smoothed Validation Loss: 0.2942, Smoothed Masked Seq Loss: 0.2942, Smoothed Unmasked Seq Loss: 0.1993
Step [56500/100000.0], Smoothed Training Loss: 0.2961, Smoothed Validation Loss: 0.2931, Smoothed Masked Seq Loss: 0.2931, Smoothed Unmasked Seq Loss: 0.2021
Step [56750/100000.0], Smoothed Training Loss: 0.2878, Smoothed Validation Loss: 0.2932, Smoothed Masked Seq Loss: 0.2932, Smoothed Unmasked Seq Loss: 0.1996
Step [57000/100000.0], Smoothed Training Loss: 0.2986, Smoothed Validation Loss: 0.2894, Smoothed Masked Seq Loss: 0.2894, Smoothed Unmasked Seq Loss: 0.1979
Step [57250/100000.0], Smoothed Training Loss: 0.2985, Smoothed Validation Loss: 0.2895, Smoothed Masked Seq Loss: 0.2895, Smoothed Unmasked Seq Loss: 0.1979
Step [57500/100000.0], Smoothed Training Loss: 0.2960, Smoothed Validation Loss: 0.2938, Smoothed Masked Seq Loss: 0.2938, Smoothed Unmasked Seq Loss: 0.1991
Step [57750/100000.0], Smoothed Training Loss: 0.2939, Smoothed Validation Loss: 0.2885, Smoothed Masked Seq Loss: 0.2885, Smoothed Unmasked Seq Loss: 0.1975
Step [58000/100000.0], Smoothed Training Loss: 0.2909, Smoothed Validation Loss: 0.2894, Smoothed Masked Seq Loss: 0.2894, Smoothed Unmasked Seq Loss: 0.2000
Step [58250/100000.0], Smoothed Training Loss: 0.2895, Smoothed Validation Loss: 0.2904, Smoothed Masked Seq Loss: 0.2904, Smoothed Unmasked Seq Loss: 0.1995
Step [58500/100000.0], Smoothed Training Loss: 0.2921, Smoothed Validation Loss: 0.2947, Smoothed Masked Seq Loss: 0.2947, Smoothed Unmasked Seq Loss: 0.1992
Step [58750/100000.0], Smoothed Training Loss: 0.2906, Smoothed Validation Loss: 0.2995, Smoothed Masked Seq Loss: 0.2995, Smoothed Unmasked Seq Loss: 0.1998
Step [59000/100000.0], Smoothed Training Loss: 0.2969, Smoothed Validation Loss: 0.2916, Smoothed Masked Seq Loss: 0.2916, Smoothed Unmasked Seq Loss: 0.1979
Step [59250/100000.0], Smoothed Training Loss: 0.2930, Smoothed Validation Loss: 0.2926, Smoothed Masked Seq Loss: 0.2926, Smoothed Unmasked Seq Loss: 0.1997
Step [59500/100000.0], Smoothed Training Loss: 0.2886, Smoothed Validation Loss: 0.2936, Smoothed Masked Seq Loss: 0.2936, Smoothed Unmasked Seq Loss: 0.1962
Step [59750/100000.0], Smoothed Training Loss: 0.2968, Smoothed Validation Loss: 0.2864, Smoothed Masked Seq Loss: 0.2864, Smoothed Unmasked Seq Loss: 0.1990
Step [60000/100000.0], Smoothed Training Loss: 0.2880, Smoothed Validation Loss: 0.2954, Smoothed Masked Seq Loss: 0.2954, Smoothed Unmasked Seq Loss: 0.1969
Step [60250/100000.0], Smoothed Training Loss: 0.2970, Smoothed Validation Loss: 0.2955, Smoothed Masked Seq Loss: 0.2955, Smoothed Unmasked Seq Loss: 0.1982
Step [60500/100000.0], Smoothed Training Loss: 0.2971, Smoothed Validation Loss: 0.2875, Smoothed Masked Seq Loss: 0.2875, Smoothed Unmasked Seq Loss: 0.2004
Step [60750/100000.0], Smoothed Training Loss: 0.2898, Smoothed Validation Loss: 0.2899, Smoothed Masked Seq Loss: 0.2899, Smoothed Unmasked Seq Loss: 0.1976
Step [61000/100000.0], Smoothed Training Loss: 0.2932, Smoothed Validation Loss: 0.2950, Smoothed Masked Seq Loss: 0.2950, Smoothed Unmasked Seq Loss: 0.1970
Step [61250/100000.0], Smoothed Training Loss: 0.2861, Smoothed Validation Loss: 0.2948, Smoothed Masked Seq Loss: 0.2948, Smoothed Unmasked Seq Loss: 0.1990
Step [61500/100000.0], Smoothed Training Loss: 0.2939, Smoothed Validation Loss: 0.2965, Smoothed Masked Seq Loss: 0.2965, Smoothed Unmasked Seq Loss: 0.1978
Step [61750/100000.0], Smoothed Training Loss: 0.2943, Smoothed Validation Loss: 0.2882, Smoothed Masked Seq Loss: 0.2882, Smoothed Unmasked Seq Loss: 0.1992
Step [62000/100000.0], Smoothed Training Loss: 0.2940, Smoothed Validation Loss: 0.2874, Smoothed Masked Seq Loss: 0.2874, Smoothed Unmasked Seq Loss: 0.1997
Step [62250/100000.0], Smoothed Training Loss: 0.2855, Smoothed Validation Loss: 0.2860, Smoothed Masked Seq Loss: 0.2860, Smoothed Unmasked Seq Loss: 0.1984
Step [62500/100000.0], Smoothed Training Loss: 0.2925, Smoothed Validation Loss: 0.2932, Smoothed Masked Seq Loss: 0.2932, Smoothed Unmasked Seq Loss: 0.1994
Step [62750/100000.0], Smoothed Training Loss: 0.2944, Smoothed Validation Loss: 0.2870, Smoothed Masked Seq Loss: 0.2870, Smoothed Unmasked Seq Loss: 0.2006
Step [63000/100000.0], Smoothed Training Loss: 0.2905, Smoothed Validation Loss: 0.2900, Smoothed Masked Seq Loss: 0.2900, Smoothed Unmasked Seq Loss: 0.2028
Step [63250/100000.0], Smoothed Training Loss: 0.2868, Smoothed Validation Loss: 0.2911, Smoothed Masked Seq Loss: 0.2911, Smoothed Unmasked Seq Loss: 0.1992
Step [63500/100000.0], Smoothed Training Loss: 0.2906, Smoothed Validation Loss: 0.2865, Smoothed Masked Seq Loss: 0.2865, Smoothed Unmasked Seq Loss: 0.2017
Step [63750/100000.0], Smoothed Training Loss: 0.2786, Smoothed Validation Loss: 0.2859, Smoothed Masked Seq Loss: 0.2859, Smoothed Unmasked Seq Loss: 0.1978
Step [64000/100000.0], Smoothed Training Loss: 0.2937, Smoothed Validation Loss: 0.2898, Smoothed Masked Seq Loss: 0.2898, Smoothed Unmasked Seq Loss: 0.1964
Step [64250/100000.0], Smoothed Training Loss: 0.2890, Smoothed Validation Loss: 0.2870, Smoothed Masked Seq Loss: 0.2870, Smoothed Unmasked Seq Loss: 0.1972
Step [64500/100000.0], Smoothed Training Loss: 0.2933, Smoothed Validation Loss: 0.2931, Smoothed Masked Seq Loss: 0.2931, Smoothed Unmasked Seq Loss: 0.1990
Step [64750/100000.0], Smoothed Training Loss: 0.2942, Smoothed Validation Loss: 0.2875, Smoothed Masked Seq Loss: 0.2875, Smoothed Unmasked Seq Loss: 0.1981
Step [65000/100000.0], Smoothed Training Loss: 0.2906, Smoothed Validation Loss: 0.2915, Smoothed Masked Seq Loss: 0.2915, Smoothed Unmasked Seq Loss: 0.2014
Step [65250/100000.0], Smoothed Training Loss: 0.2914, Smoothed Validation Loss: 0.2933, Smoothed Masked Seq Loss: 0.2933, Smoothed Unmasked Seq Loss: 0.1960
Step [65500/100000.0], Smoothed Training Loss: 0.2875, Smoothed Validation Loss: 0.2859, Smoothed Masked Seq Loss: 0.2859, Smoothed Unmasked Seq Loss: 0.1965
Step [65750/100000.0], Smoothed Training Loss: 0.2897, Smoothed Validation Loss: 0.2836, Smoothed Masked Seq Loss: 0.2836, Smoothed Unmasked Seq Loss: 0.1965
Step [66000/100000.0], Smoothed Training Loss: 0.2809, Smoothed Validation Loss: 0.2891, Smoothed Masked Seq Loss: 0.2891, Smoothed Unmasked Seq Loss: 0.1973
Step [66250/100000.0], Smoothed Training Loss: 0.2899, Smoothed Validation Loss: 0.2890, Smoothed Masked Seq Loss: 0.2890, Smoothed Unmasked Seq Loss: 0.1947
Step [66500/100000.0], Smoothed Training Loss: 0.2876, Smoothed Validation Loss: 0.2856, Smoothed Masked Seq Loss: 0.2856, Smoothed Unmasked Seq Loss: 0.1939
Step [66750/100000.0], Smoothed Training Loss: 0.2914, Smoothed Validation Loss: 0.2906, Smoothed Masked Seq Loss: 0.2906, Smoothed Unmasked Seq Loss: 0.1942
Step [67000/100000.0], Smoothed Training Loss: 0.2881, Smoothed Validation Loss: 0.2853, Smoothed Masked Seq Loss: 0.2853, Smoothed Unmasked Seq Loss: 0.1962
Step [67250/100000.0], Smoothed Training Loss: 0.2879, Smoothed Validation Loss: 0.2905, Smoothed Masked Seq Loss: 0.2905, Smoothed Unmasked Seq Loss: 0.1961
Step [67500/100000.0], Smoothed Training Loss: 0.2871, Smoothed Validation Loss: 0.2880, Smoothed Masked Seq Loss: 0.2880, Smoothed Unmasked Seq Loss: 0.1963
Step [67750/100000.0], Smoothed Training Loss: 0.2901, Smoothed Validation Loss: 0.2843, Smoothed Masked Seq Loss: 0.2843, Smoothed Unmasked Seq Loss: 0.1977
Step [68000/100000.0], Smoothed Training Loss: 0.2850, Smoothed Validation Loss: 0.2864, Smoothed Masked Seq Loss: 0.2864, Smoothed Unmasked Seq Loss: 0.1963
Step [68250/100000.0], Smoothed Training Loss: 0.2913, Smoothed Validation Loss: 0.2858, Smoothed Masked Seq Loss: 0.2858, Smoothed Unmasked Seq Loss: 0.1968
Step [68500/100000.0], Smoothed Training Loss: 0.2854, Smoothed Validation Loss: 0.2843, Smoothed Masked Seq Loss: 0.2843, Smoothed Unmasked Seq Loss: 0.1944
Step [68750/100000.0], Smoothed Training Loss: 0.2824, Smoothed Validation Loss: 0.2925, Smoothed Masked Seq Loss: 0.2925, Smoothed Unmasked Seq Loss: 0.1950
Step [69000/100000.0], Smoothed Training Loss: 0.2859, Smoothed Validation Loss: 0.2878, Smoothed Masked Seq Loss: 0.2878, Smoothed Unmasked Seq Loss: 0.1953
Step [69250/100000.0], Smoothed Training Loss: 0.2818, Smoothed Validation Loss: 0.2974, Smoothed Masked Seq Loss: 0.2974, Smoothed Unmasked Seq Loss: 0.1978
Step [69500/100000.0], Smoothed Training Loss: 0.2901, Smoothed Validation Loss: 0.2845, Smoothed Masked Seq Loss: 0.2845, Smoothed Unmasked Seq Loss: 0.1966
Step [69750/100000.0], Smoothed Training Loss: 0.2917, Smoothed Validation Loss: 0.2911, Smoothed Masked Seq Loss: 0.2911, Smoothed Unmasked Seq Loss: 0.1997
Step [70000/100000.0], Smoothed Training Loss: 0.2873, Smoothed Validation Loss: 0.2896, Smoothed Masked Seq Loss: 0.2896, Smoothed Unmasked Seq Loss: 0.1996
Step [70250/100000.0], Smoothed Training Loss: 0.2924, Smoothed Validation Loss: 0.2839, Smoothed Masked Seq Loss: 0.2839, Smoothed Unmasked Seq Loss: 0.1944
Step [70500/100000.0], Smoothed Training Loss: 0.2825, Smoothed Validation Loss: 0.2838, Smoothed Masked Seq Loss: 0.2838, Smoothed Unmasked Seq Loss: 0.1981
Step [70750/100000.0], Smoothed Training Loss: 0.2901, Smoothed Validation Loss: 0.2891, Smoothed Masked Seq Loss: 0.2891, Smoothed Unmasked Seq Loss: 0.1970
Step [71000/100000.0], Smoothed Training Loss: 0.2852, Smoothed Validation Loss: 0.2860, Smoothed Masked Seq Loss: 0.2860, Smoothed Unmasked Seq Loss: 0.1998
Step [71250/100000.0], Smoothed Training Loss: 0.2892, Smoothed Validation Loss: 0.2879, Smoothed Masked Seq Loss: 0.2879, Smoothed Unmasked Seq Loss: 0.1995
Step [71500/100000.0], Smoothed Training Loss: 0.2849, Smoothed Validation Loss: 0.2806, Smoothed Masked Seq Loss: 0.2806, Smoothed Unmasked Seq Loss: 0.1976
Step [71750/100000.0], Smoothed Training Loss: 0.2847, Smoothed Validation Loss: 0.2903, Smoothed Masked Seq Loss: 0.2903, Smoothed Unmasked Seq Loss: 0.1974
Step [72000/100000.0], Smoothed Training Loss: 0.2857, Smoothed Validation Loss: 0.2828, Smoothed Masked Seq Loss: 0.2828, Smoothed Unmasked Seq Loss: 0.1935
Step [72250/100000.0], Smoothed Training Loss: 0.2885, Smoothed Validation Loss: 0.2859, Smoothed Masked Seq Loss: 0.2859, Smoothed Unmasked Seq Loss: 0.1921
Step [72500/100000.0], Smoothed Training Loss: 0.2830, Smoothed Validation Loss: 0.2877, Smoothed Masked Seq Loss: 0.2877, Smoothed Unmasked Seq Loss: 0.1963
Step [72750/100000.0], Smoothed Training Loss: 0.2954, Smoothed Validation Loss: 0.2871, Smoothed Masked Seq Loss: 0.2871, Smoothed Unmasked Seq Loss: 0.1957
Step [73000/100000.0], Smoothed Training Loss: 0.2929, Smoothed Validation Loss: 0.2857, Smoothed Masked Seq Loss: 0.2857, Smoothed Unmasked Seq Loss: 0.1958
Step [73250/100000.0], Smoothed Training Loss: 0.2910, Smoothed Validation Loss: 0.2838, Smoothed Masked Seq Loss: 0.2838, Smoothed Unmasked Seq Loss: 0.1963
Step [73500/100000.0], Smoothed Training Loss: 0.2891, Smoothed Validation Loss: 0.2793, Smoothed Masked Seq Loss: 0.2793, Smoothed Unmasked Seq Loss: 0.1983
Step [73750/100000.0], Smoothed Training Loss: 0.2821, Smoothed Validation Loss: 0.2912, Smoothed Masked Seq Loss: 0.2912, Smoothed Unmasked Seq Loss: 0.1964
Step [74000/100000.0], Smoothed Training Loss: 0.2928, Smoothed Validation Loss: 0.2905, Smoothed Masked Seq Loss: 0.2905, Smoothed Unmasked Seq Loss: 0.2003
Step [74250/100000.0], Smoothed Training Loss: 0.2870, Smoothed Validation Loss: 0.2887, Smoothed Masked Seq Loss: 0.2887, Smoothed Unmasked Seq Loss: 0.1949
Step [74500/100000.0], Smoothed Training Loss: 0.2886, Smoothed Validation Loss: 0.2896, Smoothed Masked Seq Loss: 0.2896, Smoothed Unmasked Seq Loss: 0.1974
Step [74750/100000.0], Smoothed Training Loss: 0.2844, Smoothed Validation Loss: 0.2852, Smoothed Masked Seq Loss: 0.2852, Smoothed Unmasked Seq Loss: 0.1963
Step [75000/100000.0], Smoothed Training Loss: 0.2821, Smoothed Validation Loss: 0.2769, Smoothed Masked Seq Loss: 0.2769, Smoothed Unmasked Seq Loss: 0.1954
Step [75250/100000.0], Smoothed Training Loss: 0.2806, Smoothed Validation Loss: 0.2822, Smoothed Masked Seq Loss: 0.2822, Smoothed Unmasked Seq Loss: 0.1966
Step [75500/100000.0], Smoothed Training Loss: 0.2870, Smoothed Validation Loss: 0.2789, Smoothed Masked Seq Loss: 0.2789, Smoothed Unmasked Seq Loss: 0.1962
Step [75750/100000.0], Smoothed Training Loss: 0.2785, Smoothed Validation Loss: 0.2880, Smoothed Masked Seq Loss: 0.2880, Smoothed Unmasked Seq Loss: 0.1940
Step [76000/100000.0], Smoothed Training Loss: 0.2818, Smoothed Validation Loss: 0.2832, Smoothed Masked Seq Loss: 0.2832, Smoothed Unmasked Seq Loss: 0.1947
Step [76250/100000.0], Smoothed Training Loss: 0.2899, Smoothed Validation Loss: 0.2845, Smoothed Masked Seq Loss: 0.2845, Smoothed Unmasked Seq Loss: 0.1948
Step [76500/100000.0], Smoothed Training Loss: 0.2944, Smoothed Validation Loss: 0.2868, Smoothed Masked Seq Loss: 0.2868, Smoothed Unmasked Seq Loss: 0.1967
Step [76750/100000.0], Smoothed Training Loss: 0.2870, Smoothed Validation Loss: 0.2903, Smoothed Masked Seq Loss: 0.2903, Smoothed Unmasked Seq Loss: 0.1972
Step [77000/100000.0], Smoothed Training Loss: 0.2858, Smoothed Validation Loss: 0.2807, Smoothed Masked Seq Loss: 0.2807, Smoothed Unmasked Seq Loss: 0.1945
Step [77250/100000.0], Smoothed Training Loss: 0.2844, Smoothed Validation Loss: 0.2837, Smoothed Masked Seq Loss: 0.2837, Smoothed Unmasked Seq Loss: 0.1980
Step [77500/100000.0], Smoothed Training Loss: 0.2840, Smoothed Validation Loss: 0.2842, Smoothed Masked Seq Loss: 0.2842, Smoothed Unmasked Seq Loss: 0.1964
Step [77750/100000.0], Smoothed Training Loss: 0.2901, Smoothed Validation Loss: 0.2825, Smoothed Masked Seq Loss: 0.2825, Smoothed Unmasked Seq Loss: 0.1966
Step [78000/100000.0], Smoothed Training Loss: 0.2792, Smoothed Validation Loss: 0.2821, Smoothed Masked Seq Loss: 0.2821, Smoothed Unmasked Seq Loss: 0.1909
Step [78250/100000.0], Smoothed Training Loss: 0.2874, Smoothed Validation Loss: 0.2863, Smoothed Masked Seq Loss: 0.2863, Smoothed Unmasked Seq Loss: 0.1956
Step [78500/100000.0], Smoothed Training Loss: 0.2882, Smoothed Validation Loss: 0.2843, Smoothed Masked Seq Loss: 0.2843, Smoothed Unmasked Seq Loss: 0.1969
Step [78750/100000.0], Smoothed Training Loss: 0.2848, Smoothed Validation Loss: 0.2793, Smoothed Masked Seq Loss: 0.2793, Smoothed Unmasked Seq Loss: 0.1964
Step [79000/100000.0], Smoothed Training Loss: 0.2891, Smoothed Validation Loss: 0.2785, Smoothed Masked Seq Loss: 0.2785, Smoothed Unmasked Seq Loss: 0.1957
Step [79250/100000.0], Smoothed Training Loss: 0.2874, Smoothed Validation Loss: 0.2886, Smoothed Masked Seq Loss: 0.2886, Smoothed Unmasked Seq Loss: 0.1937
Step [79500/100000.0], Smoothed Training Loss: 0.2788, Smoothed Validation Loss: 0.2880, Smoothed Masked Seq Loss: 0.2880, Smoothed Unmasked Seq Loss: 0.1943
Step [79750/100000.0], Smoothed Training Loss: 0.2874, Smoothed Validation Loss: 0.2803, Smoothed Masked Seq Loss: 0.2803, Smoothed Unmasked Seq Loss: 0.1959
Step [80000/100000.0], Smoothed Training Loss: 0.2747, Smoothed Validation Loss: 0.2773, Smoothed Masked Seq Loss: 0.2773, Smoothed Unmasked Seq Loss: 0.1923
Step [80250/100000.0], Smoothed Training Loss: 0.2895, Smoothed Validation Loss: 0.2831, Smoothed Masked Seq Loss: 0.2831, Smoothed Unmasked Seq Loss: 0.1937
Step [80500/100000.0], Smoothed Training Loss: 0.2793, Smoothed Validation Loss: 0.2882, Smoothed Masked Seq Loss: 0.2882, Smoothed Unmasked Seq Loss: 0.1915
Step [80750/100000.0], Smoothed Training Loss: 0.2795, Smoothed Validation Loss: 0.2803, Smoothed Masked Seq Loss: 0.2803, Smoothed Unmasked Seq Loss: 0.1909
Step [81000/100000.0], Smoothed Training Loss: 0.2900, Smoothed Validation Loss: 0.2845, Smoothed Masked Seq Loss: 0.2845, Smoothed Unmasked Seq Loss: 0.1959
Step [81250/100000.0], Smoothed Training Loss: 0.2865, Smoothed Validation Loss: 0.2778, Smoothed Masked Seq Loss: 0.2778, Smoothed Unmasked Seq Loss: 0.1908
Step [81500/100000.0], Smoothed Training Loss: 0.2777, Smoothed Validation Loss: 0.2785, Smoothed Masked Seq Loss: 0.2785, Smoothed Unmasked Seq Loss: 0.1918
Step [81750/100000.0], Smoothed Training Loss: 0.2765, Smoothed Validation Loss: 0.2752, Smoothed Masked Seq Loss: 0.2752, Smoothed Unmasked Seq Loss: 0.1927
Step [82000/100000.0], Smoothed Training Loss: 0.2827, Smoothed Validation Loss: 0.2785, Smoothed Masked Seq Loss: 0.2785, Smoothed Unmasked Seq Loss: 0.1974
Step [82250/100000.0], Smoothed Training Loss: 0.2832, Smoothed Validation Loss: 0.2885, Smoothed Masked Seq Loss: 0.2885, Smoothed Unmasked Seq Loss: 0.1962
Step [82500/100000.0], Smoothed Training Loss: 0.2868, Smoothed Validation Loss: 0.2903, Smoothed Masked Seq Loss: 0.2903, Smoothed Unmasked Seq Loss: 0.1909
Step [82750/100000.0], Smoothed Training Loss: 0.2816, Smoothed Validation Loss: 0.2818, Smoothed Masked Seq Loss: 0.2818, Smoothed Unmasked Seq Loss: 0.1930
Step [83000/100000.0], Smoothed Training Loss: 0.2844, Smoothed Validation Loss: 0.2813, Smoothed Masked Seq Loss: 0.2813, Smoothed Unmasked Seq Loss: 0.1969
Step [83250/100000.0], Smoothed Training Loss: 0.2831, Smoothed Validation Loss: 0.2751, Smoothed Masked Seq Loss: 0.2751, Smoothed Unmasked Seq Loss: 0.1926
Step [83500/100000.0], Smoothed Training Loss: 0.2814, Smoothed Validation Loss: 0.2819, Smoothed Masked Seq Loss: 0.2819, Smoothed Unmasked Seq Loss: 0.1939
Step [83750/100000.0], Smoothed Training Loss: 0.2828, Smoothed Validation Loss: 0.2809, Smoothed Masked Seq Loss: 0.2809, Smoothed Unmasked Seq Loss: 0.1945
Step [84000/100000.0], Smoothed Training Loss: 0.2823, Smoothed Validation Loss: 0.2882, Smoothed Masked Seq Loss: 0.2882, Smoothed Unmasked Seq Loss: 0.1956
Step [84250/100000.0], Smoothed Training Loss: 0.2893, Smoothed Validation Loss: 0.2908, Smoothed Masked Seq Loss: 0.2908, Smoothed Unmasked Seq Loss: 0.1978
Step [84500/100000.0], Smoothed Training Loss: 0.2828, Smoothed Validation Loss: 0.2862, Smoothed Masked Seq Loss: 0.2862, Smoothed Unmasked Seq Loss: 0.1959
Step [84750/100000.0], Smoothed Training Loss: 0.2742, Smoothed Validation Loss: 0.2761, Smoothed Masked Seq Loss: 0.2761, Smoothed Unmasked Seq Loss: 0.1942
Step [85000/100000.0], Smoothed Training Loss: 0.2773, Smoothed Validation Loss: 0.2788, Smoothed Masked Seq Loss: 0.2788, Smoothed Unmasked Seq Loss: 0.1935
Step [85250/100000.0], Smoothed Training Loss: 0.2806, Smoothed Validation Loss: 0.2860, Smoothed Masked Seq Loss: 0.2860, Smoothed Unmasked Seq Loss: 0.1924
Step [85500/100000.0], Smoothed Training Loss: 0.2859, Smoothed Validation Loss: 0.2892, Smoothed Masked Seq Loss: 0.2892, Smoothed Unmasked Seq Loss: 0.1983
Step [85750/100000.0], Smoothed Training Loss: 0.2847, Smoothed Validation Loss: 0.2833, Smoothed Masked Seq Loss: 0.2833, Smoothed Unmasked Seq Loss: 0.1947
Step [86000/100000.0], Smoothed Training Loss: 0.2760, Smoothed Validation Loss: 0.2739, Smoothed Masked Seq Loss: 0.2739, Smoothed Unmasked Seq Loss: 0.1946
Step [86250/100000.0], Smoothed Training Loss: 0.2806, Smoothed Validation Loss: 0.2826, Smoothed Masked Seq Loss: 0.2826, Smoothed Unmasked Seq Loss: 0.1936
Step [86500/100000.0], Smoothed Training Loss: 0.2759, Smoothed Validation Loss: 0.2781, Smoothed Masked Seq Loss: 0.2781, Smoothed Unmasked Seq Loss: 0.1947
Step [86750/100000.0], Smoothed Training Loss: 0.2801, Smoothed Validation Loss: 0.2814, Smoothed Masked Seq Loss: 0.2814, Smoothed Unmasked Seq Loss: 0.1931
Step [87000/100000.0], Smoothed Training Loss: 0.2781, Smoothed Validation Loss: 0.2801, Smoothed Masked Seq Loss: 0.2801, Smoothed Unmasked Seq Loss: 0.1951
Step [87250/100000.0], Smoothed Training Loss: 0.2780, Smoothed Validation Loss: 0.2821, Smoothed Masked Seq Loss: 0.2821, Smoothed Unmasked Seq Loss: 0.1935
Step [87500/100000.0], Smoothed Training Loss: 0.2811, Smoothed Validation Loss: 0.2795, Smoothed Masked Seq Loss: 0.2795, Smoothed Unmasked Seq Loss: 0.1915
Step [87750/100000.0], Smoothed Training Loss: 0.2873, Smoothed Validation Loss: 0.2846, Smoothed Masked Seq Loss: 0.2846, Smoothed Unmasked Seq Loss: 0.1938
Step [88000/100000.0], Smoothed Training Loss: 0.2827, Smoothed Validation Loss: 0.2875, Smoothed Masked Seq Loss: 0.2875, Smoothed Unmasked Seq Loss: 0.1939
Step [88250/100000.0], Smoothed Training Loss: 0.2768, Smoothed Validation Loss: 0.2850, Smoothed Masked Seq Loss: 0.2850, Smoothed Unmasked Seq Loss: 0.1928
Step [88500/100000.0], Smoothed Training Loss: 0.2808, Smoothed Validation Loss: 0.2860, Smoothed Masked Seq Loss: 0.2860, Smoothed Unmasked Seq Loss: 0.1950
Step [88750/100000.0], Smoothed Training Loss: 0.2871, Smoothed Validation Loss: 0.2786, Smoothed Masked Seq Loss: 0.2786, Smoothed Unmasked Seq Loss: 0.1948
Step [89000/100000.0], Smoothed Training Loss: 0.2775, Smoothed Validation Loss: 0.2819, Smoothed Masked Seq Loss: 0.2819, Smoothed Unmasked Seq Loss: 0.1942
Step [89250/100000.0], Smoothed Training Loss: 0.2818, Smoothed Validation Loss: 0.2811, Smoothed Masked Seq Loss: 0.2811, Smoothed Unmasked Seq Loss: 0.1931
Step [89500/100000.0], Smoothed Training Loss: 0.2776, Smoothed Validation Loss: 0.2799, Smoothed Masked Seq Loss: 0.2799, Smoothed Unmasked Seq Loss: 0.1953
Step [89750/100000.0], Smoothed Training Loss: 0.2821, Smoothed Validation Loss: 0.2797, Smoothed Masked Seq Loss: 0.2797, Smoothed Unmasked Seq Loss: 0.1945
Step [90000/100000.0], Smoothed Training Loss: 0.2843, Smoothed Validation Loss: 0.2835, Smoothed Masked Seq Loss: 0.2835, Smoothed Unmasked Seq Loss: 0.1942
Step [90250/100000.0], Smoothed Training Loss: 0.2756, Smoothed Validation Loss: 0.2815, Smoothed Masked Seq Loss: 0.2815, Smoothed Unmasked Seq Loss: 0.1933
Step [90500/100000.0], Smoothed Training Loss: 0.2768, Smoothed Validation Loss: 0.2827, Smoothed Masked Seq Loss: 0.2827, Smoothed Unmasked Seq Loss: 0.1913
Step [90750/100000.0], Smoothed Training Loss: 0.2823, Smoothed Validation Loss: 0.2856, Smoothed Masked Seq Loss: 0.2856, Smoothed Unmasked Seq Loss: 0.1938
Step [91000/100000.0], Smoothed Training Loss: 0.2814, Smoothed Validation Loss: 0.2812, Smoothed Masked Seq Loss: 0.2812, Smoothed Unmasked Seq Loss: 0.1919
Step [91250/100000.0], Smoothed Training Loss: 0.2787, Smoothed Validation Loss: 0.2831, Smoothed Masked Seq Loss: 0.2831, Smoothed Unmasked Seq Loss: 0.1970
Step [91500/100000.0], Smoothed Training Loss: 0.2888, Smoothed Validation Loss: 0.2745, Smoothed Masked Seq Loss: 0.2745, Smoothed Unmasked Seq Loss: 0.1943
Step [91750/100000.0], Smoothed Training Loss: 0.2768, Smoothed Validation Loss: 0.2796, Smoothed Masked Seq Loss: 0.2796, Smoothed Unmasked Seq Loss: 0.1931
Step [92000/100000.0], Smoothed Training Loss: 0.2776, Smoothed Validation Loss: 0.2737, Smoothed Masked Seq Loss: 0.2737, Smoothed Unmasked Seq Loss: 0.1933
Step [92250/100000.0], Smoothed Training Loss: 0.2803, Smoothed Validation Loss: 0.2841, Smoothed Masked Seq Loss: 0.2841, Smoothed Unmasked Seq Loss: 0.1953
Step [92500/100000.0], Smoothed Training Loss: 0.2830, Smoothed Validation Loss: 0.2747, Smoothed Masked Seq Loss: 0.2747, Smoothed Unmasked Seq Loss: 0.1952
Step [92750/100000.0], Smoothed Training Loss: 0.2807, Smoothed Validation Loss: 0.2783, Smoothed Masked Seq Loss: 0.2783, Smoothed Unmasked Seq Loss: 0.1929
Step [93000/100000.0], Smoothed Training Loss: 0.2843, Smoothed Validation Loss: 0.2823, Smoothed Masked Seq Loss: 0.2823, Smoothed Unmasked Seq Loss: 0.1915
Step [93250/100000.0], Smoothed Training Loss: 0.2804, Smoothed Validation Loss: 0.2788, Smoothed Masked Seq Loss: 0.2788, Smoothed Unmasked Seq Loss: 0.1946
Step [93500/100000.0], Smoothed Training Loss: 0.2804, Smoothed Validation Loss: 0.2770, Smoothed Masked Seq Loss: 0.2770, Smoothed Unmasked Seq Loss: 0.1926
Step [93750/100000.0], Smoothed Training Loss: 0.2719, Smoothed Validation Loss: 0.2761, Smoothed Masked Seq Loss: 0.2761, Smoothed Unmasked Seq Loss: 0.1926
Step [94000/100000.0], Smoothed Training Loss: 0.2732, Smoothed Validation Loss: 0.2784, Smoothed Masked Seq Loss: 0.2784, Smoothed Unmasked Seq Loss: 0.1931
Step [94250/100000.0], Smoothed Training Loss: 0.2849, Smoothed Validation Loss: 0.2811, Smoothed Masked Seq Loss: 0.2811, Smoothed Unmasked Seq Loss: 0.1936
Step [94500/100000.0], Smoothed Training Loss: 0.2754, Smoothed Validation Loss: 0.2845, Smoothed Masked Seq Loss: 0.2845, Smoothed Unmasked Seq Loss: 0.1921
Step [94750/100000.0], Smoothed Training Loss: 0.2846, Smoothed Validation Loss: 0.2783, Smoothed Masked Seq Loss: 0.2783, Smoothed Unmasked Seq Loss: 0.1958
Step [95000/100000.0], Smoothed Training Loss: 0.2862, Smoothed Validation Loss: 0.2881, Smoothed Masked Seq Loss: 0.2881, Smoothed Unmasked Seq Loss: 0.1957
Step [95250/100000.0], Smoothed Training Loss: 0.2752, Smoothed Validation Loss: 0.2832, Smoothed Masked Seq Loss: 0.2832, Smoothed Unmasked Seq Loss: 0.1933
Step [95500/100000.0], Smoothed Training Loss: 0.2842, Smoothed Validation Loss: 0.2813, Smoothed Masked Seq Loss: 0.2813, Smoothed Unmasked Seq Loss: 0.1931
Step [95750/100000.0], Smoothed Training Loss: 0.2795, Smoothed Validation Loss: 0.2772, Smoothed Masked Seq Loss: 0.2772, Smoothed Unmasked Seq Loss: 0.1935
Step [96000/100000.0], Smoothed Training Loss: 0.2778, Smoothed Validation Loss: 0.2801, Smoothed Masked Seq Loss: 0.2801, Smoothed Unmasked Seq Loss: 0.1947
Step [96250/100000.0], Smoothed Training Loss: 0.2786, Smoothed Validation Loss: 0.2793, Smoothed Masked Seq Loss: 0.2793, Smoothed Unmasked Seq Loss: 0.1913
Step [96500/100000.0], Smoothed Training Loss: 0.2821, Smoothed Validation Loss: 0.2836, Smoothed Masked Seq Loss: 0.2836, Smoothed Unmasked Seq Loss: 0.1950
Step [96750/100000.0], Smoothed Training Loss: 0.2791, Smoothed Validation Loss: 0.2806, Smoothed Masked Seq Loss: 0.2806, Smoothed Unmasked Seq Loss: 0.1921
Step [97000/100000.0], Smoothed Training Loss: 0.2755, Smoothed Validation Loss: 0.2835, Smoothed Masked Seq Loss: 0.2835, Smoothed Unmasked Seq Loss: 0.1897
Step [97250/100000.0], Smoothed Training Loss: 0.2780, Smoothed Validation Loss: 0.2801, Smoothed Masked Seq Loss: 0.2801, Smoothed Unmasked Seq Loss: 0.1899
Step [97500/100000.0], Smoothed Training Loss: 0.2737, Smoothed Validation Loss: 0.2776, Smoothed Masked Seq Loss: 0.2776, Smoothed Unmasked Seq Loss: 0.1922
Step [97750/100000.0], Smoothed Training Loss: 0.2733, Smoothed Validation Loss: 0.2756, Smoothed Masked Seq Loss: 0.2756, Smoothed Unmasked Seq Loss: 0.1922
Step [98000/100000.0], Smoothed Training Loss: 0.2737, Smoothed Validation Loss: 0.2792, Smoothed Masked Seq Loss: 0.2792, Smoothed Unmasked Seq Loss: 0.1930
Step [98250/100000.0], Smoothed Training Loss: 0.2808, Smoothed Validation Loss: 0.2874, Smoothed Masked Seq Loss: 0.2874, Smoothed Unmasked Seq Loss: 0.1937
Step [98500/100000.0], Smoothed Training Loss: 0.2792, Smoothed Validation Loss: 0.2815, Smoothed Masked Seq Loss: 0.2815, Smoothed Unmasked Seq Loss: 0.1899
Step [98750/100000.0], Smoothed Training Loss: 0.2842, Smoothed Validation Loss: 0.2796, Smoothed Masked Seq Loss: 0.2796, Smoothed Unmasked Seq Loss: 0.1916
Step [99000/100000.0], Smoothed Training Loss: 0.2756, Smoothed Validation Loss: 0.2808, Smoothed Masked Seq Loss: 0.2808, Smoothed Unmasked Seq Loss: 0.1915
Step [99250/100000.0], Smoothed Training Loss: 0.2728, Smoothed Validation Loss: 0.2764, Smoothed Masked Seq Loss: 0.2764, Smoothed Unmasked Seq Loss: 0.1920
Step [99500/100000.0], Smoothed Training Loss: 0.2763, Smoothed Validation Loss: 0.2820, Smoothed Masked Seq Loss: 0.2820, Smoothed Unmasked Seq Loss: 0.1919
Step [99750/100000.0], Smoothed Training Loss: 0.2812, Smoothed Validation Loss: 0.2790, Smoothed Masked Seq Loss: 0.2790, Smoothed Unmasked Seq Loss: 0.1934
Project Root detected as: /var/lib/condor/execute/slot2/dir_518274/scratch/tweety_bert
Creating temporary directory: /var/lib/condor/execute/slot2/dir_518274/scratch/tweety_bert/temp_pretrain
Running command: /usr/local/bin/python /var/lib/condor/execute/slot2/dir_518274/scratch/tweety_bert/scripts/split_files_into_train_and_test.py /var/lib/condor/execute/slot2/dir_518274/scratch/files/3470165/all_wavs 20.0 --train_output /var/lib/condor/execute/slot2/dir_518274/scratch/tweety_bert/temp_pretrain/train_files.txt --test_output /var/lib/condor/execute/slot2/dir_518274/scratch/tweety_bert/temp_pretrain/test_files.txt --full_paths
Found 2372 training files and 593 testing files.
Created spectrogram directory: /var/lib/condor/execute/slot2/dir_518274/scratch/tweety_bert/temp_pretrain/train_dir
Created spectrogram directory: /var/lib/condor/execute/slot2/dir_518274/scratch/tweety_bert/temp_pretrain/test_dir
Running command: /usr/local/bin/python /var/lib/condor/execute/slot2/dir_518274/scratch/tweety_bert/src/spectogram_generator.py --file_list /var/lib/condor/execute/slot2/dir_518274/scratch/tweety_bert/temp_pretrain/train_files.txt --dst_dir /var/lib/condor/execute/slot2/dir_518274/scratch/tweety_bert/temp_pretrain/train_dir --step_size 86 --nfft 1024 --single_threaded false --song_detection_json_path None
Running command: /usr/local/bin/python /var/lib/condor/execute/slot2/dir_518274/scratch/tweety_bert/src/spectogram_generator.py --file_list /var/lib/condor/execute/slot2/dir_518274/scratch/tweety_bert/temp_pretrain/test_files.txt --dst_dir /var/lib/condor/execute/slot2/dir_518274/scratch/tweety_bert/temp_pretrain/test_dir --step_size 86 --nfft 1024 --single_threaded false --song_detection_json_path None

--- Step 5: Running TweetyBERT training ---
Running command: /usr/local/bin/python /var/lib/condor/execute/slot2/dir_518274/scratch/tweety_bert/src/TweetyBERT.py --experiment_name MyTweetyBERTModel --train_dir /var/lib/condor/execute/slot2/dir_518274/scratch/tweety_bert/temp_pretrain/train_dir --test_dir /var/lib/condor/execute/slot2/dir_518274/scratch/tweety_bert/temp_pretrain/test_dir --batch_size 32 --learning_rate 0.0003 --m 250 --context 1000 --early_stopping False --patience 32 --trailing_avg_window 200

--- Step 6: Saving file lists ---
Copied train and test file lists to: /var/lib/condor/execute/slot2/dir_518274/scratch/tweety_bert/experiments/MyTweetyBERTModel

--- Step 7: Cleaning up temporary directory ---
Deleted temporary directory and its contents: /var/lib/condor/execute/slot2/dir_518274/scratch/tweety_bert/temp_pretrain

--- Pretraining Pipeline Completed Successfully! ---
Starting process_directory
Reading file list from: /var/lib/condor/execute/slot2/dir_518274/scratch/tweety_bert/temp_decode/single_mode_files.txt
Found 100 files in the list.
Running in multi-threaded mode with 192 workers.
Total files processed: 100
Total files skipped due to errors or no vocalization data: 0
/var/lib/condor/execute/slot2/dir_518274/scratch/tweety_bert
samples per dataset: 500000
dataset /var/lib/condor/execute/slot2/dir_518274/scratch/tweety_bert/temp_decode/umap_specs exhausted after 376052 samples
vocalization arr shape (376052,)
predictions arr shape (376052, 196)
ground truth labels arr shape (376052,)
spec arr shape (376052, 196)
initializing umap reducer...
umap reducer (2 dims for visualization) initialized.
umap reducer (8 dims for clustering) initialized.
umap fitting for visualization complete. shape of embedding outputs: (376052, 2)
umap cluster fitting for clustering complete. shape of embedding outputs: (376052, 8)
discovered labels [-1  0  1  2  3  4  5  6  7  8  9 10 11 12 13 14 15 16 17 18 19 20 21 22]
hdbscan labels generated. unique labels found: [-1  0  1  2  3  4  5  6  7  8  9 10 11 12 13 14 15 16 17 18 19 20 21 22]
Number of classes: 23
Step 10: Train Loss 2.9001 FER = 79.10%, Val Loss = 2.8546
Step 20: Train Loss 2.5012 FER = 63.23%, Val Loss = 2.4929
Step 30: Train Loss 2.1134 FER = 59.07%, Val Loss = 2.1250
Step 40: Train Loss 1.6096 FER = 48.60%, Val Loss = 1.7407
Step 50: Train Loss 1.3311 FER = 36.83%, Val Loss = 1.3818
Step 60: Train Loss 0.9937 FER = 30.77%, Val Loss = 1.1281
Step 70: Train Loss 0.7644 FER = 24.34%, Val Loss = 0.8499
Step 80: Train Loss 0.4581 FER = 18.08%, Val Loss = 0.6972
Step 90: Train Loss 0.5044 FER = 16.06%, Val Loss = 0.6386
Step 100: Train Loss 0.5216 FER = 16.90%, Val Loss = 0.5412
Step 110: Train Loss 0.4517 FER = 16.15%, Val Loss = 0.5240
Step 120: Train Loss 0.2295 FER = 16.44%, Val Loss = 0.4981
Step 130: Train Loss 0.3470 FER = 15.59%, Val Loss = 0.4599
Step 140: Train Loss 0.4464 FER = 16.38%, Val Loss = 0.4786
Step 150: Train Loss 0.3627 FER = 15.68%, Val Loss = 0.4944
Step 160: Train Loss 0.2897 FER = 13.40%, Val Loss = 0.4185
Step 170: Train Loss 0.2432 FER = 10.49%, Val Loss = 0.3424
Step 180: Train Loss 0.2458 FER = 14.27%, Val Loss = 0.4022
Step 190: Train Loss 0.2672 FER = 13.74%, Val Loss = 0.4272
Step 200: Train Loss 0.1988 FER = 13.42%, Val Loss = 0.3497
Decoder state saved in experiments/Bird0_decoder_linear_decoder/decoder_state
Generated 76 spectrograms.
Running command: /usr/local/bin/python /var/lib/condor/execute/slot2/dir_518274/scratch/tweety_bert/src/spectogram_generator.py --file_list /var/lib/condor/execute/slot2/dir_518274/scratch/tweety_bert/temp_decode/single_mode_files.txt --dst_dir /var/lib/condor/execute/slot2/dir_518274/scratch/tweety_bert/temp_decode/umap_specs --song_detection_json_path None --nfft 1024 --single_threaded false
Running command: /usr/local/bin/python /var/lib/condor/execute/slot2/dir_518274/scratch/tweety_bert/figure_generation_scripts/dim_reduced_birdsong_plots.py --experiment_folder /var/lib/condor/execute/slot2/dir_518274/scratch/tweety_bert/experiments/MyTweetyBERTModel --save_name Bird0_decoder --samples 5e5 --raw_spectogram false --state_finding_algorithm HDBSCAN --context 1000 --data_dirs /var/lib/condor/execute/slot2/dir_518274/scratch/tweety_bert/temp_decode/umap_specs
Running command: /usr/local/bin/python /var/lib/condor/execute/slot2/dir_518274/scratch/tweety_bert/src/decoder.py --experiment_name MyTweetyBERTModel --bird_name Bird0_decoder --context_length 1000
Processed 117.wav
Processed 117.wav
Processed 98.wav
Processed 98.wav
Processed 14.wav
Processed 14.wav
Processed 38.wav
Processed 38.wav
Processed 1.wav
Processed 1.wav
Processed 111.wav
Processed 111.wav
Processed 127.wav
Processed 127.wav
Processed 32.wav
Processed 32.wav
Processed 47.wav
Processed 47.wav
Processed 75.wav
Processed 75.wav
Processed 54.wav
Processed 54.wav
Processed 66.wav
Processed 66.wav
Processed 115.wav
Processed 115.wav
Processed 81.wav
Processed 81.wav
Processed 68.wav
Processed 68.wav
Processed 16.wav
Processed 16.wav
Processed 46.wav
Processed 46.wav
Processed 96.wav
Processed 96.wav
Processed 103.wav
Processed 103.wav
Processed 78.wav
Processed 78.wav
Processed 74.wav
Processed 74.wav
Processed 56.wav
Processed 56.wav
Processed 106.wav
Processed 106.wav
Processed 116.wav
Processed 116.wav
Processed 131.wav
Processed 131.wav
Processed 76.wav
Processed 76.wav
Processed 69.wav
Processed 69.wav
Processed 39.wav
Processed 39.wav
Processed 130.wav
Processed 130.wav
Processed 55.wav
Processed 55.wav
Processed 33.wav
Processed 33.wav
Processed 45.wav
Processed 45.wav
Processed 101.wav
Processed 101.wav
Processed 7.wav
Processed 7.wav
Processed 36.wav
Processed 36.wav
Processed 107.wav
Processed 107.wav
Processed 5.wav
Processed 5.wav
Processed 28.wav
Processed 28.wav
Processed 23.wav
Processed 23.wav
Processed 93.wav
Processed 93.wav
Processed 71.wav
Processed 71.wav
Processed 31.wav
Processed 31.wav
Processed 19.wav
Processed 19.wav
Processed 30.wav
Processed 30.wav
Processed 9.wav
Processed 9.wav
Processed 24.wav
Processed 24.wav
Processed 27.wav
Processed 27.wav
Processed 97.wav
Processed 97.wav
Processed 77.wav
Processed 77.wav
Processed 113.wav
Processed 113.wav
Processed 42.wav
Processed 42.wav
Processed 87.wav
Processed 87.wav
Processed 20.wav
Processed 20.wav
Processed 133.wav
Processed 133.wav
Processed 34.wav
Processed 34.wav
Processed 110.wav
Processed 110.wav
Processed 25.wav
Processed 25.wav
Processed 82.wav
Processed 82.wav
Processed 21.wav
Processed 21.wav
Processed 70.wav
Processed 70.wav
Processed 89.wav
Processed 89.wav
Processed 128.wav
Processed 128.wav
Processed 118.wav
Processed 118.wav
Processed 0.wav
Processed 0.wav
Processed 85.wav
Processed 85.wav
Processed 67.wav
Processed 67.wav
Processed 65.wav
Processed 65.wav
Processed 10.wav
Processed 10.wav
Processed 63.wav
Processed 63.wav
Processed 112.wav
Processed 112.wav
Processed 114.wav
Processed 114.wav
Processed 8.wav
Processed 8.wav
Processed 64.wav
Processed 64.wav
Processed 91.wav
Processed 91.wav
Processed 4.wav
Processed 4.wav
Processed 134.wav
Processed 134.wav
Processed 58.wav
Processed 58.wav
Processed 92.wav
Processed 92.wav
Processed 60.wav
Processed 60.wav
Processed 104.wav
Processed 104.wav
Processed 90.wav
Processed 90.wav
Processed 26.wav
Processed 26.wav
Processed 94.wav
Processed 94.wav
Processed 105.wav
Processed 105.wav
Processed 86.wav
Processed 86.wav
Processed 37.wav
Processed 37.wav
Processed 40.wav
Processed 40.wav
Processed 17.wav
Processed 17.wav
Processed 129.wav
Processed 129.wav
Processed 49.wav
Processed 49.wav
Processed 35.wav
Processed 35.wav
Processed 2.wav
Processed 2.wav
Processed 125.wav
Processed 125.wav
Processed 99.wav
Processed 99.wav
Processed 22.wav
Processed 22.wav
Processed 88.wav
Processed 88.wav
Processed 122.wav
Processed 122.wav
Processed 126.wav
Processed 126.wav
Processed 108.wav
Processed 108.wav
Processed 41.wav
Processed 41.wav
Processed 18.wav
Processed 18.wav
Processed 72.wav
Processed 72.wav
Processed 43.wav
Processed 43.wav
Processed 3.wav
Processed 3.wav
Processed 13.wav
Processed 13.wav
Processed 51.wav
Processed 51.wav
Processed 132.wav
Processed 132.wav
Processed 61.wav
Processed 61.wav
Processed 124.wav
Processed 124.wav
Processed 44.wav
Processed 44.wav
Processed 48.wav
Processed 48.wav
Processed 120.wav
Processed 120.wav
Processed 83.wav
Processed 83.wav
Processed 100.wav
Processed 100.wav
Processed 119.wav
Processed 119.wav
Processed 50.wav
Processed 50.wav
Processed 15.wav
Processed 15.wav
Processed 121.wav
Processed 121.wav
Processed 52.wav
Processed 52.wav
Processed 73.wav
Processed 73.wav
Processed 102.wav
Processed 102.wav
Processed 12.wav
Processed 12.wav
Processed 62.wav
Processed 62.wav
Processed 84.wav
Processed 84.wav
Processed 59.wav
Processed 59.wav
Processed 53.wav
Processed 53.wav
Processed 11.wav
Processed 11.wav
Processed 123.wav
Processed 123.wav
Processed 6.wav
Processed 6.wav
Processed 57.wav
Processed 57.wav
Processed 95.wav
Processed 95.wav
Processed 29.wav
Processed 29.wav
Processed 109.wav
Processed 109.wav
Processed 79.wav
Processed 79.wav
Processed 80.wav
Processed 80.wav
Final results saved to /var/lib/condor/execute/slot2/dir_518274/scratch/tweety_bert/temp_song_detection_output/onset_offset_results.json
Attempting to merge 1 JSON files.
Successfully merged 135 unique entries into '/var/lib/condor/execute/slot2/dir_518274/scratch/tweety_bert/files/song_detection.json'
Running command: git clone https://github.com/georgevenven/tweety_net_song_detector.git /var/lib/condor/execute/slot2/dir_518274/scratch/tweety_bert/song_detector
Running command: /usr/local/bin/python /var/lib/condor/execute/slot2/dir_518274/scratch/tweety_bert/song_detector/src/inference.py --mode local_dir --input /var/lib/condor/execute/slot2/dir_518274/scratch/files/3470165/Bird0/Wave --output /var/lib/condor/execute/slot2/dir_518274/scratch/tweety_bert/temp_song_detection_output --step_size 86
Merge successful. Cleaning up temporary files.
Decoder state loaded from experiments/Bird0_decoder_linear_decoder/decoder_state
Segment 0 has fewer than 250 time bins and will be skipped.
Segment 0 has fewer than 250 time bins and will be skipped.
Segment 1 has fewer than 250 time bins and will be skipped.
Segment 0 has fewer than 250 time bins and will be skipped.
Segment 1 has fewer than 250 time bins and will be skipped.
Segment 2 has fewer than 250 time bins and will be skipped.
Segment 2 has fewer than 250 time bins and will be skipped.
Segment 0 has fewer than 250 time bins and will be skipped.
Segment 1 has fewer than 250 time bins and will be skipped.
Segment 1 has fewer than 250 time bins and will be skipped.
Segment 2 has fewer than 250 time bins and will be skipped.
Segment 1 has fewer than 250 time bins and will be skipped.
Segment 1 has fewer than 250 time bins and will be skipped.
Segment 1 has fewer than 250 time bins and will be skipped.
Segment 4 has fewer than 250 time bins and will be skipped.
Segment 2 has fewer than 250 time bins and will be skipped.
Segment 1 has fewer than 250 time bins and will be skipped.
Segment 0 has fewer than 250 time bins and will be skipped.
Segment 1 has fewer than 250 time bins and will be skipped.
Running command: /usr/local/bin/python /var/lib/condor/execute/slot2/dir_518274/scratch/tweety_bert/src/inference.py --bird_name Bird0_decoder --wav_dir /var/lib/condor/execute/slot2/dir_518274/scratch/files/3470165/Bird0/Wave --song_detection_json /var/lib/condor/execute/slot2/dir_518274/scratch/tweety_bert/files/Bird0_song_detection.json --apply_post_processing True --window_size 50 --visualize True
Starting process_directory
Reading file list from: /var/lib/condor/execute/slot2/dir_518274/scratch/tweety_bert/temp_decode/single_mode_files.txt
Found 100 files in the list.
Running in multi-threaded mode with 192 workers.
Total files processed: 100
Total files skipped due to errors or no vocalization data: 0
/var/lib/condor/execute/slot2/dir_518274/scratch/tweety_bert
samples per dataset: 500000
vocalization arr shape (508835,)
predictions arr shape (508835, 196)
ground truth labels arr shape (508835,)
spec arr shape (508835, 196)
initializing umap reducer...
umap reducer (2 dims for visualization) initialized.
umap reducer (8 dims for clustering) initialized.
umap fitting for visualization complete. shape of embedding outputs: (508835, 2)
umap cluster fitting for clustering complete. shape of embedding outputs: (508835, 8)
discovered labels [-1  0  1  2  3  4  5  6  7  8  9 10 11 12 13 14 15 16 17]
hdbscan labels generated. unique labels found: [-1  0  1  2  3  4  5  6  7  8  9 10 11 12 13 14 15 16 17]
Number of classes: 18
Step 10: Train Loss 2.5951 FER = 62.46%, Val Loss = 2.5398
Step 20: Train Loss 2.1308 FER = 51.11%, Val Loss = 2.0931
Step 30: Train Loss 1.6293 FER = 41.47%, Val Loss = 1.5386
Step 40: Train Loss 1.2493 FER = 28.32%, Val Loss = 1.1193
Step 50: Train Loss 0.8329 FER = 13.95%, Val Loss = 0.6847
Step 60: Train Loss 0.6252 FER = 13.58%, Val Loss = 0.5523
Step 70: Train Loss 0.4153 FER = 10.95%, Val Loss = 0.4095
Step 80: Train Loss 0.2113 FER = 7.97%, Val Loss = 0.2788
Step 90: Train Loss 0.2720 FER = 7.39%, Val Loss = 0.2845
Step 100: Train Loss 0.2349 FER = 6.70%, Val Loss = 0.2199
Step 110: Train Loss 0.3292 FER = 6.24%, Val Loss = 0.1984
Step 120: Train Loss 0.1849 FER = 5.09%, Val Loss = 0.1600
Step 130: Train Loss 0.1503 FER = 6.57%, Val Loss = 0.2354
Step 140: Train Loss 0.1589 FER = 5.12%, Val Loss = 0.1860
Step 150: Train Loss 0.2043 FER = 7.05%, Val Loss = 0.2111
Early stopping triggered
Decoder state saved in experiments/Bird1_decoder_linear_decoder/decoder_state
Generated 100 spectrograms.
Running command: /usr/local/bin/python /var/lib/condor/execute/slot2/dir_518274/scratch/tweety_bert/src/spectogram_generator.py --file_list /var/lib/condor/execute/slot2/dir_518274/scratch/tweety_bert/temp_decode/single_mode_files.txt --dst_dir /var/lib/condor/execute/slot2/dir_518274/scratch/tweety_bert/temp_decode/umap_specs --song_detection_json_path None --nfft 1024 --single_threaded false
Running command: /usr/local/bin/python /var/lib/condor/execute/slot2/dir_518274/scratch/tweety_bert/figure_generation_scripts/dim_reduced_birdsong_plots.py --experiment_folder /var/lib/condor/execute/slot2/dir_518274/scratch/tweety_bert/experiments/MyTweetyBERTModel --save_name Bird1_decoder --samples 5e5 --raw_spectogram false --state_finding_algorithm HDBSCAN --context 1000 --data_dirs /var/lib/condor/execute/slot2/dir_518274/scratch/tweety_bert/temp_decode/umap_specs
Running command: /usr/local/bin/python /var/lib/condor/execute/slot2/dir_518274/scratch/tweety_bert/src/decoder.py --experiment_name MyTweetyBERTModel --bird_name Bird1_decoder --context_length 1000
Processed 117.wav
Processed 117.wav
Processed 98.wav
Processed 98.wav
Processed 174.wav
Processed 174.wav
Processed 14.wav
Processed 14.wav
Processed 277.wav
Processed 277.wav
Processed 248.wav
Processed 248.wav
Processed 257.wav
Processed 257.wav
Processed 38.wav
Processed 38.wav
Processed 1.wav
Processed 1.wav
Processed 293.wav
Processed 293.wav
Processed 233.wav
Processed 233.wav
Processed 111.wav
Processed 111.wav
Processed 127.wav
Processed 127.wav
Processed 161.wav
Processed 161.wav
Processed 32.wav
Processed 32.wav
Processed 287.wav
Processed 287.wav
Processed 239.wav
Processed 239.wav
Processed 237.wav
Processed 237.wav
Processed 205.wav
Processed 205.wav
Processed 150.wav
Processed 150.wav
Processed 47.wav
Processed 47.wav
Processed 75.wav
Processed 75.wav
Processed 222.wav
Processed 222.wav
Processed 221.wav
Processed 221.wav
Processed 54.wav
Processed 54.wav
Processed 66.wav
Processed 66.wav
Processed 289.wav
Processed 289.wav
Processed 115.wav
Processed 115.wav
Processed 284.wav
Processed 284.wav
Processed 178.wav
Processed 178.wav
Processed 81.wav
Processed 81.wav
Processed 68.wav
Processed 68.wav
Processed 255.wav
Processed 255.wav
Processed 16.wav
Processed 16.wav
Processed 242.wav
Processed 242.wav
Processed 297.wav
Processed 297.wav
Processed 46.wav
Processed 46.wav
Processed 227.wav
Processed 227.wav
Processed 184.wav
Processed 184.wav
Processed 196.wav
Processed 196.wav
Processed 198.wav
Processed 198.wav
Processed 96.wav
Processed 96.wav
Processed 103.wav
Processed 103.wav
Processed 276.wav
Processed 276.wav
Processed 138.wav
Processed 138.wav
Processed 219.wav
Processed 219.wav
Processed 78.wav
Processed 78.wav
Processed 226.wav
Processed 226.wav
Processed 151.wav
Processed 151.wav
Processed 74.wav
Processed 74.wav
Processed 210.wav
Processed 210.wav
Processed 306.wav
Processed 306.wav
Processed 301.wav
Processed 301.wav
Processed 148.wav
Processed 148.wav
Processed 56.wav
Processed 56.wav
Processed 106.wav
Processed 106.wav
Processed 116.wav
Processed 116.wav
Processed 193.wav
Processed 193.wav
Processed 256.wav
Processed 256.wav
Processed 131.wav
Processed 131.wav
Processed 307.wav
Processed 307.wav
Processed 76.wav
Processed 76.wav
Processed 69.wav
Processed 69.wav
Processed 267.wav
Processed 267.wav
Processed 312.wav
Processed 312.wav
Processed 285.wav
Processed 285.wav
Processed 211.wav
Processed 211.wav
Processed 218.wav
Processed 218.wav
Processed 230.wav
Processed 230.wav
Processed 39.wav
Processed 39.wav
Processed 130.wav
Processed 130.wav
Processed 179.wav
Processed 179.wav
Processed 204.wav
Processed 204.wav
Processed 187.wav
Processed 187.wav
Processed 164.wav
Processed 164.wav
Processed 203.wav
Processed 203.wav
Processed 55.wav
Processed 55.wav
Processed 146.wav
Processed 146.wav
Processed 33.wav
Processed 33.wav
Processed 45.wav
Processed 45.wav
Processed 165.wav
Processed 165.wav
Processed 101.wav
Processed 101.wav
Processed 234.wav
Processed 234.wav
Processed 231.wav
Processed 231.wav
Processed 7.wav
Processed 7.wav
Processed 217.wav
Processed 217.wav
Processed 36.wav
Processed 36.wav
Processed 107.wav
Processed 107.wav
Processed 5.wav
Processed 5.wav
Processed 176.wav
Processed 176.wav
Processed 251.wav
Processed 251.wav
Processed 252.wav
Processed 252.wav
Processed 28.wav
Processed 28.wav
Processed 294.wav
Processed 294.wav
Processed 300.wav
Processed 300.wav
Processed 23.wav
Processed 23.wav
Processed 160.wav
Processed 160.wav
Processed 240.wav
Processed 240.wav
Processed 207.wav
Processed 207.wav
Processed 270.wav
Processed 270.wav
Processed 93.wav
Processed 93.wav
Processed 71.wav
Processed 71.wav
Processed 31.wav
Processed 31.wav
Processed 19.wav
Processed 19.wav
Processed 182.wav
Processed 182.wav
Processed 180.wav
Processed 180.wav
Processed 145.wav
Processed 145.wav
Processed 30.wav
Processed 30.wav
Processed 9.wav
Processed 9.wav
Processed 24.wav
Processed 24.wav
Processed 27.wav
Processed 27.wav
Processed 308.wav
Processed 308.wav
Processed 162.wav
Processed 162.wav
Processed 97.wav
Processed 97.wav
Processed 155.wav
Processed 155.wav
Processed 199.wav
Processed 199.wav
Processed 135.wav
Processed 135.wav
Processed 77.wav
Processed 77.wav
Processed 113.wav
Processed 113.wav
Processed 197.wav
Processed 197.wav
Processed 144.wav
Processed 144.wav
Processed 42.wav
Processed 42.wav
Processed 87.wav
Processed 87.wav
Processed 281.wav
Processed 281.wav
Processed 313.wav
Processed 313.wav
Processed 20.wav
Processed 20.wav
Processed 139.wav
Processed 139.wav
Processed 137.wav
Processed 137.wav
Processed 188.wav
Processed 188.wav
Processed 250.wav
Processed 250.wav
Processed 133.wav
Processed 133.wav
Processed 34.wav
Processed 34.wav
Processed 110.wav
Processed 110.wav
Processed 25.wav
Processed 25.wav
Processed 82.wav
Processed 82.wav
Processed 21.wav
Processed 21.wav
Processed 70.wav
Processed 70.wav
Processed 286.wav
Processed 286.wav
Processed 259.wav
Processed 259.wav
Processed 172.wav
Processed 172.wav
Processed 89.wav
Processed 89.wav
Processed 128.wav
Processed 128.wav
Processed 118.wav
Processed 118.wav
Processed 0.wav
Processed 0.wav
Processed 85.wav
Processed 85.wav
Processed 169.wav
Processed 169.wav
Processed 67.wav
Processed 67.wav
Processed 65.wav
Processed 65.wav
Processed 10.wav
Processed 10.wav
Processed 229.wav
Processed 229.wav
Processed 253.wav
Processed 253.wav
Processed 63.wav
Processed 63.wav
Processed 266.wav
Processed 266.wav
Processed 241.wav
Processed 241.wav
Processed 254.wav
Processed 254.wav
Processed 245.wav
Processed 245.wav
Processed 112.wav
Processed 112.wav
Processed 114.wav
Processed 114.wav
Processed 265.wav
Processed 265.wav
Processed 8.wav
Processed 8.wav
Processed 225.wav
Processed 225.wav
Processed 64.wav
Processed 64.wav
Processed 91.wav
Processed 91.wav
Processed 156.wav
Processed 156.wav
Processed 4.wav
Processed 4.wav
Processed 134.wav
Processed 134.wav
Processed 58.wav
Processed 58.wav
Processed 92.wav
Processed 92.wav
Processed 175.wav
Processed 175.wav
Processed 282.wav
Processed 282.wav
Processed 215.wav
Processed 215.wav
Processed 60.wav
Processed 60.wav
Processed 246.wav
Processed 246.wav
Processed 104.wav
Processed 104.wav
Processed 170.wav
Processed 170.wav
Processed 90.wav
Processed 90.wav
Processed 26.wav
Processed 26.wav
Processed 280.wav
Processed 280.wav
Processed 94.wav
Processed 94.wav
Processed 141.wav
Processed 141.wav
Processed 309.wav
Processed 309.wav
Processed 105.wav
Processed 105.wav
Processed 86.wav
Processed 86.wav
Processed 186.wav
Processed 186.wav
Processed 37.wav
Processed 37.wav
Processed 283.wav
Processed 283.wav
Processed 292.wav
Processed 292.wav
Processed 269.wav
Processed 269.wav
Processed 40.wav
Processed 40.wav
Processed 140.wav
Processed 140.wav
Processed 291.wav
Processed 291.wav
Processed 262.wav
Processed 262.wav
Processed 17.wav
Processed 17.wav
Processed 129.wav
Processed 129.wav
Processed 168.wav
Processed 168.wav
Processed 49.wav
Processed 49.wav
Processed 213.wav
Processed 213.wav
Processed 216.wav
Processed 216.wav
Processed 35.wav
Processed 35.wav
Processed 2.wav
Processed 2.wav
Processed 224.wav
Processed 224.wav
Processed 125.wav
Processed 125.wav
Processed 99.wav
Processed 99.wav
Processed 181.wav
Processed 181.wav
Processed 22.wav
Processed 22.wav
Processed 295.wav
Processed 295.wav
Processed 88.wav
Processed 88.wav
Processed 177.wav
Processed 177.wav
Processed 142.wav
Processed 142.wav
Processed 122.wav
Processed 122.wav
Processed 303.wav
Processed 303.wav
Processed 275.wav
Processed 275.wav
Processed 189.wav
Processed 189.wav
Processed 247.wav
Processed 247.wav
Processed 126.wav
Processed 126.wav
Processed 264.wav
Processed 264.wav
Processed 152.wav
Processed 152.wav
Processed 212.wav
Processed 212.wav
Processed 311.wav
Processed 311.wav
Processed 108.wav
Processed 108.wav
Processed 41.wav
Processed 41.wav
Processed 18.wav
Processed 18.wav
Processed 243.wav
Processed 243.wav
Processed 214.wav
Processed 214.wav
Processed 72.wav
Processed 72.wav
Processed 43.wav
Processed 43.wav
Processed 149.wav
Processed 149.wav
Processed 273.wav
Processed 273.wav
Processed 279.wav
Processed 279.wav
Processed 173.wav
Processed 173.wav
Processed 201.wav
Processed 201.wav
Processed 236.wav
Processed 236.wav
Processed 3.wav
Processed 3.wav
Processed 136.wav
Processed 136.wav
Processed 13.wav
Processed 13.wav
Processed 51.wav
Processed 51.wav
Processed 228.wav
Processed 228.wav
Processed 200.wav
Processed 200.wav
Processed 132.wav
Processed 132.wav
Processed 61.wav
Processed 61.wav
Processed 124.wav
Processed 124.wav
Processed 278.wav
Processed 278.wav
Processed 44.wav
Processed 44.wav
Processed 258.wav
Processed 258.wav
Processed 244.wav
Processed 244.wav
Processed 304.wav
Processed 304.wav
Processed 202.wav
Processed 202.wav
Processed 48.wav
Processed 48.wav
Processed 208.wav
Processed 208.wav
Processed 120.wav
Processed 120.wav
Processed 190.wav
Processed 190.wav
Processed 206.wav
Processed 206.wav
Processed 302.wav
Processed 302.wav
Processed 147.wav
Processed 147.wav
Processed 288.wav
Processed 288.wav
Processed 83.wav
Processed 83.wav
Processed 166.wav
Processed 166.wav
Processed 100.wav
Processed 100.wav
Processed 191.wav
Processed 191.wav
Processed 185.wav
Processed 185.wav
Processed 119.wav
Processed 119.wav
Processed 299.wav
Processed 299.wav
Processed 271.wav
Processed 271.wav
Processed 50.wav
Processed 50.wav
Processed 290.wav
Processed 290.wav
Processed 220.wav
Processed 220.wav
Processed 195.wav
Processed 195.wav
Processed 154.wav
Processed 154.wav
Processed 263.wav
Processed 263.wav
Processed 15.wav
Processed 15.wav
Processed 121.wav
Processed 121.wav
Processed 235.wav
Processed 235.wav
Processed 209.wav
Processed 209.wav
Processed 163.wav
Processed 163.wav
Processed 183.wav
Processed 183.wav
Processed 238.wav
Processed 238.wav
Processed 274.wav
Processed 274.wav
Processed 194.wav
Processed 194.wav
Processed 52.wav
Processed 52.wav
Processed 73.wav
Processed 73.wav
Processed 268.wav
Processed 268.wav
Processed 260.wav
Processed 260.wav
Processed 102.wav
Processed 102.wav
Processed 12.wav
Processed 12.wav
Processed 143.wav
Processed 143.wav
Processed 62.wav
Processed 62.wav
Processed 84.wav
Processed 84.wav
Processed 59.wav
Processed 59.wav
Processed 53.wav
Processed 53.wav
Processed 11.wav
Processed 11.wav
Processed 223.wav
Processed 223.wav
Processed 249.wav
Processed 249.wav
Processed 123.wav
Processed 123.wav
Processed 159.wav
Processed 159.wav
Processed 305.wav
Processed 305.wav
Processed 171.wav
Processed 171.wav
Processed 310.wav
Processed 310.wav
Processed 6.wav
Processed 6.wav
Processed 167.wav
Processed 167.wav
Processed 261.wav
Processed 261.wav
Processed 157.wav
Processed 157.wav
Processed 153.wav
Processed 153.wav
Processed 158.wav
Processed 158.wav
Processed 232.wav
Processed 232.wav
Processed 57.wav
Processed 57.wav
Processed 95.wav
Processed 95.wav
Processed 314.wav
Processed 314.wav
Processed 192.wav
Processed 192.wav
Processed 298.wav
Processed 298.wav
Processed 29.wav
Processed 29.wav
Processed 272.wav
Processed 272.wav
Processed 109.wav
Processed 109.wav
Processed 79.wav
Processed 79.wav
Processed 296.wav
Processed 296.wav
Processed 80.wav
Processed 80.wav
Final results saved to /var/lib/condor/execute/slot2/dir_518274/scratch/tweety_bert/temp_song_detection_output/onset_offset_results.json
Attempting to merge 1 JSON files.
Successfully merged 315 unique entries into '/var/lib/condor/execute/slot2/dir_518274/scratch/tweety_bert/files/song_detection.json'
Running command: /usr/local/bin/python /var/lib/condor/execute/slot2/dir_518274/scratch/tweety_bert/song_detector/src/inference.py --mode local_dir --input /var/lib/condor/execute/slot2/dir_518274/scratch/files/3470165/Bird1/Wave --output /var/lib/condor/execute/slot2/dir_518274/scratch/tweety_bert/temp_song_detection_output --step_size 86
Merge successful. Cleaning up temporary files.
Decoder state loaded from experiments/Bird1_decoder_linear_decoder/decoder_state
Segment 0 has fewer than 250 time bins and will be skipped.
Segment 1 has fewer than 250 time bins and will be skipped.
Segment 2 has fewer than 250 time bins and will be skipped.
Segment 1 has fewer than 250 time bins and will be skipped.
Segment 2 has fewer than 250 time bins and will be skipped.
Segment 0 has fewer than 250 time bins and will be skipped.
Segment 1 has fewer than 250 time bins and will be skipped.
Segment 1 has fewer than 250 time bins and will be skipped.
Segment 2 has fewer than 250 time bins and will be skipped.
Segment 2 has fewer than 250 time bins and will be skipped.
Segment 1 has fewer than 250 time bins and will be skipped.
Segment 1 has fewer than 250 time bins and will be skipped.
Segment 1 has fewer than 250 time bins and will be skipped.
Segment 0 has fewer than 250 time bins and will be skipped.
Segment 2 has fewer than 250 time bins and will be skipped.
Segment 4 has fewer than 250 time bins and will be skipped.
Segment 1 has fewer than 250 time bins and will be skipped.
Segment 2 has fewer than 250 time bins and will be skipped.
Segment 1 has fewer than 250 time bins and will be skipped.
Segment 0 has fewer than 250 time bins and will be skipped.
Segment 2 has fewer than 250 time bins and will be skipped.
Segment 1 has fewer than 250 time bins and will be skipped.
Segment 1 has fewer than 250 time bins and will be skipped.
Segment 2 has fewer than 250 time bins and will be skipped.
Segment 3 has fewer than 250 time bins and will be skipped.
Segment 1 has fewer than 250 time bins and will be skipped.
Segment 1 has fewer than 250 time bins and will be skipped.
Segment 1 has fewer than 250 time bins and will be skipped.
Segment 1 has fewer than 250 time bins and will be skipped.
Segment 0 has fewer than 250 time bins and will be skipped.
Segment 2 has fewer than 250 time bins and will be skipped.
Segment 2 has fewer than 250 time bins and will be skipped.
Segment 1 has fewer than 250 time bins and will be skipped.
Segment 3 has fewer than 250 time bins and will be skipped.
Segment 2 has fewer than 250 time bins and will be skipped.
Segment 1 has fewer than 250 time bins and will be skipped.
Segment 2 has fewer than 250 time bins and will be skipped.
Segment 1 has fewer than 250 time bins and will be skipped.
Segment 3 has fewer than 250 time bins and will be skipped.
Segment 2 has fewer than 250 time bins and will be skipped.
Segment 0 has fewer than 250 time bins and will be skipped.
Segment 1 has fewer than 250 time bins and will be skipped.
Segment 5 has fewer than 250 time bins and will be skipped.
Segment 2 has fewer than 250 time bins and will be skipped.
Segment 2 has fewer than 250 time bins and will be skipped.
Segment 1 has fewer than 250 time bins and will be skipped.
Segment 4 has fewer than 250 time bins and will be skipped.
Segment 1 has fewer than 250 time bins and will be skipped.
Segment 1 has fewer than 250 time bins and will be skipped.
Segment 1 has fewer than 250 time bins and will be skipped.
Segment 0 has fewer than 250 time bins and will be skipped.
Segment 1 has fewer than 250 time bins and will be skipped.
Segment 1 has fewer than 250 time bins and will be skipped.
Segment 2 has fewer than 250 time bins and will be skipped.
Segment 1 has fewer than 250 time bins and will be skipped.
Segment 1 has fewer than 250 time bins and will be skipped.
Segment 1 has fewer than 250 time bins and will be skipped.
Segment 0 has fewer than 250 time bins and will be skipped.
Segment 2 has fewer than 250 time bins and will be skipped.
Segment 2 has fewer than 250 time bins and will be skipped.
Segment 2 has fewer than 250 time bins and will be skipped.
Segment 0 has fewer than 250 time bins and will be skipped.
Segment 2 has fewer than 250 time bins and will be skipped.
Segment 1 has fewer than 250 time bins and will be skipped.
Segment 5 has fewer than 250 time bins and will be skipped.
Segment 0 has fewer than 250 time bins and will be skipped.
Segment 2 has fewer than 250 time bins and will be skipped.
Segment 0 has fewer than 250 time bins and will be skipped.
Segment 4 has fewer than 250 time bins and will be skipped.
Segment 8 has fewer than 250 time bins and will be skipped.
Segment 1 has fewer than 250 time bins and will be skipped.
Segment 0 has fewer than 250 time bins and will be skipped.
Segment 3 has fewer than 250 time bins and will be skipped.
Segment 1 has fewer than 250 time bins and will be skipped.
Segment 1 has fewer than 250 time bins and will be skipped.
Running command: /usr/local/bin/python /var/lib/condor/execute/slot2/dir_518274/scratch/tweety_bert/src/inference.py --bird_name Bird1_decoder --wav_dir /var/lib/condor/execute/slot2/dir_518274/scratch/files/3470165/Bird1/Wave --song_detection_json /var/lib/condor/execute/slot2/dir_518274/scratch/tweety_bert/files/Bird1_song_detection.json --apply_post_processing True --window_size 50 --visualize True
Starting process_directory
Reading file list from: /var/lib/condor/execute/slot2/dir_518274/scratch/tweety_bert/temp_decode/single_mode_files.txt
Found 100 files in the list.
Running in multi-threaded mode with 192 workers.
Total files processed: 100
Total files skipped due to errors or no vocalization data: 0
/var/lib/condor/execute/slot2/dir_518274/scratch/tweety_bert
samples per dataset: 500000
dataset /var/lib/condor/execute/slot2/dir_518274/scratch/tweety_bert/temp_decode/umap_specs exhausted after 467820 samples
vocalization arr shape (467820,)
predictions arr shape (467820, 196)
ground truth labels arr shape (467820,)
spec arr shape (467820, 196)
initializing umap reducer...
umap reducer (2 dims for visualization) initialized.
umap reducer (8 dims for clustering) initialized.
umap fitting for visualization complete. shape of embedding outputs: (467820, 2)
umap cluster fitting for clustering complete. shape of embedding outputs: (467820, 8)
discovered labels [-1  0  1  2  3  4  5  6  7  8  9 10 11 12 13 14 15 16 17 18 19 20 21 22
 23 24 25 26 27 28 29 30 31 32]
hdbscan labels generated. unique labels found: [-1  0  1  2  3  4  5  6  7  8  9 10 11 12 13 14 15 16 17 18 19 20 21 22
 23 24 25 26 27 28 29 30 31 32]
Number of classes: 33
Step 10: Train Loss 3.3141 FER = 84.96%, Val Loss = 3.2766
Step 20: Train Loss 2.9761 FER = 59.95%, Val Loss = 2.9508
Step 30: Train Loss 2.5145 FER = 47.68%, Val Loss = 2.4073
Step 40: Train Loss 2.0157 FER = 38.53%, Val Loss = 1.9620
Step 50: Train Loss 1.4074 FER = 31.34%, Val Loss = 1.5256
Step 60: Train Loss 1.0010 FER = 20.38%, Val Loss = 1.0269
Step 70: Train Loss 0.7895 FER = 16.18%, Val Loss = 0.6828
Step 80: Train Loss 0.6152 FER = 12.03%, Val Loss = 0.5524
Step 90: Train Loss 0.4631 FER = 10.47%, Val Loss = 0.4437
Step 100: Train Loss 0.3403 FER = 9.97%, Val Loss = 0.4248
Step 110: Train Loss 0.3577 FER = 6.85%, Val Loss = 0.3027
Step 120: Train Loss 0.2323 FER = 8.92%, Val Loss = 0.3369
Step 130: Train Loss 0.3015 FER = 7.90%, Val Loss = 0.2904
Step 140: Train Loss 0.2562 FER = 9.15%, Val Loss = 0.3215
Step 150: Train Loss 0.1938 FER = 5.98%, Val Loss = 0.2243
Step 160: Train Loss 0.2004 FER = 7.84%, Val Loss = 0.2781
Step 170: Train Loss 0.2363 FER = 7.09%, Val Loss = 0.2277
Step 180: Train Loss 0.1929 FER = 6.02%, Val Loss = 0.1984
Step 190: Train Loss 0.1758 FER = 6.19%, Val Loss = 0.2364
Step 200: Train Loss 0.1871 FER = 4.76%, Val Loss = 0.1809
Decoder state saved in experiments/Bird2_decoder_linear_decoder/decoder_state
Generated 94 spectrograms.
Running command: /usr/local/bin/python /var/lib/condor/execute/slot2/dir_518274/scratch/tweety_bert/src/spectogram_generator.py --file_list /var/lib/condor/execute/slot2/dir_518274/scratch/tweety_bert/temp_decode/single_mode_files.txt --dst_dir /var/lib/condor/execute/slot2/dir_518274/scratch/tweety_bert/temp_decode/umap_specs --song_detection_json_path None --nfft 1024 --single_threaded false
Running command: /usr/local/bin/python /var/lib/condor/execute/slot2/dir_518274/scratch/tweety_bert/figure_generation_scripts/dim_reduced_birdsong_plots.py --experiment_folder /var/lib/condor/execute/slot2/dir_518274/scratch/tweety_bert/experiments/MyTweetyBERTModel --save_name Bird2_decoder --samples 5e5 --raw_spectogram false --state_finding_algorithm HDBSCAN --context 1000 --data_dirs /var/lib/condor/execute/slot2/dir_518274/scratch/tweety_bert/temp_decode/umap_specs
Running command: /usr/local/bin/python /var/lib/condor/execute/slot2/dir_518274/scratch/tweety_bert/src/decoder.py --experiment_name MyTweetyBERTModel --bird_name Bird2_decoder --context_length 1000
Processed 117.wav
Processed 117.wav
Processed 98.wav
Processed 98.wav
Processed 174.wav
Processed 174.wav
Processed 14.wav
Processed 14.wav
Processed 277.wav
Processed 277.wav
Processed 248.wav
Processed 248.wav
Processed 257.wav
Processed 257.wav
Processed 38.wav
Processed 38.wav
Processed 1.wav
Processed 1.wav
Processed 293.wav
Processed 293.wav
Processed 329.wav
Processed 329.wav
Processed 233.wav
Processed 233.wav
Processed 111.wav
Processed 111.wav
Processed 127.wav
Processed 127.wav
Processed 161.wav
Processed 161.wav
Processed 32.wav
Processed 32.wav
Processed 287.wav
Processed 287.wav
Processed 239.wav
Processed 239.wav
Processed 237.wav
Processed 237.wav
Processed 205.wav
Processed 205.wav
Processed 324.wav
Processed 324.wav
Processed 150.wav
Processed 150.wav
Processed 47.wav
Processed 47.wav
Processed 75.wav
Processed 75.wav
Processed 222.wav
Processed 222.wav
Processed 221.wav
Processed 221.wav
Processed 54.wav
Processed 54.wav
Processed 66.wav
Processed 66.wav
Processed 289.wav
Processed 289.wav
Processed 115.wav
Processed 115.wav
Processed 284.wav
Processed 284.wav
Processed 178.wav
Processed 178.wav
Processed 81.wav
Processed 81.wav
Processed 68.wav
Processed 68.wav
Processed 255.wav
Processed 255.wav
Processed 16.wav
Processed 16.wav
Processed 242.wav
Processed 242.wav
Processed 297.wav
Processed 297.wav
Processed 46.wav
Processed 46.wav
Processed 227.wav
Processed 227.wav
Processed 184.wav
Processed 184.wav
Processed 196.wav
Processed 196.wav
Processed 198.wav
Processed 198.wav
Processed 96.wav
Processed 96.wav
Processed 103.wav
Processed 103.wav
Processed 320.wav
Processed 320.wav
Processed 276.wav
Processed 276.wav
Processed 138.wav
Processed 138.wav
Processed 219.wav
Processed 219.wav
Processed 78.wav
Processed 78.wav
Processed 226.wav
Processed 226.wav
Processed 151.wav
Processed 151.wav
Processed 74.wav
Processed 74.wav
Processed 210.wav
Processed 210.wav
Processed 306.wav
Processed 306.wav
Processed 301.wav
Processed 301.wav
Processed 148.wav
Processed 148.wav
Processed 56.wav
Processed 56.wav
Processed 328.wav
Processed 328.wav
Processed 106.wav
Processed 106.wav
Processed 116.wav
Processed 116.wav
Processed 193.wav
Processed 193.wav
Processed 256.wav
Processed 256.wav
Processed 131.wav
Processed 131.wav
Processed 307.wav
Processed 307.wav
Processed 76.wav
Processed 76.wav
Processed 69.wav
Processed 69.wav
Processed 267.wav
Processed 267.wav
Processed 312.wav
Processed 312.wav
Processed 285.wav
Processed 285.wav
Processed 211.wav
Processed 211.wav
Processed 218.wav
Processed 218.wav
Processed 230.wav
Processed 230.wav
Processed 39.wav
Processed 39.wav
Processed 130.wav
Processed 130.wav
Processed 179.wav
Processed 179.wav
Processed 204.wav
Processed 204.wav
Processed 187.wav
Processed 187.wav
Processed 164.wav
Processed 164.wav
Processed 203.wav
Processed 203.wav
Processed 325.wav
Processed 325.wav
Processed 55.wav
Processed 55.wav
Processed 146.wav
Processed 146.wav
Processed 33.wav
Processed 33.wav
Processed 45.wav
Processed 45.wav
Processed 165.wav
Processed 165.wav
Processed 101.wav
Processed 101.wav
Processed 333.wav
Processed 333.wav
Processed 234.wav
Processed 234.wav
Processed 231.wav
Processed 231.wav
Processed 7.wav
Processed 7.wav
Processed 217.wav
Processed 217.wav
Processed 36.wav
Processed 36.wav
Processed 107.wav
Processed 107.wav
Processed 5.wav
Processed 5.wav
Processed 176.wav
Processed 176.wav
Processed 251.wav
Processed 251.wav
Processed 252.wav
Processed 252.wav
Processed 28.wav
Processed 28.wav
Processed 294.wav
Processed 294.wav
Processed 300.wav
Processed 300.wav
Processed 23.wav
Processed 23.wav
Processed 160.wav
Processed 160.wav
Processed 319.wav
Processed 319.wav
Processed 240.wav
Processed 240.wav
Processed 207.wav
Processed 207.wav
Processed 270.wav
Processed 270.wav
Processed 93.wav
Processed 93.wav
Processed 71.wav
Processed 71.wav
Processed 31.wav
Processed 31.wav
Processed 19.wav
Processed 19.wav
Processed 182.wav
Processed 182.wav
Processed 180.wav
Processed 180.wav
Processed 145.wav
Processed 145.wav
Processed 30.wav
Processed 30.wav
Processed 9.wav
Processed 9.wav
Processed 24.wav
Processed 24.wav
Processed 27.wav
Processed 27.wav
Processed 308.wav
Processed 308.wav
Processed 162.wav
Processed 162.wav
Processed 97.wav
Processed 97.wav
Processed 155.wav
Processed 155.wav
Processed 199.wav
Processed 199.wav
Processed 135.wav
Processed 135.wav
Processed 77.wav
Processed 77.wav
Processed 113.wav
Processed 113.wav
Processed 197.wav
Processed 197.wav
Processed 144.wav
Processed 144.wav
Processed 42.wav
Processed 42.wav
Processed 87.wav
Processed 87.wav
Processed 281.wav
Processed 281.wav
Processed 336.wav
Processed 336.wav
Processed 313.wav
Processed 313.wav
Processed 20.wav
Processed 20.wav
Processed 139.wav
Processed 139.wav
Processed 137.wav
Processed 137.wav
Processed 334.wav
Processed 334.wav
Processed 188.wav
Processed 188.wav
Processed 250.wav
Processed 250.wav
Processed 133.wav
Processed 133.wav
Processed 34.wav
Processed 34.wav
Processed 110.wav
Processed 110.wav
Processed 25.wav
Processed 25.wav
Processed 82.wav
Processed 82.wav
Processed 21.wav
Processed 21.wav
Processed 70.wav
Processed 70.wav
Processed 315.wav
Processed 315.wav
Processed 286.wav
Processed 286.wav
Processed 259.wav
Processed 259.wav
Processed 172.wav
Processed 172.wav
Processed 89.wav
Processed 89.wav
Processed 128.wav
Processed 128.wav
Processed 118.wav
Processed 118.wav
Processed 0.wav
Processed 0.wav
Processed 85.wav
Processed 85.wav
Processed 169.wav
Processed 169.wav
Processed 67.wav
Processed 67.wav
Processed 65.wav
Processed 65.wav
Processed 338.wav
Processed 338.wav
Processed 10.wav
Processed 10.wav
Processed 337.wav
Processed 337.wav
Processed 229.wav
Processed 229.wav
Processed 253.wav
Processed 253.wav
Processed 63.wav
Processed 63.wav
Processed 266.wav
Processed 266.wav
Processed 241.wav
Processed 241.wav
Processed 254.wav
Processed 254.wav
Processed 245.wav
Processed 245.wav
Processed 326.wav
Processed 326.wav
Processed 112.wav
Processed 112.wav
Processed 114.wav
Processed 114.wav
Processed 265.wav
Processed 265.wav
Processed 8.wav
Processed 8.wav
Processed 318.wav
Processed 318.wav
Processed 225.wav
Processed 225.wav
Processed 64.wav
Processed 64.wav
Processed 91.wav
Processed 91.wav
Processed 156.wav
Processed 156.wav
Processed 4.wav
Processed 4.wav
Processed 134.wav
Processed 134.wav
Processed 58.wav
Processed 58.wav
Processed 92.wav
Processed 92.wav
Processed 175.wav
Processed 175.wav
Processed 282.wav
Processed 282.wav
Processed 215.wav
Processed 215.wav
Processed 60.wav
Processed 60.wav
Processed 246.wav
Processed 246.wav
Processed 104.wav
Processed 104.wav
Processed 170.wav
Processed 170.wav
Processed 90.wav
Processed 90.wav
Processed 317.wav
Processed 317.wav
Processed 26.wav
Processed 26.wav
Processed 280.wav
Processed 280.wav
Processed 323.wav
Processed 323.wav
Processed 94.wav
Processed 94.wav
Processed 141.wav
Processed 141.wav
Processed 309.wav
Processed 309.wav
Processed 335.wav
Processed 335.wav
Processed 105.wav
Processed 105.wav
Processed 86.wav
Processed 86.wav
Processed 186.wav
Processed 186.wav
Processed 37.wav
Processed 37.wav
Processed 283.wav
Processed 283.wav
Processed 292.wav
Processed 292.wav
Processed 269.wav
Processed 269.wav
Processed 40.wav
Processed 40.wav
Processed 140.wav
Processed 140.wav
Processed 291.wav
Processed 291.wav
Processed 262.wav
Processed 262.wav
Processed 17.wav
Processed 17.wav
Processed 129.wav
Processed 129.wav
Processed 332.wav
Processed 332.wav
Processed 168.wav
Processed 168.wav
Processed 49.wav
Processed 49.wav
Processed 213.wav
Processed 213.wav
Processed 216.wav
Processed 216.wav
Processed 35.wav
Processed 35.wav
Processed 2.wav
Processed 2.wav
Processed 224.wav
Processed 224.wav
Processed 125.wav
Processed 125.wav
Processed 99.wav
Processed 99.wav
Processed 181.wav
Processed 181.wav
Processed 22.wav
Processed 22.wav
Processed 295.wav
Processed 295.wav
Processed 88.wav
Processed 88.wav
Processed 177.wav
Processed 177.wav
Processed 142.wav
Processed 142.wav
Processed 122.wav
Processed 122.wav
Processed 303.wav
Processed 303.wav
Processed 275.wav
Processed 275.wav
Processed 189.wav
Processed 189.wav
Processed 247.wav
Processed 247.wav
Processed 126.wav
Processed 126.wav
Processed 264.wav
Processed 264.wav
Processed 152.wav
Processed 152.wav
Processed 212.wav
Processed 212.wav
Processed 311.wav
Processed 311.wav
Processed 108.wav
Processed 108.wav
Processed 41.wav
Processed 41.wav
Processed 18.wav
Processed 18.wav
Processed 243.wav
Processed 243.wav
Processed 214.wav
Processed 214.wav
Processed 72.wav
Processed 72.wav
Processed 43.wav
Processed 43.wav
Processed 149.wav
Processed 149.wav
Processed 273.wav
Processed 273.wav
Processed 327.wav
Processed 327.wav
Processed 279.wav
Processed 279.wav
Processed 321.wav
Processed 321.wav
Processed 173.wav
Processed 173.wav
Processed 331.wav
Processed 331.wav
Processed 201.wav
Processed 201.wav
Processed 236.wav
Processed 236.wav
Processed 3.wav
Processed 3.wav
Processed 136.wav
Processed 136.wav
Processed 13.wav
Processed 13.wav
Processed 51.wav
Processed 51.wav
Processed 228.wav
Processed 228.wav
Processed 200.wav
Processed 200.wav
Processed 132.wav
Processed 132.wav
Processed 61.wav
Processed 61.wav
Processed 124.wav
Processed 124.wav
Processed 278.wav
Processed 278.wav
Processed 44.wav
Processed 44.wav
Processed 258.wav
Processed 258.wav
Processed 244.wav
Processed 244.wav
Processed 304.wav
Processed 304.wav
Processed 202.wav
Processed 202.wav
Processed 48.wav
Processed 48.wav
Processed 208.wav
Processed 208.wav
Processed 120.wav
Processed 120.wav
Processed 190.wav
Processed 190.wav
Processed 206.wav
Processed 206.wav
Processed 302.wav
Processed 302.wav
Processed 147.wav
Processed 147.wav
Processed 316.wav
Processed 316.wav
Processed 288.wav
Processed 288.wav
Processed 83.wav
Processed 83.wav
Processed 322.wav
Processed 322.wav
Processed 166.wav
Processed 166.wav
Processed 100.wav
Processed 100.wav
Processed 191.wav
Processed 191.wav
Processed 185.wav
Processed 185.wav
Processed 119.wav
Processed 119.wav
Processed 330.wav
Processed 330.wav
Processed 299.wav
Processed 299.wav
Processed 271.wav
Processed 271.wav
Processed 50.wav
Processed 50.wav
Processed 290.wav
Processed 290.wav
Processed 220.wav
Processed 220.wav
Processed 195.wav
Processed 195.wav
Processed 154.wav
Processed 154.wav
Processed 263.wav
Processed 263.wav
Processed 15.wav
Processed 15.wav
Processed 121.wav
Processed 121.wav
Processed 235.wav
Processed 235.wav
Processed 209.wav
Processed 209.wav
Processed 163.wav
Processed 163.wav
Processed 183.wav
Processed 183.wav
Processed 238.wav
Processed 238.wav
Processed 274.wav
Processed 274.wav
Processed 194.wav
Processed 194.wav
Processed 52.wav
Processed 52.wav
Processed 73.wav
Processed 73.wav
Processed 268.wav
Processed 268.wav
Processed 260.wav
Processed 260.wav
Processed 102.wav
Processed 102.wav
Processed 12.wav
Processed 12.wav
Processed 143.wav
Processed 143.wav
Processed 62.wav
Processed 62.wav
Processed 84.wav
Processed 84.wav
Processed 59.wav
Processed 59.wav
Processed 53.wav
Processed 53.wav
Processed 11.wav
Processed 11.wav
Processed 223.wav
Processed 223.wav
Processed 249.wav
Processed 249.wav
Processed 123.wav
Processed 123.wav
Processed 159.wav
Processed 159.wav
Processed 305.wav
Processed 305.wav
Processed 171.wav
Processed 171.wav
Processed 310.wav
Processed 310.wav
Processed 6.wav
Processed 6.wav
Processed 167.wav
Processed 167.wav
Processed 261.wav
Processed 261.wav
Processed 157.wav
Processed 157.wav
Processed 153.wav
Processed 153.wav
Processed 158.wav
Processed 158.wav
Processed 232.wav
Processed 232.wav
Processed 57.wav
Processed 57.wav
Processed 95.wav
Processed 95.wav
Processed 314.wav
Processed 314.wav
Processed 192.wav
Processed 192.wav
Processed 298.wav
Processed 298.wav
Processed 29.wav
Processed 29.wav
Processed 272.wav
Processed 272.wav
Processed 109.wav
Processed 109.wav
Processed 79.wav
Processed 79.wav
Processed 296.wav
Processed 296.wav
Processed 80.wav
Processed 80.wav
Final results saved to /var/lib/condor/execute/slot2/dir_518274/scratch/tweety_bert/temp_song_detection_output/onset_offset_results.json
Attempting to merge 1 JSON files.
Successfully merged 339 unique entries into '/var/lib/condor/execute/slot2/dir_518274/scratch/tweety_bert/files/song_detection.json'
Running command: /usr/local/bin/python /var/lib/condor/execute/slot2/dir_518274/scratch/tweety_bert/song_detector/src/inference.py --mode local_dir --input /var/lib/condor/execute/slot2/dir_518274/scratch/files/3470165/Bird2/Wave --output /var/lib/condor/execute/slot2/dir_518274/scratch/tweety_bert/temp_song_detection_output --step_size 86
Merge successful. Cleaning up temporary files.
Decoder state loaded from experiments/Bird2_decoder_linear_decoder/decoder_state
Segment 2 has fewer than 250 time bins and will be skipped.
Segment 1 has fewer than 250 time bins and will be skipped.
Segment 2 has fewer than 250 time bins and will be skipped.
Segment 1 has fewer than 250 time bins and will be skipped.
Segment 1 has fewer than 250 time bins and will be skipped.
Segment 0 has fewer than 250 time bins and will be skipped.
Segment 0 has fewer than 250 time bins and will be skipped.
Segment 0 has fewer than 250 time bins and will be skipped.
Segment 2 has fewer than 250 time bins and will be skipped.
Segment 0 has fewer than 250 time bins and will be skipped.
Segment 3 has fewer than 250 time bins and will be skipped.
Segment 0 has fewer than 250 time bins and will be skipped.
Segment 1 has fewer than 250 time bins and will be skipped.
Segment 1 has fewer than 250 time bins and will be skipped.
Running command: /usr/local/bin/python /var/lib/condor/execute/slot2/dir_518274/scratch/tweety_bert/src/inference.py --bird_name Bird2_decoder --wav_dir /var/lib/condor/execute/slot2/dir_518274/scratch/files/3470165/Bird2/Wave --song_detection_json /var/lib/condor/execute/slot2/dir_518274/scratch/tweety_bert/files/Bird2_song_detection.json --apply_post_processing True --window_size 50 --visualize True
Starting process_directory
Reading file list from: /var/lib/condor/execute/slot2/dir_518274/scratch/tweety_bert/temp_decode/single_mode_files.txt
Found 100 files in the list.
Running in multi-threaded mode with 192 workers.
Total files processed: 100
Total files skipped due to errors or no vocalization data: 0
/var/lib/condor/execute/slot2/dir_518274/scratch/tweety_bert
samples per dataset: 500000
dataset /var/lib/condor/execute/slot2/dir_518274/scratch/tweety_bert/temp_decode/umap_specs exhausted after 446812 samples
vocalization arr shape (446812,)
predictions arr shape (446812, 196)
ground truth labels arr shape (446812,)
spec arr shape (446812, 196)
initializing umap reducer...
umap reducer (2 dims for visualization) initialized.
umap reducer (8 dims for clustering) initialized.
umap fitting for visualization complete. shape of embedding outputs: (446812, 2)
umap cluster fitting for clustering complete. shape of embedding outputs: (446812, 8)
discovered labels [-1  0  1  2  3  4  5  6  7  8  9 10 11 12 13 14 15 16]
hdbscan labels generated. unique labels found: [-1  0  1  2  3  4  5  6  7  8  9 10 11 12 13 14 15 16]
Number of classes: 17
Step 10: Train Loss 2.3739 FER = 59.72%, Val Loss = 2.3445
Step 20: Train Loss 1.9338 FER = 48.82%, Val Loss = 1.9265
Step 30: Train Loss 1.4841 FER = 39.10%, Val Loss = 1.4669
Step 40: Train Loss 1.1701 FER = 28.46%, Val Loss = 1.1285
Step 50: Train Loss 0.8394 FER = 22.48%, Val Loss = 0.8053
Step 60: Train Loss 0.6166 FER = 14.09%, Val Loss = 0.5490
Step 70: Train Loss 0.4540 FER = 10.57%, Val Loss = 0.4410
Step 80: Train Loss 0.3605 FER = 8.20%, Val Loss = 0.3497
Step 90: Train Loss 0.2990 FER = 7.24%, Val Loss = 0.2845
Step 100: Train Loss 0.2872 FER = 7.46%, Val Loss = 0.2784
Step 110: Train Loss 0.2337 FER = 6.34%, Val Loss = 0.2313
Step 120: Train Loss 0.2138 FER = 7.08%, Val Loss = 0.2651
Step 130: Train Loss 0.1891 FER = 4.23%, Val Loss = 0.1754
Step 140: Train Loss 0.2168 FER = 5.27%, Val Loss = 0.2148
Step 150: Train Loss 0.1825 FER = 6.49%, Val Loss = 0.2323
Step 160: Train Loss 0.1528 FER = 4.81%, Val Loss = 0.1743
Step 170: Train Loss 0.1756 FER = 5.89%, Val Loss = 0.2375
Step 180: Train Loss 0.1477 FER = 5.89%, Val Loss = 0.2318
Step 190: Train Loss 0.1555 FER = 6.01%, Val Loss = 0.2346
Early stopping triggered
Decoder state saved in experiments/Bird3_decoder_linear_decoder/decoder_state
Generated 90 spectrograms.
Running command: /usr/local/bin/python /var/lib/condor/execute/slot2/dir_518274/scratch/tweety_bert/src/spectogram_generator.py --file_list /var/lib/condor/execute/slot2/dir_518274/scratch/tweety_bert/temp_decode/single_mode_files.txt --dst_dir /var/lib/condor/execute/slot2/dir_518274/scratch/tweety_bert/temp_decode/umap_specs --song_detection_json_path None --nfft 1024 --single_threaded false
Running command: /usr/local/bin/python /var/lib/condor/execute/slot2/dir_518274/scratch/tweety_bert/figure_generation_scripts/dim_reduced_birdsong_plots.py --experiment_folder /var/lib/condor/execute/slot2/dir_518274/scratch/tweety_bert/experiments/MyTweetyBERTModel --save_name Bird3_decoder --samples 5e5 --raw_spectogram false --state_finding_algorithm HDBSCAN --context 1000 --data_dirs /var/lib/condor/execute/slot2/dir_518274/scratch/tweety_bert/temp_decode/umap_specs
Running command: /usr/local/bin/python /var/lib/condor/execute/slot2/dir_518274/scratch/tweety_bert/src/decoder.py --experiment_name MyTweetyBERTModel --bird_name Bird3_decoder --context_length 1000
Processed 117.wav
Processed 117.wav
Processed 98.wav
Processed 98.wav
Processed 174.wav
Processed 174.wav
Processed 14.wav
Processed 14.wav
Processed 277.wav
Processed 277.wav
Processed 378.wav
Processed 378.wav
Processed 248.wav
Processed 248.wav
Processed 257.wav
Processed 257.wav
Processed 394.wav
Processed 394.wav
Processed 38.wav
Processed 38.wav
Processed 1.wav
Processed 1.wav
Processed 293.wav
Processed 293.wav
Processed 363.wav
Processed 363.wav
Processed 329.wav
Processed 329.wav
Processed 372.wav
Processed 372.wav
Processed 233.wav
Processed 233.wav
Processed 111.wav
Processed 111.wav
Processed 127.wav
Processed 127.wav
Processed 161.wav
Processed 161.wav
Processed 32.wav
Processed 32.wav
Processed 287.wav
Processed 287.wav
Processed 367.wav
Processed 367.wav
Processed 239.wav
Processed 239.wav
Processed 237.wav
Processed 237.wav
Processed 205.wav
Processed 205.wav
Processed 324.wav
Processed 324.wav
Processed 150.wav
Processed 150.wav
Processed 47.wav
Processed 47.wav
Processed 75.wav
Processed 75.wav
Processed 222.wav
Processed 222.wav
Processed 221.wav
Processed 221.wav
Processed 54.wav
Processed 54.wav
Processed 66.wav
Processed 66.wav
Processed 289.wav
Processed 289.wav
Processed 115.wav
Processed 115.wav
Processed 284.wav
Processed 284.wav
Processed 382.wav
Processed 382.wav
Processed 351.wav
Processed 351.wav
Processed 178.wav
Processed 178.wav
Processed 81.wav
Processed 81.wav
Processed 68.wav
Processed 68.wav
Processed 388.wav
Processed 388.wav
Processed 384.wav
Processed 384.wav
Processed 255.wav
Processed 255.wav
Processed 16.wav
Processed 16.wav
Processed 368.wav
Processed 368.wav
Processed 242.wav
Processed 242.wav
Processed 297.wav
Processed 297.wav
Processed 46.wav
Processed 46.wav
Processed 341.wav
Processed 341.wav
Processed 227.wav
Processed 227.wav
Processed 184.wav
Processed 184.wav
Processed 196.wav
Processed 196.wav
Processed 198.wav
Processed 198.wav
Processed 96.wav
Processed 96.wav
Processed 373.wav
Processed 373.wav
Processed 103.wav
Processed 103.wav
Processed 320.wav
Processed 320.wav
Processed 276.wav
Processed 276.wav
Processed 138.wav
Processed 138.wav
Processed 219.wav
Processed 219.wav
Processed 78.wav
Processed 78.wav
Processed 226.wav
Processed 226.wav
Processed 151.wav
Processed 151.wav
Processed 74.wav
Processed 74.wav
Processed 210.wav
Processed 210.wav
Processed 361.wav
Processed 361.wav
Processed 306.wav
Processed 306.wav
Processed 376.wav
Processed 376.wav
Processed 301.wav
Processed 301.wav
Processed 148.wav
Processed 148.wav
Processed 393.wav
Processed 393.wav
Processed 56.wav
Processed 56.wav
Processed 328.wav
Processed 328.wav
Processed 106.wav
Processed 106.wav
Processed 116.wav
Processed 116.wav
Processed 193.wav
Processed 193.wav
Processed 256.wav
Processed 256.wav
Processed 398.wav
Processed 398.wav
Processed 131.wav
Processed 131.wav
Processed 385.wav
Processed 385.wav
Processed 307.wav
Processed 307.wav
Processed 76.wav
Processed 76.wav
Processed 69.wav
Processed 69.wav
Processed 267.wav
Processed 267.wav
Processed 312.wav
Processed 312.wav
Processed 285.wav
Processed 285.wav
Processed 211.wav
Processed 211.wav
Processed 365.wav
Processed 365.wav
Processed 218.wav
Processed 218.wav
Processed 366.wav
Processed 366.wav
Processed 230.wav
Processed 230.wav
Processed 39.wav
Processed 39.wav
Processed 130.wav
Processed 130.wav
Processed 179.wav
Processed 179.wav
Processed 204.wav
Processed 204.wav
Processed 187.wav
Processed 187.wav
Processed 354.wav
Processed 354.wav
Processed 164.wav
Processed 164.wav
Processed 203.wav
Processed 203.wav
Processed 325.wav
Processed 325.wav
Processed 55.wav
Processed 55.wav
Processed 146.wav
Processed 146.wav
Processed 342.wav
Processed 342.wav
Processed 33.wav
Processed 33.wav
Processed 45.wav
Processed 45.wav
Processed 375.wav
Processed 375.wav
Processed 377.wav
Processed 377.wav
Processed 165.wav
Processed 165.wav
Processed 101.wav
Processed 101.wav
Processed 333.wav
Processed 333.wav
Processed 234.wav
Processed 234.wav
Processed 231.wav
Processed 231.wav
Processed 7.wav
Processed 7.wav
Processed 380.wav
Processed 380.wav
Processed 217.wav
Processed 217.wav
Processed 36.wav
Processed 36.wav
Processed 107.wav
Processed 107.wav
Processed 371.wav
Processed 371.wav
Processed 400.wav
Processed 400.wav
Processed 5.wav
Processed 5.wav
Processed 176.wav
Processed 176.wav
Processed 358.wav
Processed 358.wav
Processed 381.wav
Processed 381.wav
Processed 251.wav
Processed 251.wav
Processed 252.wav
Processed 252.wav
Processed 28.wav
Processed 28.wav
Processed 294.wav
Processed 294.wav
Processed 300.wav
Processed 300.wav
Processed 23.wav
Processed 23.wav
Processed 160.wav
Processed 160.wav
Processed 319.wav
Processed 319.wav
Processed 240.wav
Processed 240.wav
Processed 207.wav
Processed 207.wav
Processed 270.wav
Processed 270.wav
Processed 93.wav
Processed 93.wav
Processed 343.wav
Processed 343.wav
Processed 71.wav
Processed 71.wav
Processed 31.wav
Processed 31.wav
Processed 19.wav
Processed 19.wav
Processed 182.wav
Processed 182.wav
Processed 364.wav
Processed 364.wav
Processed 180.wav
Processed 180.wav
Processed 145.wav
Processed 145.wav
Processed 30.wav
Processed 30.wav
Processed 9.wav
Processed 9.wav
Processed 24.wav
Processed 24.wav
Processed 27.wav
Processed 27.wav
Processed 308.wav
Processed 308.wav
Processed 162.wav
Processed 162.wav
Processed 97.wav
Processed 97.wav
Processed 155.wav
Processed 155.wav
Processed 199.wav
Processed 199.wav
Processed 135.wav
Processed 135.wav
Processed 77.wav
Processed 77.wav
Processed 113.wav
Processed 113.wav
Processed 197.wav
Processed 197.wav
Processed 144.wav
Processed 144.wav
Processed 42.wav
Processed 42.wav
Processed 87.wav
Processed 87.wav
Processed 281.wav
Processed 281.wav
Processed 336.wav
Processed 336.wav
Processed 313.wav
Processed 313.wav
Processed 20.wav
Processed 20.wav
Processed 139.wav
Processed 139.wav
Processed 347.wav
Processed 347.wav
Processed 137.wav
Processed 137.wav
Processed 334.wav
Processed 334.wav
Processed 188.wav
Processed 188.wav
Processed 250.wav
Processed 250.wav
Processed 360.wav
Processed 360.wav
Processed 133.wav
Processed 133.wav
Processed 397.wav
Processed 397.wav
Processed 34.wav
Processed 34.wav
Processed 110.wav
Processed 110.wav
Processed 25.wav
Processed 25.wav
Processed 82.wav
Processed 82.wav
Processed 21.wav
Processed 21.wav
Processed 70.wav
Processed 70.wav
Processed 315.wav
Processed 315.wav
Processed 286.wav
Processed 286.wav
Processed 259.wav
Processed 259.wav
Processed 172.wav
Processed 172.wav
Processed 89.wav
Processed 89.wav
Processed 349.wav
Processed 349.wav
Processed 355.wav
Processed 355.wav
Processed 128.wav
Processed 128.wav
Processed 118.wav
Processed 118.wav
Processed 0.wav
Processed 0.wav
Processed 85.wav
Processed 85.wav
Processed 169.wav
Processed 169.wav
Processed 67.wav
Processed 67.wav
Processed 65.wav
Processed 65.wav
Processed 338.wav
Processed 338.wav
Processed 10.wav
Processed 10.wav
Processed 337.wav
Processed 337.wav
Processed 229.wav
Processed 229.wav
Processed 253.wav
Processed 253.wav
Processed 63.wav
Processed 63.wav
Processed 266.wav
Processed 266.wav
Processed 241.wav
Processed 241.wav
Processed 391.wav
Processed 391.wav
Processed 254.wav
Processed 254.wav
Processed 245.wav
Processed 245.wav
Processed 326.wav
Processed 326.wav
Processed 112.wav
Processed 112.wav
Processed 114.wav
Processed 114.wav
Processed 265.wav
Processed 265.wav
Processed 8.wav
Processed 8.wav
Processed 318.wav
Processed 318.wav
Processed 225.wav
Processed 225.wav
Processed 64.wav
Processed 64.wav
Processed 91.wav
Processed 91.wav
Processed 156.wav
Processed 156.wav
Processed 4.wav
Processed 4.wav
Processed 134.wav
Processed 134.wav
Processed 58.wav
Processed 58.wav
Processed 387.wav
Processed 387.wav
Processed 92.wav
Processed 92.wav
Processed 383.wav
Processed 383.wav
Processed 175.wav
Processed 175.wav
Processed 282.wav
Processed 282.wav
Processed 215.wav
Processed 215.wav
Processed 60.wav
Processed 60.wav
Processed 246.wav
Processed 246.wav
Processed 104.wav
Processed 104.wav
Processed 170.wav
Processed 170.wav
Processed 90.wav
Processed 90.wav
Processed 317.wav
Processed 317.wav
Processed 386.wav
Processed 386.wav
Processed 26.wav
Processed 26.wav
Processed 280.wav
Processed 280.wav
Processed 401.wav
Processed 401.wav
Processed 323.wav
Processed 323.wav
Processed 94.wav
Processed 94.wav
Processed 141.wav
Processed 141.wav
Processed 309.wav
Processed 309.wav
Processed 335.wav
Processed 335.wav
Processed 105.wav
Processed 105.wav
Processed 86.wav
Processed 86.wav
Processed 362.wav
Processed 362.wav
Processed 186.wav
Processed 186.wav
Processed 37.wav
Processed 37.wav
Processed 283.wav
Processed 283.wav
Processed 389.wav
Processed 389.wav
Processed 292.wav
Processed 292.wav
Processed 269.wav
Processed 269.wav
Processed 40.wav
Processed 40.wav
Processed 390.wav
Processed 390.wav
Processed 140.wav
Processed 140.wav
Processed 291.wav
Processed 291.wav
Processed 262.wav
Processed 262.wav
Processed 17.wav
Processed 17.wav
Processed 353.wav
Processed 353.wav
Processed 129.wav
Processed 129.wav
Processed 332.wav
Processed 332.wav
Processed 168.wav
Processed 168.wav
Processed 49.wav
Processed 49.wav
Processed 213.wav
Processed 213.wav
Processed 216.wav
Processed 216.wav
Processed 35.wav
Processed 35.wav
Processed 2.wav
Processed 2.wav
Processed 224.wav
Processed 224.wav
Processed 125.wav
Processed 125.wav
Processed 99.wav
Processed 99.wav
Processed 181.wav
Processed 181.wav
Processed 22.wav
Processed 22.wav
Processed 295.wav
Processed 295.wav
Processed 359.wav
Processed 359.wav
Processed 88.wav
Processed 88.wav
Processed 177.wav
Processed 177.wav
Processed 142.wav
Processed 142.wav
Processed 122.wav
Processed 122.wav
Processed 303.wav
Processed 303.wav
Processed 275.wav
Processed 275.wav
Processed 189.wav
Processed 189.wav
Processed 352.wav
Processed 352.wav
Processed 247.wav
Processed 247.wav
Processed 399.wav
Processed 399.wav
Processed 126.wav
Processed 126.wav
Processed 264.wav
Processed 264.wav
Processed 152.wav
Processed 152.wav
Processed 395.wav
Processed 395.wav
Processed 212.wav
Processed 212.wav
Processed 311.wav
Processed 311.wav
Processed 108.wav
Processed 108.wav
Processed 41.wav
Processed 41.wav
Processed 18.wav
Processed 18.wav
Processed 243.wav
Processed 243.wav
Processed 370.wav
Processed 370.wav
Processed 214.wav
Processed 214.wav
Processed 72.wav
Processed 72.wav
Processed 340.wav
Processed 340.wav
Processed 43.wav
Processed 43.wav
Processed 149.wav
Processed 149.wav
Processed 273.wav
Processed 273.wav
Processed 327.wav
Processed 327.wav
Processed 279.wav
Processed 279.wav
Processed 357.wav
Processed 357.wav
Processed 321.wav
Processed 321.wav
Processed 350.wav
Processed 350.wav
Processed 348.wav
Processed 348.wav
Processed 173.wav
Processed 173.wav
Processed 331.wav
Processed 331.wav
Processed 201.wav
Processed 201.wav
Processed 236.wav
Processed 236.wav
Processed 3.wav
Processed 3.wav
Processed 136.wav
Processed 136.wav
Processed 13.wav
Processed 13.wav
Processed 51.wav
Processed 51.wav
Processed 228.wav
Processed 228.wav
Processed 200.wav
Processed 200.wav
Processed 344.wav
Processed 344.wav
Processed 379.wav
Processed 379.wav
Processed 132.wav
Processed 132.wav
Processed 61.wav
Processed 61.wav
Processed 124.wav
Processed 124.wav
Processed 278.wav
Processed 278.wav
Processed 44.wav
Processed 44.wav
Processed 258.wav
Processed 258.wav
Processed 244.wav
Processed 244.wav
Processed 304.wav
Processed 304.wav
Processed 202.wav
Processed 202.wav
Processed 48.wav
Processed 48.wav
Processed 208.wav
Processed 208.wav
Processed 120.wav
Processed 120.wav
Processed 369.wav
Processed 369.wav
Processed 190.wav
Processed 190.wav
Processed 206.wav
Processed 206.wav
Processed 302.wav
Processed 302.wav
Processed 147.wav
Processed 147.wav
Processed 316.wav
Processed 316.wav
Processed 288.wav
Processed 288.wav
Processed 83.wav
Processed 83.wav
Processed 322.wav
Processed 322.wav
Processed 166.wav
Processed 166.wav
Processed 100.wav
Processed 100.wav
Processed 191.wav
Processed 191.wav
Processed 185.wav
Processed 185.wav
Processed 119.wav
Processed 119.wav
Processed 330.wav
Processed 330.wav
Processed 299.wav
Processed 299.wav
Processed 271.wav
Processed 271.wav
Processed 50.wav
Processed 50.wav
Processed 290.wav
Processed 290.wav
Processed 220.wav
Processed 220.wav
Processed 396.wav
Processed 396.wav
Processed 195.wav
Processed 195.wav
Processed 154.wav
Processed 154.wav
Processed 263.wav
Processed 263.wav
Processed 15.wav
Processed 15.wav
Processed 121.wav
Processed 121.wav
Processed 235.wav
Processed 235.wav
Processed 209.wav
Processed 209.wav
Processed 163.wav
Processed 163.wav
Processed 345.wav
Processed 345.wav
Processed 356.wav
Processed 356.wav
Processed 183.wav
Processed 183.wav
Processed 238.wav
Processed 238.wav
Processed 274.wav
Processed 274.wav
Processed 194.wav
Processed 194.wav
Processed 52.wav
Processed 52.wav
Processed 73.wav
Processed 73.wav
Processed 346.wav
Processed 346.wav
Processed 268.wav
Processed 268.wav
Processed 260.wav
Processed 260.wav
Processed 102.wav
Processed 102.wav
Processed 12.wav
Processed 12.wav
Processed 143.wav
Processed 143.wav
Processed 62.wav
Processed 62.wav
Processed 84.wav
Processed 84.wav
Processed 59.wav
Processed 59.wav
Processed 53.wav
Processed 53.wav
Processed 11.wav
Processed 11.wav
Processed 374.wav
Processed 374.wav
Processed 223.wav
Processed 223.wav
Processed 249.wav
Processed 249.wav
Processed 123.wav
Processed 123.wav
Processed 159.wav
Processed 159.wav
Processed 305.wav
Processed 305.wav
Processed 171.wav
Processed 171.wav
Processed 310.wav
Processed 310.wav
Processed 6.wav
Processed 6.wav
Processed 167.wav
Processed 167.wav
Processed 261.wav
Processed 261.wav
Processed 157.wav
Processed 157.wav
Processed 153.wav
Processed 153.wav
Processed 392.wav
Processed 392.wav
Processed 158.wav
Processed 158.wav
Processed 232.wav
Processed 232.wav
Processed 57.wav
Processed 57.wav
Processed 95.wav
Processed 95.wav
Processed 314.wav
Processed 314.wav
Processed 192.wav
Processed 192.wav
Processed 339.wav
Processed 339.wav
Processed 298.wav
Processed 298.wav
Processed 29.wav
Processed 29.wav
Processed 272.wav
Processed 272.wav
Processed 109.wav
Processed 109.wav
Processed 79.wav
Processed 79.wav
Processed 296.wav
Processed 296.wav
Processed 80.wav
Processed 80.wav
Final results saved to /var/lib/condor/execute/slot2/dir_518274/scratch/tweety_bert/temp_song_detection_output/onset_offset_results.json
Attempting to merge 1 JSON files.
Successfully merged 402 unique entries into '/var/lib/condor/execute/slot2/dir_518274/scratch/tweety_bert/files/song_detection.json'
Running command: /usr/local/bin/python /var/lib/condor/execute/slot2/dir_518274/scratch/tweety_bert/song_detector/src/inference.py --mode local_dir --input /var/lib/condor/execute/slot2/dir_518274/scratch/files/3470165/Bird3/Wave --output /var/lib/condor/execute/slot2/dir_518274/scratch/tweety_bert/temp_song_detection_output --step_size 86
Merge successful. Cleaning up temporary files.
Decoder state loaded from experiments/Bird3_decoder_linear_decoder/decoder_state
Segment 0 has fewer than 250 time bins and will be skipped.
Segment 1 has fewer than 250 time bins and will be skipped.
Segment 1 has fewer than 250 time bins and will be skipped.
Segment 0 has fewer than 250 time bins and will be skipped.
Segment 0 has fewer than 250 time bins and will be skipped.
Segment 1 has fewer than 250 time bins and will be skipped.
Segment 0 has fewer than 250 time bins and will be skipped.
Segment 1 has fewer than 250 time bins and will be skipped.
Segment 0 has fewer than 250 time bins and will be skipped.
Segment 1 has fewer than 250 time bins and will be skipped.
Segment 1 has fewer than 250 time bins and will be skipped.
Segment 0 has fewer than 250 time bins and will be skipped.
Segment 0 has fewer than 250 time bins and will be skipped.
Segment 0 has fewer than 250 time bins and will be skipped.
Segment 1 has fewer than 250 time bins and will be skipped.
Segment 0 has fewer than 250 time bins and will be skipped.
Segment 0 has fewer than 250 time bins and will be skipped.
Segment 0 has fewer than 250 time bins and will be skipped.
Segment 2 has fewer than 250 time bins and will be skipped.
Segment 0 has fewer than 250 time bins and will be skipped.
Segment 0 has fewer than 250 time bins and will be skipped.
Segment 0 has fewer than 250 time bins and will be skipped.
Segment 0 has fewer than 250 time bins and will be skipped.
Segment 1 has fewer than 250 time bins and will be skipped.
Segment 1 has fewer than 250 time bins and will be skipped.
Segment 1 has fewer than 250 time bins and will be skipped.
Segment 0 has fewer than 250 time bins and will be skipped.
Segment 0 has fewer than 250 time bins and will be skipped.
Segment 0 has fewer than 250 time bins and will be skipped.
Segment 1 has fewer than 250 time bins and will be skipped.
Segment 0 has fewer than 250 time bins and will be skipped.
Segment 2 has fewer than 250 time bins and will be skipped.
Segment 0 has fewer than 250 time bins and will be skipped.
Segment 0 has fewer than 250 time bins and will be skipped.
Segment 1 has fewer than 250 time bins and will be skipped.
Segment 1 has fewer than 250 time bins and will be skipped.
Segment 0 has fewer than 250 time bins and will be skipped.
Segment 1 has fewer than 250 time bins and will be skipped.
Segment 0 has fewer than 250 time bins and will be skipped.
Segment 0 has fewer than 250 time bins and will be skipped.
Segment 0 has fewer than 250 time bins and will be skipped.
Segment 1 has fewer than 250 time bins and will be skipped.
Segment 1 has fewer than 250 time bins and will be skipped.
Segment 0 has fewer than 250 time bins and will be skipped.
Segment 0 has fewer than 250 time bins and will be skipped.
Segment 1 has fewer than 250 time bins and will be skipped.
Segment 2 has fewer than 250 time bins and will be skipped.
Segment 0 has fewer than 250 time bins and will be skipped.
Segment 1 has fewer than 250 time bins and will be skipped.
Segment 2 has fewer than 250 time bins and will be skipped.
Segment 1 has fewer than 250 time bins and will be skipped.
Segment 1 has fewer than 250 time bins and will be skipped.
Segment 1 has fewer than 250 time bins and will be skipped.
Segment 0 has fewer than 250 time bins and will be skipped.
Segment 1 has fewer than 250 time bins and will be skipped.
Segment 2 has fewer than 250 time bins and will be skipped.
Segment 4 has fewer than 250 time bins and will be skipped.
Segment 3 has fewer than 250 time bins and will be skipped.
Segment 1 has fewer than 250 time bins and will be skipped.
Segment 0 has fewer than 250 time bins and will be skipped.
Segment 0 has fewer than 250 time bins and will be skipped.
Segment 1 has fewer than 250 time bins and will be skipped.
Segment 0 has fewer than 250 time bins and will be skipped.
Segment 0 has fewer than 250 time bins and will be skipped.
Segment 0 has fewer than 250 time bins and will be skipped.
Segment 0 has fewer than 250 time bins and will be skipped.
Segment 1 has fewer than 250 time bins and will be skipped.
Segment 1 has fewer than 250 time bins and will be skipped.
Segment 0 has fewer than 250 time bins and will be skipped.
Segment 1 has fewer than 250 time bins and will be skipped.
Segment 0 has fewer than 250 time bins and will be skipped.
Segment 1 has fewer than 250 time bins and will be skipped.
Segment 0 has fewer than 250 time bins and will be skipped.
Segment 0 has fewer than 250 time bins and will be skipped.
Segment 0 has fewer than 250 time bins and will be skipped.
Segment 0 has fewer than 250 time bins and will be skipped.
Segment 0 has fewer than 250 time bins and will be skipped.
Segment 0 has fewer than 250 time bins and will be skipped.
Segment 1 has fewer than 250 time bins and will be skipped.
Running command: /usr/local/bin/python /var/lib/condor/execute/slot2/dir_518274/scratch/tweety_bert/src/inference.py --bird_name Bird3_decoder --wav_dir /var/lib/condor/execute/slot2/dir_518274/scratch/files/3470165/Bird3/Wave --song_detection_json /var/lib/condor/execute/slot2/dir_518274/scratch/tweety_bert/files/Bird3_song_detection.json --apply_post_processing True --window_size 50 --visualize True
Starting process_directory
Reading file list from: /var/lib/condor/execute/slot2/dir_518274/scratch/tweety_bert/temp_decode/single_mode_files.txt
Found 100 files in the list.
Running in multi-threaded mode with 192 workers.
Total files processed: 100
Total files skipped due to errors or no vocalization data: 0
/var/lib/condor/execute/slot2/dir_518274/scratch/tweety_bert
samples per dataset: 500000
dataset /var/lib/condor/execute/slot2/dir_518274/scratch/tweety_bert/temp_decode/umap_specs exhausted after 384201 samples
vocalization arr shape (384201,)
predictions arr shape (384201, 196)
ground truth labels arr shape (384201,)
spec arr shape (384201, 196)
initializing umap reducer...
umap reducer (2 dims for visualization) initialized.
umap reducer (8 dims for clustering) initialized.
umap fitting for visualization complete. shape of embedding outputs: (384201, 2)
umap cluster fitting for clustering complete. shape of embedding outputs: (384201, 8)
discovered labels [-1  0  1  2  3  4  5  6]
hdbscan labels generated. unique labels found: [-1  0  1  2  3  4  5  6]
Number of classes: 7
Step 10: Train Loss 1.6340 FER = 34.97%, Val Loss = 1.5792
Step 20: Train Loss 1.1600 FER = 20.65%, Val Loss = 1.0718
Step 30: Train Loss 0.7773 FER = 21.50%, Val Loss = 0.7645
Step 40: Train Loss 0.5378 FER = 16.89%, Val Loss = 0.5380
Step 50: Train Loss 0.5466 FER = 14.55%, Val Loss = 0.4810
Step 60: Train Loss 0.3609 FER = 8.34%, Val Loss = 0.3313
Step 70: Train Loss 0.2549 FER = 8.48%, Val Loss = 0.3145
Step 80: Train Loss 0.2166 FER = 8.09%, Val Loss = 0.2949
Step 90: Train Loss 0.2051 FER = 7.41%, Val Loss = 0.2662
Step 100: Train Loss 0.2509 FER = 8.10%, Val Loss = 0.3012
Step 110: Train Loss 0.2408 FER = 6.95%, Val Loss = 0.2738
Step 120: Train Loss 0.1730 FER = 5.35%, Val Loss = 0.2094
Step 130: Train Loss 0.1740 FER = 6.56%, Val Loss = 0.2421
Step 140: Train Loss 0.2057 FER = 5.31%, Val Loss = 0.2090
Step 150: Train Loss 0.1810 FER = 5.14%, Val Loss = 0.2179
Step 160: Train Loss 0.1428 FER = 5.18%, Val Loss = 0.2013
Step 170: Train Loss 0.0951 FER = 5.22%, Val Loss = 0.2313
Step 180: Train Loss 0.1237 FER = 6.38%, Val Loss = 0.2566
Step 190: Train Loss 0.1423 FER = 4.71%, Val Loss = 0.2094
Step 200: Train Loss 0.0976 FER = 4.45%, Val Loss = 0.1620
Decoder state saved in experiments/Bird4_decoder_linear_decoder/decoder_state
Generated 77 spectrograms.
Running command: /usr/local/bin/python /var/lib/condor/execute/slot2/dir_518274/scratch/tweety_bert/src/spectogram_generator.py --file_list /var/lib/condor/execute/slot2/dir_518274/scratch/tweety_bert/temp_decode/single_mode_files.txt --dst_dir /var/lib/condor/execute/slot2/dir_518274/scratch/tweety_bert/temp_decode/umap_specs --song_detection_json_path None --nfft 1024 --single_threaded false
Running command: /usr/local/bin/python /var/lib/condor/execute/slot2/dir_518274/scratch/tweety_bert/figure_generation_scripts/dim_reduced_birdsong_plots.py --experiment_folder /var/lib/condor/execute/slot2/dir_518274/scratch/tweety_bert/experiments/MyTweetyBERTModel --save_name Bird4_decoder --samples 5e5 --raw_spectogram false --state_finding_algorithm HDBSCAN --context 1000 --data_dirs /var/lib/condor/execute/slot2/dir_518274/scratch/tweety_bert/temp_decode/umap_specs
Running command: /usr/local/bin/python /var/lib/condor/execute/slot2/dir_518274/scratch/tweety_bert/src/decoder.py --experiment_name MyTweetyBERTModel --bird_name Bird4_decoder --context_length 1000
Processed 117.wav
Processed 117.wav
Processed 98.wav
Processed 98.wav
Processed 174.wav
Processed 174.wav
Processed 14.wav
Processed 14.wav
Processed 277.wav
Processed 277.wav
Processed 378.wav
Processed 378.wav
Processed 248.wav
Processed 248.wav
Processed 257.wav
Processed 257.wav
Processed 394.wav
Processed 394.wav
Processed 38.wav
Processed 38.wav
Processed 412.wav
Processed 412.wav
Processed 1.wav
Processed 1.wav
Processed 293.wav
Processed 293.wav
Processed 363.wav
Processed 363.wav
Processed 329.wav
Processed 329.wav
Processed 372.wav
Processed 372.wav
Processed 233.wav
Processed 233.wav
Processed 111.wav
Processed 111.wav
Processed 127.wav
Processed 127.wav
Processed 161.wav
Processed 161.wav
Processed 32.wav
Processed 32.wav
Processed 418.wav
Processed 418.wav
Processed 287.wav
Processed 287.wav
Processed 367.wav
Processed 367.wav
Processed 239.wav
Processed 239.wav
Processed 237.wav
Processed 237.wav
Processed 205.wav
Processed 205.wav
Processed 324.wav
Processed 324.wav
Processed 150.wav
Processed 150.wav
Processed 47.wav
Processed 47.wav
Processed 75.wav
Processed 75.wav
Processed 436.wav
Processed 436.wav
Processed 222.wav
Processed 222.wav
Processed 221.wav
Processed 221.wav
Processed 54.wav
Processed 54.wav
Processed 66.wav
Processed 66.wav
Processed 289.wav
Processed 289.wav
Processed 115.wav
Processed 115.wav
Processed 284.wav
Processed 284.wav
Processed 382.wav
Processed 382.wav
Processed 351.wav
Processed 351.wav
Processed 178.wav
Processed 178.wav
Processed 81.wav
Processed 81.wav
Processed 68.wav
Processed 68.wav
Processed 388.wav
Processed 388.wav
Processed 405.wav
Processed 405.wav
Processed 384.wav
Processed 384.wav
Processed 255.wav
Processed 255.wav
Processed 16.wav
Processed 16.wav
Processed 368.wav
Processed 368.wav
Processed 411.wav
Processed 411.wav
Processed 242.wav
Processed 242.wav
Processed 297.wav
Processed 297.wav
Processed 46.wav
Processed 46.wav
Processed 341.wav
Processed 341.wav
Processed 227.wav
Processed 227.wav
Processed 184.wav
Processed 184.wav
Processed 196.wav
Processed 196.wav
Processed 198.wav
Processed 198.wav
Processed 96.wav
Processed 96.wav
Processed 373.wav
Processed 373.wav
Processed 103.wav
Processed 103.wav
Processed 320.wav
Processed 320.wav
Processed 276.wav
Processed 276.wav
Processed 138.wav
Processed 138.wav
Processed 219.wav
Processed 219.wav
Processed 78.wav
Processed 78.wav
Processed 226.wav
Processed 226.wav
Processed 151.wav
Processed 151.wav
Processed 430.wav
Processed 430.wav
Processed 74.wav
Processed 74.wav
Processed 210.wav
Processed 210.wav
Processed 361.wav
Processed 361.wav
Processed 306.wav
Processed 306.wav
Processed 376.wav
Processed 376.wav
Processed 301.wav
Processed 301.wav
Processed 148.wav
Processed 148.wav
Processed 393.wav
Processed 393.wav
Processed 56.wav
Processed 56.wav
Processed 328.wav
Processed 328.wav
Processed 106.wav
Processed 106.wav
Processed 116.wav
Processed 116.wav
Processed 193.wav
Processed 193.wav
Processed 256.wav
Processed 256.wav
Processed 398.wav
Processed 398.wav
Processed 421.wav
Processed 421.wav
Processed 131.wav
Processed 131.wav
Processed 385.wav
Processed 385.wav
Processed 307.wav
Processed 307.wav
Processed 76.wav
Processed 76.wav
Processed 69.wav
Processed 69.wav
Processed 267.wav
Processed 267.wav
Processed 425.wav
Processed 425.wav
Processed 312.wav
Processed 312.wav
Processed 422.wav
Processed 422.wav
Processed 285.wav
Processed 285.wav
Processed 211.wav
Processed 211.wav
Processed 365.wav
Processed 365.wav
Processed 218.wav
Processed 218.wav
Processed 366.wav
Processed 366.wav
Processed 427.wav
Processed 427.wav
Processed 230.wav
Processed 230.wav
Processed 39.wav
Processed 39.wav
Processed 130.wav
Processed 130.wav
Processed 179.wav
Processed 179.wav
Processed 204.wav
Processed 204.wav
Processed 187.wav
Processed 187.wav
Processed 354.wav
Processed 354.wav
Processed 164.wav
Processed 164.wav
Processed 419.wav
Processed 419.wav
Processed 203.wav
Processed 203.wav
Processed 325.wav
Processed 325.wav
Processed 428.wav
Processed 428.wav
Processed 55.wav
Processed 55.wav
Processed 146.wav
Processed 146.wav
Processed 342.wav
Processed 342.wav
Processed 420.wav
Processed 420.wav
Processed 413.wav
Processed 413.wav
Processed 33.wav
Processed 33.wav
Processed 45.wav
Processed 45.wav
Processed 435.wav
Processed 435.wav
Processed 375.wav
Processed 375.wav
Processed 377.wav
Processed 377.wav
Processed 165.wav
Processed 165.wav
Processed 101.wav
Processed 101.wav
Processed 437.wav
Processed 437.wav
Processed 333.wav
Processed 333.wav
Processed 234.wav
Processed 234.wav
Processed 231.wav
Processed 231.wav
Processed 7.wav
Processed 7.wav
Processed 380.wav
Processed 380.wav
Processed 217.wav
Processed 217.wav
Processed 36.wav
Processed 36.wav
Processed 107.wav
Processed 107.wav
Processed 371.wav
Processed 371.wav
Processed 400.wav
Processed 400.wav
Processed 5.wav
Processed 5.wav
Processed 176.wav
Processed 176.wav
Processed 358.wav
Processed 358.wav
Processed 381.wav
Processed 381.wav
Processed 251.wav
Processed 251.wav
Processed 252.wav
Processed 252.wav
Processed 440.wav
Processed 440.wav
Processed 28.wav
Processed 28.wav
Processed 294.wav
Processed 294.wav
Processed 300.wav
Processed 300.wav
Processed 23.wav
Processed 23.wav
Processed 160.wav
Processed 160.wav
Processed 319.wav
Processed 319.wav
Processed 240.wav
Processed 240.wav
Processed 207.wav
Processed 207.wav
Processed 423.wav
Processed 423.wav
Processed 270.wav
Processed 270.wav
Processed 93.wav
Processed 93.wav
Processed 343.wav
Processed 343.wav
Processed 71.wav
Processed 71.wav
Processed 432.wav
Processed 432.wav
Processed 31.wav
Processed 31.wav
Processed 19.wav
Processed 19.wav
Processed 429.wav
Processed 429.wav
Processed 182.wav
Processed 182.wav
Processed 364.wav
Processed 364.wav
Processed 180.wav
Processed 180.wav
Processed 145.wav
Processed 145.wav
Processed 30.wav
Processed 30.wav
Processed 9.wav
Processed 9.wav
Processed 24.wav
Processed 24.wav
Processed 27.wav
Processed 27.wav
Processed 308.wav
Processed 308.wav
Processed 162.wav
Processed 162.wav
Processed 97.wav
Processed 97.wav
Processed 155.wav
Processed 155.wav
Processed 199.wav
Processed 199.wav
Processed 135.wav
Processed 135.wav
Processed 406.wav
Processed 406.wav
Processed 77.wav
Processed 77.wav
Processed 113.wav
Processed 113.wav
Processed 197.wav
Processed 197.wav
Processed 144.wav
Processed 144.wav
Processed 42.wav
Processed 42.wav
Processed 87.wav
Processed 87.wav
Processed 281.wav
Processed 281.wav
Processed 336.wav
Processed 336.wav
Processed 313.wav
Processed 313.wav
Processed 20.wav
Processed 20.wav
Processed 139.wav
Processed 139.wav
Processed 407.wav
Processed 407.wav
Processed 347.wav
Processed 347.wav
Processed 137.wav
Processed 137.wav
Processed 334.wav
Processed 334.wav
Processed 188.wav
Processed 188.wav
Processed 250.wav
Processed 250.wav
Processed 360.wav
Processed 360.wav
Processed 424.wav
Processed 424.wav
Processed 133.wav
Processed 133.wav
Processed 397.wav
Processed 397.wav
Processed 34.wav
Processed 34.wav
Processed 110.wav
Processed 110.wav
Processed 25.wav
Processed 25.wav
Processed 82.wav
Processed 82.wav
Processed 21.wav
Processed 21.wav
Processed 70.wav
Processed 70.wav
Processed 315.wav
Processed 315.wav
Processed 286.wav
Processed 286.wav
Processed 259.wav
Processed 259.wav
Processed 415.wav
Processed 415.wav
Processed 172.wav
Processed 172.wav
Processed 89.wav
Processed 89.wav
Processed 349.wav
Processed 349.wav
Processed 355.wav
Processed 355.wav
Processed 128.wav
Processed 128.wav
Processed 118.wav
Processed 118.wav
Processed 0.wav
Processed 0.wav
Processed 85.wav
Processed 85.wav
Processed 169.wav
Processed 169.wav
Processed 67.wav
Processed 67.wav
Processed 65.wav
Processed 65.wav
Processed 338.wav
Processed 338.wav
Processed 10.wav
Processed 10.wav
Processed 337.wav
Processed 337.wav
Processed 229.wav
Processed 229.wav
Processed 253.wav
Processed 253.wav
Processed 63.wav
Processed 63.wav
Processed 266.wav
Processed 266.wav
Processed 241.wav
Processed 241.wav
Processed 391.wav
Processed 391.wav
Processed 254.wav
Processed 254.wav
Processed 245.wav
Processed 245.wav
Processed 326.wav
Processed 326.wav
Processed 112.wav
Processed 112.wav
Processed 114.wav
Processed 114.wav
Processed 265.wav
Processed 265.wav
Processed 8.wav
Processed 8.wav
Processed 318.wav
Processed 318.wav
Processed 225.wav
Processed 225.wav
Processed 64.wav
Processed 64.wav
Processed 91.wav
Processed 91.wav
Processed 156.wav
Processed 156.wav
Processed 4.wav
Processed 4.wav
Processed 134.wav
Processed 134.wav
Processed 58.wav
Processed 58.wav
Processed 387.wav
Processed 387.wav
Processed 92.wav
Processed 92.wav
Processed 383.wav
Processed 383.wav
Processed 175.wav
Processed 175.wav
Processed 282.wav
Processed 282.wav
Processed 215.wav
Processed 215.wav
Processed 60.wav
Processed 60.wav
Processed 246.wav
Processed 246.wav
Processed 104.wav
Processed 104.wav
Processed 170.wav
Processed 170.wav
Processed 90.wav
Processed 90.wav
Processed 317.wav
Processed 317.wav
Processed 386.wav
Processed 386.wav
Processed 26.wav
Processed 26.wav
Processed 280.wav
Processed 280.wav
Processed 401.wav
Processed 401.wav
Processed 323.wav
Processed 323.wav
Processed 94.wav
Processed 94.wav
Processed 141.wav
Processed 141.wav
Processed 309.wav
Processed 309.wav
Processed 335.wav
Processed 335.wav
Processed 403.wav
Processed 403.wav
Processed 105.wav
Processed 105.wav
Processed 86.wav
Processed 86.wav
Processed 362.wav
Processed 362.wav
Processed 409.wav
Processed 409.wav
Processed 186.wav
Processed 186.wav
Processed 37.wav
Processed 37.wav
Processed 283.wav
Processed 283.wav
Processed 389.wav
Processed 389.wav
Processed 292.wav
Processed 292.wav
Processed 269.wav
Processed 269.wav
Processed 40.wav
Processed 40.wav
Processed 390.wav
Processed 390.wav
Processed 140.wav
Processed 140.wav
Processed 291.wav
Processed 291.wav
Processed 262.wav
Processed 262.wav
Processed 417.wav
Processed 417.wav
Processed 17.wav
Processed 17.wav
Processed 353.wav
Processed 353.wav
Processed 129.wav
Processed 129.wav
Processed 332.wav
Processed 332.wav
Processed 168.wav
Processed 168.wav
Processed 49.wav
Processed 49.wav
Processed 213.wav
Processed 213.wav
Processed 216.wav
Processed 216.wav
Processed 35.wav
Processed 35.wav
Processed 2.wav
Processed 2.wav
Processed 224.wav
Processed 224.wav
Processed 125.wav
Processed 125.wav
Processed 99.wav
Processed 99.wav
Processed 181.wav
Processed 181.wav
Processed 22.wav
Processed 22.wav
Processed 295.wav
Processed 295.wav
Processed 359.wav
Processed 359.wav
Processed 88.wav
Processed 88.wav
Processed 177.wav
Processed 177.wav
Processed 142.wav
Processed 142.wav
Processed 122.wav
Processed 122.wav
Processed 303.wav
Processed 303.wav
Processed 275.wav
Processed 275.wav
Processed 416.wav
Processed 416.wav
Processed 189.wav
Processed 189.wav
Processed 352.wav
Processed 352.wav
Processed 247.wav
Processed 247.wav
Processed 399.wav
Processed 399.wav
Processed 404.wav
Processed 404.wav
Processed 126.wav
Processed 126.wav
Processed 264.wav
Processed 264.wav
Processed 434.wav
Processed 434.wav
Processed 152.wav
Processed 152.wav
Processed 395.wav
Processed 395.wav
Processed 212.wav
Processed 212.wav
Processed 311.wav
Processed 311.wav
Processed 408.wav
Processed 408.wav
Processed 108.wav
Processed 108.wav
Processed 41.wav
Processed 41.wav
Processed 18.wav
Processed 18.wav
Processed 243.wav
Processed 243.wav
Processed 370.wav
Processed 370.wav
Processed 214.wav
Processed 214.wav
Processed 72.wav
Processed 72.wav
Processed 340.wav
Processed 340.wav
Processed 43.wav
Processed 43.wav
Processed 149.wav
Processed 149.wav
Processed 273.wav
Processed 273.wav
Processed 327.wav
Processed 327.wav
Processed 279.wav
Processed 279.wav
Processed 357.wav
Processed 357.wav
Processed 321.wav
Processed 321.wav
Processed 350.wav
Processed 350.wav
Processed 348.wav
Processed 348.wav
Processed 173.wav
Processed 173.wav
Processed 331.wav
Processed 331.wav
Processed 201.wav
Processed 201.wav
Processed 426.wav
Processed 426.wav
Processed 236.wav
Processed 236.wav
Processed 3.wav
Processed 3.wav
Processed 136.wav
Processed 136.wav
Processed 13.wav
Processed 13.wav
Processed 51.wav
Processed 51.wav
Processed 228.wav
Processed 228.wav
Processed 200.wav
Processed 200.wav
Processed 344.wav
Processed 344.wav
Processed 379.wav
Processed 379.wav
Processed 132.wav
Processed 132.wav
Processed 61.wav
Processed 61.wav
Processed 124.wav
Processed 124.wav
Processed 278.wav
Processed 278.wav
Processed 44.wav
Processed 44.wav
Processed 258.wav
Processed 258.wav
Processed 244.wav
Processed 244.wav
Processed 304.wav
Processed 304.wav
Processed 202.wav
Processed 202.wav
Processed 48.wav
Processed 48.wav
Processed 208.wav
Processed 208.wav
Processed 120.wav
Processed 120.wav
Processed 369.wav
Processed 369.wav
Processed 190.wav
Processed 190.wav
Processed 206.wav
Processed 206.wav
Processed 302.wav
Processed 302.wav
Processed 147.wav
Processed 147.wav
Processed 316.wav
Processed 316.wav
Processed 288.wav
Processed 288.wav
Processed 83.wav
Processed 83.wav
Processed 322.wav
Processed 322.wav
Processed 166.wav
Processed 166.wav
Processed 100.wav
Processed 100.wav
Processed 191.wav
Processed 191.wav
Processed 185.wav
Processed 185.wav
Processed 119.wav
Processed 119.wav
Processed 330.wav
Processed 330.wav
Processed 299.wav
Processed 299.wav
Processed 271.wav
Processed 271.wav
Processed 50.wav
Processed 50.wav
Processed 290.wav
Processed 290.wav
Processed 414.wav
Processed 414.wav
Processed 220.wav
Processed 220.wav
Processed 396.wav
Processed 396.wav
Error processing 195.wav: all the input arrays must have same number of dimensions, but the array at index 0 has 1 dimension(s) and the array at index 1 has 0 dimension(s)
Processed 431.wav
Processed 431.wav
Processed 410.wav
Processed 410.wav
Processed 154.wav
Processed 154.wav
Processed 263.wav
Processed 263.wav
Processed 15.wav
Processed 15.wav
Processed 121.wav
Processed 121.wav
Processed 235.wav
Processed 235.wav
Processed 209.wav
Processed 209.wav
Processed 163.wav
Processed 163.wav
Processed 345.wav
Processed 345.wav
Processed 356.wav
Processed 356.wav
Processed 183.wav
Processed 183.wav
Processed 238.wav
Processed 238.wav
Processed 433.wav
Processed 433.wav
Processed 274.wav
Processed 274.wav
Processed 194.wav
Processed 194.wav
Processed 52.wav
Processed 52.wav
Processed 73.wav
Processed 73.wav
Processed 346.wav
Processed 346.wav
Processed 268.wav
Processed 268.wav
Processed 260.wav
Processed 260.wav
Processed 102.wav
Processed 102.wav
Processed 12.wav
Processed 12.wav
Processed 143.wav
Processed 143.wav
Processed 439.wav
Processed 439.wav
Processed 62.wav
Processed 62.wav
Processed 84.wav
Processed 84.wav
Processed 59.wav
Processed 59.wav
Processed 53.wav
Processed 53.wav
Processed 11.wav
Processed 11.wav
Processed 374.wav
Processed 374.wav
Processed 223.wav
Processed 223.wav
Processed 249.wav
Processed 249.wav
Processed 123.wav
Processed 123.wav
Processed 159.wav
Processed 159.wav
Processed 305.wav
Processed 305.wav
Processed 171.wav
Processed 171.wav
Processed 310.wav
Processed 310.wav
Processed 6.wav
Processed 6.wav
Processed 167.wav
Processed 167.wav
Processed 261.wav
Processed 261.wav
Processed 157.wav
Processed 157.wav
Processed 153.wav
Processed 153.wav
Processed 392.wav
Processed 392.wav
Processed 158.wav
Processed 158.wav
Processed 232.wav
Processed 232.wav
Processed 438.wav
Processed 438.wav
Processed 57.wav
Processed 57.wav
Processed 95.wav
Processed 95.wav
Processed 314.wav
Processed 314.wav
Processed 192.wav
Processed 192.wav
Processed 339.wav
Processed 339.wav
Processed 298.wav
Processed 298.wav
Processed 29.wav
Processed 29.wav
Processed 272.wav
Processed 272.wav
Processed 109.wav
Processed 109.wav
Processed 79.wav
Processed 79.wav
Processed 296.wav
Processed 296.wav
Processed 402.wav
Processed 402.wav
Processed 80.wav
Processed 80.wav
Final results saved to /var/lib/condor/execute/slot2/dir_518274/scratch/tweety_bert/temp_song_detection_output/onset_offset_results.json
Attempting to merge 1 JSON files.
Successfully merged 440 unique entries into '/var/lib/condor/execute/slot2/dir_518274/scratch/tweety_bert/files/song_detection.json'
Running command: /usr/local/bin/python /var/lib/condor/execute/slot2/dir_518274/scratch/tweety_bert/song_detector/src/inference.py --mode local_dir --input /var/lib/condor/execute/slot2/dir_518274/scratch/files/3470165/Bird4/Wave --output /var/lib/condor/execute/slot2/dir_518274/scratch/tweety_bert/temp_song_detection_output --step_size 86
Merge successful. Cleaning up temporary files.
Decoder state loaded from experiments/Bird4_decoder_linear_decoder/decoder_state
Segment 1 has fewer than 250 time bins and will be skipped.
Segment 2 has fewer than 250 time bins and will be skipped.
Segment 1 has fewer than 250 time bins and will be skipped.
Segment 1 has fewer than 250 time bins and will be skipped.
Segment 1 has fewer than 250 time bins and will be skipped.
Segment 1 has fewer than 250 time bins and will be skipped.
Segment 1 has fewer than 250 time bins and will be skipped.
Segment 1 has fewer than 250 time bins and will be skipped.
Segment 1 has fewer than 250 time bins and will be skipped.
Segment 1 has fewer than 250 time bins and will be skipped.
Segment 1 has fewer than 250 time bins and will be skipped.
Running command: /usr/local/bin/python /var/lib/condor/execute/slot2/dir_518274/scratch/tweety_bert/src/inference.py --bird_name Bird4_decoder --wav_dir /var/lib/condor/execute/slot2/dir_518274/scratch/files/3470165/Bird4/Wave --song_detection_json /var/lib/condor/execute/slot2/dir_518274/scratch/tweety_bert/files/Bird4_song_detection.json --apply_post_processing True --window_size 50 --visualize True
Starting process_directory
Reading file list from: /var/lib/condor/execute/slot2/dir_518274/scratch/tweety_bert/temp_decode/single_mode_files.txt
Found 100 files in the list.
Running in multi-threaded mode with 192 workers.
Total files processed: 100
Total files skipped due to errors or no vocalization data: 0
/var/lib/condor/execute/slot2/dir_518274/scratch/tweety_bert
samples per dataset: 500000
dataset /var/lib/condor/execute/slot2/dir_518274/scratch/tweety_bert/temp_decode/umap_specs exhausted after 375893 samples
vocalization arr shape (375893,)
predictions arr shape (375893, 196)
ground truth labels arr shape (375893,)
spec arr shape (375893, 196)
initializing umap reducer...
umap reducer (2 dims for visualization) initialized.
umap reducer (8 dims for clustering) initialized.
umap fitting for visualization complete. shape of embedding outputs: (375893, 2)
umap cluster fitting for clustering complete. shape of embedding outputs: (375893, 8)
discovered labels [-1  0  1  2  3  4  5  6  7  8  9 10 11 12 13 14]
hdbscan labels generated. unique labels found: [-1  0  1  2  3  4  5  6  7  8  9 10 11 12 13 14]
Number of classes: 15
Step 10: Train Loss 2.3695 FER = 54.69%, Val Loss = 2.2858
Step 20: Train Loss 1.7982 FER = 49.51%, Val Loss = 1.8564
Step 30: Train Loss 1.3122 FER = 34.63%, Val Loss = 1.3768
Step 40: Train Loss 0.8900 FER = 20.10%, Val Loss = 0.9777
Step 50: Train Loss 0.6699 FER = 16.45%, Val Loss = 0.7275
Step 60: Train Loss 0.4794 FER = 14.28%, Val Loss = 0.5350
Step 70: Train Loss 0.3764 FER = 12.38%, Val Loss = 0.4032
Step 80: Train Loss 0.1702 FER = 8.29%, Val Loss = 0.2781
Step 90: Train Loss 0.2290 FER = 7.55%, Val Loss = 0.2532
Step 100: Train Loss 0.1704 FER = 6.14%, Val Loss = 0.1952
Step 110: Train Loss 0.1892 FER = 6.82%, Val Loss = 0.2061
Step 120: Train Loss 0.1118 FER = 7.85%, Val Loss = 0.2378
Step 130: Train Loss 0.1334 FER = 10.60%, Val Loss = 0.2766
Early stopping triggered
Decoder state saved in experiments/Bird5_decoder_linear_decoder/decoder_state
Generated 76 spectrograms.
Running command: /usr/local/bin/python /var/lib/condor/execute/slot2/dir_518274/scratch/tweety_bert/src/spectogram_generator.py --file_list /var/lib/condor/execute/slot2/dir_518274/scratch/tweety_bert/temp_decode/single_mode_files.txt --dst_dir /var/lib/condor/execute/slot2/dir_518274/scratch/tweety_bert/temp_decode/umap_specs --song_detection_json_path None --nfft 1024 --single_threaded false
Running command: /usr/local/bin/python /var/lib/condor/execute/slot2/dir_518274/scratch/tweety_bert/figure_generation_scripts/dim_reduced_birdsong_plots.py --experiment_folder /var/lib/condor/execute/slot2/dir_518274/scratch/tweety_bert/experiments/MyTweetyBERTModel --save_name Bird5_decoder --samples 5e5 --raw_spectogram false --state_finding_algorithm HDBSCAN --context 1000 --data_dirs /var/lib/condor/execute/slot2/dir_518274/scratch/tweety_bert/temp_decode/umap_specs
Running command: /usr/local/bin/python /var/lib/condor/execute/slot2/dir_518274/scratch/tweety_bert/src/decoder.py --experiment_name MyTweetyBERTModel --bird_name Bird5_decoder --context_length 1000
Processed 117.wav
Processed 117.wav
Processed 98.wav
Processed 98.wav
Processed 174.wav
Processed 174.wav
Processed 14.wav
Processed 14.wav
Processed 277.wav
Processed 277.wav
Processed 248.wav
Processed 248.wav
Processed 257.wav
Processed 257.wav
Processed 38.wav
Processed 38.wav
Processed 1.wav
Processed 1.wav
Processed 293.wav
Processed 293.wav
Processed 329.wav
Processed 329.wav
Processed 233.wav
Processed 233.wav
Processed 111.wav
Processed 111.wav
Processed 127.wav
Processed 127.wav
Processed 161.wav
Processed 161.wav
Processed 32.wav
Processed 32.wav
Processed 287.wav
Processed 287.wav
Processed 239.wav
Processed 239.wav
Processed 237.wav
Processed 237.wav
Processed 205.wav
Processed 205.wav
Processed 324.wav
Processed 324.wav
Processed 150.wav
Processed 150.wav
Processed 47.wav
Processed 47.wav
Processed 75.wav
Processed 75.wav
Processed 222.wav
Processed 222.wav
Processed 221.wav
Processed 221.wav
Processed 54.wav
Processed 54.wav
Processed 66.wav
Processed 66.wav
Processed 289.wav
Processed 289.wav
Processed 115.wav
Processed 115.wav
Processed 284.wav
Processed 284.wav
Processed 178.wav
Processed 178.wav
Processed 81.wav
Processed 81.wav
Processed 68.wav
Processed 68.wav
Processed 255.wav
Processed 255.wav
Processed 16.wav
Processed 16.wav
Processed 242.wav
Processed 242.wav
Processed 297.wav
Processed 297.wav
Processed 46.wav
Processed 46.wav
Processed 227.wav
Processed 227.wav
Processed 184.wav
Processed 184.wav
Processed 196.wav
Processed 196.wav
Processed 198.wav
Processed 198.wav
Processed 96.wav
Processed 96.wav
Processed 103.wav
Processed 103.wav
Processed 320.wav
Processed 320.wav
Processed 276.wav
Processed 276.wav
Processed 138.wav
Processed 138.wav
Processed 219.wav
Processed 219.wav
Processed 78.wav
Processed 78.wav
Processed 226.wav
Processed 226.wav
Processed 151.wav
Processed 151.wav
Processed 74.wav
Processed 74.wav
Processed 210.wav
Processed 210.wav
Processed 306.wav
Processed 306.wav
Processed 301.wav
Processed 301.wav
Processed 148.wav
Processed 148.wav
Processed 56.wav
Processed 56.wav
Processed 328.wav
Processed 328.wav
Processed 106.wav
Processed 106.wav
Processed 116.wav
Processed 116.wav
Processed 193.wav
Processed 193.wav
Processed 256.wav
Processed 256.wav
Processed 131.wav
Processed 131.wav
Processed 307.wav
Processed 307.wav
Processed 76.wav
Processed 76.wav
Processed 69.wav
Processed 69.wav
Processed 267.wav
Processed 267.wav
Processed 312.wav
Processed 312.wav
Processed 285.wav
Processed 285.wav
Processed 211.wav
Processed 211.wav
Processed 218.wav
Processed 218.wav
Processed 230.wav
Processed 230.wav
Processed 39.wav
Processed 39.wav
Processed 130.wav
Processed 130.wav
Processed 179.wav
Processed 179.wav
Processed 204.wav
Processed 204.wav
Processed 187.wav
Processed 187.wav
Processed 164.wav
Processed 164.wav
Processed 203.wav
Processed 203.wav
Processed 325.wav
Processed 325.wav
Processed 55.wav
Processed 55.wav
Processed 146.wav
Processed 146.wav
Processed 33.wav
Processed 33.wav
Processed 45.wav
Processed 45.wav
Processed 165.wav
Processed 165.wav
Processed 101.wav
Processed 101.wav
Processed 333.wav
Processed 333.wav
Processed 234.wav
Processed 234.wav
Processed 231.wav
Processed 231.wav
Processed 7.wav
Processed 7.wav
Processed 217.wav
Processed 217.wav
Processed 36.wav
Processed 36.wav
Processed 107.wav
Processed 107.wav
Processed 5.wav
Processed 5.wav
Processed 176.wav
Processed 176.wav
Processed 251.wav
Processed 251.wav
Processed 252.wav
Processed 252.wav
Processed 28.wav
Processed 28.wav
Processed 294.wav
Processed 294.wav
Processed 300.wav
Processed 300.wav
Processed 23.wav
Processed 23.wav
Processed 160.wav
Processed 160.wav
Processed 319.wav
Processed 319.wav
Processed 240.wav
Processed 240.wav
Processed 207.wav
Processed 207.wav
Processed 270.wav
Processed 270.wav
Processed 93.wav
Processed 93.wav
Processed 71.wav
Processed 71.wav
Processed 31.wav
Processed 31.wav
Processed 19.wav
Processed 19.wav
Processed 182.wav
Processed 182.wav
Processed 180.wav
Processed 180.wav
Processed 145.wav
Processed 145.wav
Processed 30.wav
Processed 30.wav
Processed 9.wav
Processed 9.wav
Processed 24.wav
Processed 24.wav
Processed 27.wav
Processed 27.wav
Processed 308.wav
Processed 308.wav
Processed 162.wav
Processed 162.wav
Processed 97.wav
Processed 97.wav
Processed 155.wav
Processed 155.wav
Processed 199.wav
Processed 199.wav
Processed 135.wav
Processed 135.wav
Processed 77.wav
Processed 77.wav
Processed 113.wav
Processed 113.wav
Processed 197.wav
Processed 197.wav
Processed 144.wav
Processed 144.wav
Processed 42.wav
Processed 42.wav
Processed 87.wav
Processed 87.wav
Processed 281.wav
Processed 281.wav
Processed 313.wav
Processed 313.wav
Processed 20.wav
Processed 20.wav
Processed 139.wav
Processed 139.wav
Processed 137.wav
Processed 137.wav
Processed 334.wav
Processed 334.wav
Processed 188.wav
Processed 188.wav
Processed 250.wav
Processed 250.wav
Processed 133.wav
Processed 133.wav
Processed 34.wav
Processed 34.wav
Processed 110.wav
Processed 110.wav
Processed 25.wav
Processed 25.wav
Processed 82.wav
Processed 82.wav
Processed 21.wav
Processed 21.wav
Processed 70.wav
Processed 70.wav
Processed 315.wav
Processed 315.wav
Processed 286.wav
Processed 286.wav
Processed 259.wav
Processed 259.wav
Processed 172.wav
Processed 172.wav
Processed 89.wav
Processed 89.wav
Processed 128.wav
Processed 128.wav
Processed 118.wav
Processed 118.wav
Processed 0.wav
Processed 0.wav
Processed 85.wav
Processed 85.wav
Processed 169.wav
Processed 169.wav
Processed 67.wav
Processed 67.wav
Processed 65.wav
Processed 65.wav
Processed 10.wav
Processed 10.wav
Processed 229.wav
Processed 229.wav
Processed 253.wav
Processed 253.wav
Processed 63.wav
Processed 63.wav
Processed 266.wav
Processed 266.wav
Processed 241.wav
Processed 241.wav
Processed 254.wav
Processed 254.wav
Processed 245.wav
Processed 245.wav
Processed 326.wav
Processed 326.wav
Processed 112.wav
Processed 112.wav
Processed 114.wav
Processed 114.wav
Processed 265.wav
Processed 265.wav
Processed 8.wav
Processed 8.wav
Processed 318.wav
Processed 318.wav
Processed 225.wav
Processed 225.wav
Processed 64.wav
Processed 64.wav
Processed 91.wav
Processed 91.wav
Processed 156.wav
Processed 156.wav
Processed 4.wav
Processed 4.wav
Processed 134.wav
Processed 134.wav
Processed 58.wav
Processed 58.wav
Processed 92.wav
Processed 92.wav
Processed 175.wav
Processed 175.wav
Processed 282.wav
Processed 282.wav
Processed 215.wav
Processed 215.wav
Processed 60.wav
Processed 60.wav
Processed 246.wav
Processed 246.wav
Processed 104.wav
Processed 104.wav
Processed 170.wav
Processed 170.wav
Processed 90.wav
Processed 90.wav
Processed 317.wav
Processed 317.wav
Processed 26.wav
Processed 26.wav
Processed 280.wav
Processed 280.wav
Processed 323.wav
Processed 323.wav
Processed 94.wav
Processed 94.wav
Processed 141.wav
Processed 141.wav
Processed 309.wav
Processed 309.wav
Processed 105.wav
Processed 105.wav
Processed 86.wav
Processed 86.wav
Processed 186.wav
Processed 186.wav
Processed 37.wav
Processed 37.wav
Processed 283.wav
Processed 283.wav
Processed 292.wav
Processed 292.wav
Processed 269.wav
Processed 269.wav
Processed 40.wav
Processed 40.wav
Processed 140.wav
Processed 140.wav
Processed 291.wav
Processed 291.wav
Processed 262.wav
Processed 262.wav
Processed 17.wav
Processed 17.wav
Processed 129.wav
Processed 129.wav
Processed 332.wav
Processed 332.wav
Processed 168.wav
Processed 168.wav
Processed 49.wav
Processed 49.wav
Processed 213.wav
Processed 213.wav
Processed 216.wav
Processed 216.wav
Processed 35.wav
Processed 35.wav
Processed 2.wav
Processed 2.wav
Processed 224.wav
Processed 224.wav
Processed 125.wav
Processed 125.wav
Processed 99.wav
Processed 99.wav
Processed 181.wav
Processed 181.wav
Processed 22.wav
Processed 22.wav
Processed 295.wav
Processed 295.wav
Processed 88.wav
Processed 88.wav
Processed 177.wav
Processed 177.wav
Processed 142.wav
Processed 142.wav
Processed 122.wav
Processed 122.wav
Processed 303.wav
Processed 303.wav
Processed 275.wav
Processed 275.wav
Processed 189.wav
Processed 189.wav
Processed 247.wav
Processed 247.wav
Processed 126.wav
Processed 126.wav
Processed 264.wav
Processed 264.wav
Processed 152.wav
Processed 152.wav
Processed 212.wav
Processed 212.wav
Processed 311.wav
Processed 311.wav
Processed 108.wav
Processed 108.wav
Processed 41.wav
Processed 41.wav
Processed 18.wav
Processed 18.wav
Processed 243.wav
Processed 243.wav
Processed 214.wav
Processed 214.wav
Processed 72.wav
Processed 72.wav
Processed 43.wav
Processed 43.wav
Processed 149.wav
Processed 149.wav
Processed 273.wav
Processed 273.wav
Processed 327.wav
Processed 327.wav
Processed 279.wav
Processed 279.wav
Processed 321.wav
Processed 321.wav
Processed 173.wav
Processed 173.wav
Processed 331.wav
Processed 331.wav
Processed 201.wav
Processed 201.wav
Processed 236.wav
Processed 236.wav
Processed 3.wav
Processed 3.wav
Processed 136.wav
Processed 136.wav
Processed 13.wav
Processed 13.wav
Processed 51.wav
Processed 51.wav
Processed 228.wav
Processed 228.wav
Processed 200.wav
Processed 200.wav
Processed 132.wav
Processed 132.wav
Processed 61.wav
Processed 61.wav
Processed 124.wav
Processed 124.wav
Processed 278.wav
Processed 278.wav
Processed 44.wav
Processed 44.wav
Processed 258.wav
Processed 258.wav
Processed 244.wav
Processed 244.wav
Processed 304.wav
Processed 304.wav
Processed 202.wav
Processed 202.wav
Processed 48.wav
Processed 48.wav
Processed 208.wav
Processed 208.wav
Processed 120.wav
Processed 120.wav
Processed 190.wav
Processed 190.wav
Processed 206.wav
Processed 206.wav
Processed 302.wav
Processed 302.wav
Processed 147.wav
Processed 147.wav
Processed 316.wav
Processed 316.wav
Processed 288.wav
Processed 288.wav
Processed 83.wav
Processed 83.wav
Processed 322.wav
Processed 322.wav
Processed 166.wav
Processed 166.wav
Processed 100.wav
Processed 100.wav
Processed 191.wav
Processed 191.wav
Processed 185.wav
Processed 185.wav
Processed 119.wav
Processed 119.wav
Processed 330.wav
Processed 330.wav
Processed 299.wav
Processed 299.wav
Processed 271.wav
Processed 271.wav
Processed 50.wav
Processed 50.wav
Processed 290.wav
Processed 290.wav
Processed 220.wav
Processed 220.wav
Processed 195.wav
Processed 195.wav
Processed 154.wav
Processed 154.wav
Processed 263.wav
Processed 263.wav
Processed 15.wav
Processed 15.wav
Processed 121.wav
Processed 121.wav
Processed 235.wav
Processed 235.wav
Processed 209.wav
Processed 209.wav
Processed 163.wav
Processed 163.wav
Processed 183.wav
Processed 183.wav
Processed 238.wav
Processed 238.wav
Processed 274.wav
Processed 274.wav
Processed 194.wav
Processed 194.wav
Processed 52.wav
Processed 52.wav
Processed 73.wav
Processed 73.wav
Processed 268.wav
Processed 268.wav
Processed 260.wav
Processed 260.wav
Processed 102.wav
Processed 102.wav
Processed 12.wav
Processed 12.wav
Processed 143.wav
Processed 143.wav
Processed 62.wav
Processed 62.wav
Processed 84.wav
Processed 84.wav
Processed 59.wav
Processed 59.wav
Processed 53.wav
Processed 53.wav
Processed 11.wav
Processed 11.wav
Processed 223.wav
Processed 223.wav
Processed 249.wav
Processed 249.wav
Processed 123.wav
Processed 123.wav
Processed 159.wav
Processed 159.wav
Processed 305.wav
Processed 305.wav
Processed 171.wav
Processed 171.wav
Processed 310.wav
Processed 310.wav
Processed 6.wav
Processed 6.wav
Processed 167.wav
Processed 167.wav
Processed 261.wav
Processed 261.wav
Processed 157.wav
Processed 157.wav
Processed 153.wav
Processed 153.wav
Processed 158.wav
Processed 158.wav
Processed 232.wav
Processed 232.wav
Processed 57.wav
Processed 57.wav
Processed 95.wav
Processed 95.wav
Processed 314.wav
Processed 314.wav
Processed 192.wav
Processed 192.wav
Processed 298.wav
Processed 298.wav
Processed 29.wav
Processed 29.wav
Processed 272.wav
Processed 272.wav
Processed 109.wav
Processed 109.wav
Processed 79.wav
Processed 79.wav
Processed 296.wav
Processed 296.wav
Processed 80.wav
Processed 80.wav
Final results saved to /var/lib/condor/execute/slot2/dir_518274/scratch/tweety_bert/temp_song_detection_output/onset_offset_results.json
Attempting to merge 1 JSON files.
Successfully merged 335 unique entries into '/var/lib/condor/execute/slot2/dir_518274/scratch/tweety_bert/files/song_detection.json'
Running command: /usr/local/bin/python /var/lib/condor/execute/slot2/dir_518274/scratch/tweety_bert/song_detector/src/inference.py --mode local_dir --input /var/lib/condor/execute/slot2/dir_518274/scratch/files/3470165/Bird5/Wave --output /var/lib/condor/execute/slot2/dir_518274/scratch/tweety_bert/temp_song_detection_output --step_size 86
Merge successful. Cleaning up temporary files.
Decoder state loaded from experiments/Bird5_decoder_linear_decoder/decoder_state
Segment 0 has fewer than 250 time bins and will be skipped.
Segment 0 has fewer than 250 time bins and will be skipped.
Segment 0 has fewer than 250 time bins and will be skipped.
Segment 0 has fewer than 250 time bins and will be skipped.
Segment 0 has fewer than 250 time bins and will be skipped.
Segment 1 has fewer than 250 time bins and will be skipped.
Segment 0 has fewer than 250 time bins and will be skipped.
Segment 0 has fewer than 250 time bins and will be skipped.
Segment 0 has fewer than 250 time bins and will be skipped.
Segment 0 has fewer than 250 time bins and will be skipped.
Segment 0 has fewer than 250 time bins and will be skipped.
Segment 0 has fewer than 250 time bins and will be skipped.
Segment 0 has fewer than 250 time bins and will be skipped.
Segment 1 has fewer than 250 time bins and will be skipped.
Segment 0 has fewer than 250 time bins and will be skipped.
Segment 0 has fewer than 250 time bins and will be skipped.
Segment 0 has fewer than 250 time bins and will be skipped.
Segment 0 has fewer than 250 time bins and will be skipped.
Segment 0 has fewer than 250 time bins and will be skipped.
Segment 0 has fewer than 250 time bins and will be skipped.
Segment 1 has fewer than 250 time bins and will be skipped.
Running command: /usr/local/bin/python /var/lib/condor/execute/slot2/dir_518274/scratch/tweety_bert/src/inference.py --bird_name Bird5_decoder --wav_dir /var/lib/condor/execute/slot2/dir_518274/scratch/files/3470165/Bird5/Wave --song_detection_json /var/lib/condor/execute/slot2/dir_518274/scratch/tweety_bert/files/Bird5_song_detection.json --apply_post_processing True --window_size 50 --visualize True
Starting process_directory
Reading file list from: /var/lib/condor/execute/slot2/dir_518274/scratch/tweety_bert/temp_decode/single_mode_files.txt
Found 100 files in the list.
Running in multi-threaded mode with 192 workers.
Total files processed: 100
Total files skipped due to errors or no vocalization data: 0
/var/lib/condor/execute/slot2/dir_518274/scratch/tweety_bert
samples per dataset: 500000
dataset /var/lib/condor/execute/slot2/dir_518274/scratch/tweety_bert/temp_decode/umap_specs exhausted after 454083 samples
vocalization arr shape (454083,)
predictions arr shape (454083, 196)
ground truth labels arr shape (454083,)
spec arr shape (454083, 196)
initializing umap reducer...
umap reducer (2 dims for visualization) initialized.
umap reducer (8 dims for clustering) initialized.
umap fitting for visualization complete. shape of embedding outputs: (454083, 2)
umap cluster fitting for clustering complete. shape of embedding outputs: (454083, 8)
discovered labels [-1  0  1  2  3  4  5]
hdbscan labels generated. unique labels found: [-1  0  1  2  3  4  5]
Number of classes: 6
Step 10: Train Loss 1.3467 FER = 23.81%, Val Loss = 1.2718
Step 20: Train Loss 0.8895 FER = 21.02%, Val Loss = 0.8101
Step 30: Train Loss 0.4706 FER = 11.23%, Val Loss = 0.4307
Step 40: Train Loss 0.2986 FER = 7.71%, Val Loss = 0.2643
Step 50: Train Loss 0.2166 FER = 5.29%, Val Loss = 0.1494
Step 60: Train Loss 0.1971 FER = 3.89%, Val Loss = 0.1247
Step 70: Train Loss 0.1349 FER = 3.68%, Val Loss = 0.1163
Step 80: Train Loss 0.1174 FER = 3.88%, Val Loss = 0.1131
Step 90: Train Loss 0.0858 FER = 2.50%, Val Loss = 0.0877
Step 100: Train Loss 0.1007 FER = 2.31%, Val Loss = 0.0696
Step 110: Train Loss 0.0508 FER = 3.00%, Val Loss = 0.0887
Step 120: Train Loss 0.0446 FER = 2.04%, Val Loss = 0.0597
Step 130: Train Loss 0.0654 FER = 2.24%, Val Loss = 0.0667
Step 140: Train Loss 0.0580 FER = 2.27%, Val Loss = 0.0841
Step 150: Train Loss 0.0357 FER = 1.36%, Val Loss = 0.0514
Step 160: Train Loss 0.0328 FER = 1.97%, Val Loss = 0.0628
Step 170: Train Loss 0.0255 FER = 2.16%, Val Loss = 0.0756
Step 180: Train Loss 0.0301 FER = 2.00%, Val Loss = 0.0705
Early stopping triggered
Decoder state saved in experiments/Bird6_decoder_linear_decoder/decoder_state
Generated 91 spectrograms.
Running command: /usr/local/bin/python /var/lib/condor/execute/slot2/dir_518274/scratch/tweety_bert/src/spectogram_generator.py --file_list /var/lib/condor/execute/slot2/dir_518274/scratch/tweety_bert/temp_decode/single_mode_files.txt --dst_dir /var/lib/condor/execute/slot2/dir_518274/scratch/tweety_bert/temp_decode/umap_specs --song_detection_json_path None --nfft 1024 --single_threaded false
Running command: /usr/local/bin/python /var/lib/condor/execute/slot2/dir_518274/scratch/tweety_bert/figure_generation_scripts/dim_reduced_birdsong_plots.py --experiment_folder /var/lib/condor/execute/slot2/dir_518274/scratch/tweety_bert/experiments/MyTweetyBERTModel --save_name Bird6_decoder --samples 5e5 --raw_spectogram false --state_finding_algorithm HDBSCAN --context 1000 --data_dirs /var/lib/condor/execute/slot2/dir_518274/scratch/tweety_bert/temp_decode/umap_specs
Running command: /usr/local/bin/python /var/lib/condor/execute/slot2/dir_518274/scratch/tweety_bert/src/decoder.py --experiment_name MyTweetyBERTModel --bird_name Bird6_decoder --context_length 1000
Processed 117.wav
Processed 117.wav
Processed 98.wav
Processed 98.wav
Processed 174.wav
Processed 174.wav
Processed 14.wav
Processed 14.wav
Processed 38.wav
Processed 38.wav
Processed 1.wav
Processed 1.wav
Processed 233.wav
Processed 233.wav
Processed 111.wav
Processed 111.wav
Processed 127.wav
Processed 127.wav
Processed 161.wav
Processed 161.wav
Processed 32.wav
Processed 32.wav
Processed 205.wav
Processed 205.wav
Processed 150.wav
Processed 150.wav
Processed 47.wav
Processed 47.wav
Processed 75.wav
Processed 75.wav
Processed 222.wav
Processed 222.wav
Processed 221.wav
Processed 221.wav
Processed 54.wav
Processed 54.wav
Processed 66.wav
Processed 66.wav
Processed 115.wav
Processed 115.wav
Processed 178.wav
Processed 178.wav
Processed 81.wav
Processed 81.wav
Processed 68.wav
Processed 68.wav
Processed 16.wav
Processed 16.wav
Processed 46.wav
Processed 46.wav
Processed 227.wav
Processed 227.wav
Processed 184.wav
Processed 184.wav
Processed 196.wav
Processed 196.wav
Processed 198.wav
Processed 198.wav
Processed 96.wav
Processed 96.wav
Processed 103.wav
Processed 103.wav
Processed 138.wav
Processed 138.wav
Processed 219.wav
Processed 219.wav
Processed 78.wav
Processed 78.wav
Processed 226.wav
Processed 226.wav
Processed 151.wav
Processed 151.wav
Processed 74.wav
Processed 74.wav
Processed 210.wav
Processed 210.wav
Processed 148.wav
Processed 148.wav
Processed 56.wav
Processed 56.wav
Processed 106.wav
Processed 106.wav
Processed 116.wav
Processed 116.wav
Processed 193.wav
Processed 193.wav
Processed 131.wav
Processed 131.wav
Processed 76.wav
Processed 76.wav
Processed 69.wav
Processed 69.wav
Processed 211.wav
Processed 211.wav
Processed 218.wav
Processed 218.wav
Processed 230.wav
Processed 230.wav
Processed 39.wav
Processed 39.wav
Processed 130.wav
Processed 130.wav
Processed 179.wav
Processed 179.wav
Processed 204.wav
Processed 204.wav
Processed 187.wav
Processed 187.wav
Processed 164.wav
Processed 164.wav
Processed 203.wav
Processed 203.wav
Processed 55.wav
Processed 55.wav
Processed 146.wav
Processed 146.wav
Processed 33.wav
Processed 33.wav
Processed 45.wav
Processed 45.wav
Processed 165.wav
Processed 165.wav
Processed 101.wav
Processed 101.wav
Processed 234.wav
Processed 234.wav
Processed 231.wav
Processed 231.wav
Processed 7.wav
Processed 7.wav
Processed 217.wav
Processed 217.wav
Processed 36.wav
Processed 36.wav
Processed 107.wav
Processed 107.wav
Processed 5.wav
Processed 5.wav
Processed 176.wav
Processed 176.wav
Processed 28.wav
Processed 28.wav
Processed 23.wav
Processed 23.wav
Processed 160.wav
Processed 160.wav
Processed 207.wav
Processed 207.wav
Processed 93.wav
Processed 93.wav
Processed 71.wav
Processed 71.wav
Processed 31.wav
Processed 31.wav
Processed 19.wav
Processed 19.wav
Processed 182.wav
Processed 182.wav
Processed 180.wav
Processed 180.wav
Processed 145.wav
Processed 145.wav
Processed 30.wav
Processed 30.wav
Processed 9.wav
Processed 9.wav
Processed 24.wav
Processed 24.wav
Processed 27.wav
Processed 27.wav
Processed 162.wav
Processed 162.wav
Processed 97.wav
Processed 97.wav
Processed 155.wav
Processed 155.wav
Processed 199.wav
Processed 199.wav
Processed 135.wav
Processed 135.wav
Processed 77.wav
Processed 77.wav
Processed 113.wav
Processed 113.wav
Processed 197.wav
Processed 197.wav
Processed 144.wav
Processed 144.wav
Processed 42.wav
Processed 42.wav
Processed 87.wav
Processed 87.wav
Processed 20.wav
Processed 20.wav
Processed 139.wav
Processed 139.wav
Processed 137.wav
Processed 137.wav
Processed 188.wav
Processed 188.wav
Processed 133.wav
Processed 133.wav
Processed 34.wav
Processed 34.wav
Processed 110.wav
Processed 110.wav
Processed 25.wav
Processed 25.wav
Processed 82.wav
Processed 82.wav
Processed 21.wav
Processed 21.wav
Processed 70.wav
Processed 70.wav
Processed 172.wav
Processed 172.wav
Processed 89.wav
Processed 89.wav
Processed 128.wav
Processed 128.wav
Processed 118.wav
Processed 118.wav
Processed 0.wav
Processed 0.wav
Processed 85.wav
Processed 85.wav
Processed 169.wav
Processed 169.wav
Processed 67.wav
Processed 67.wav
Processed 65.wav
Processed 65.wav
Processed 10.wav
Processed 10.wav
Processed 229.wav
Processed 229.wav
Processed 63.wav
Processed 63.wav
Processed 112.wav
Processed 112.wav
Processed 114.wav
Processed 114.wav
Processed 8.wav
Processed 8.wav
Processed 225.wav
Processed 225.wav
Processed 64.wav
Processed 64.wav
Processed 91.wav
Processed 91.wav
Processed 156.wav
Processed 156.wav
Processed 4.wav
Processed 4.wav
Processed 134.wav
Processed 134.wav
Processed 58.wav
Processed 58.wav
Processed 92.wav
Processed 92.wav
Processed 175.wav
Processed 175.wav
Processed 215.wav
Processed 215.wav
Processed 60.wav
Processed 60.wav
Processed 104.wav
Processed 104.wav
Processed 170.wav
Processed 170.wav
Processed 90.wav
Processed 90.wav
Processed 26.wav
Processed 26.wav
Processed 94.wav
Processed 94.wav
Processed 141.wav
Processed 141.wav
Processed 105.wav
Processed 105.wav
Processed 86.wav
Processed 86.wav
Processed 186.wav
Processed 186.wav
Processed 37.wav
Processed 37.wav
Processed 40.wav
Processed 40.wav
Processed 140.wav
Processed 140.wav
Processed 17.wav
Processed 17.wav
Processed 129.wav
Processed 129.wav
Processed 168.wav
Processed 168.wav
Processed 49.wav
Processed 49.wav
Processed 213.wav
Processed 213.wav
Processed 216.wav
Processed 216.wav
Processed 35.wav
Processed 35.wav
Processed 2.wav
Processed 2.wav
Processed 224.wav
Processed 224.wav
Processed 125.wav
Processed 125.wav
Processed 99.wav
Processed 99.wav
Processed 181.wav
Processed 181.wav
Processed 22.wav
Processed 22.wav
Processed 88.wav
Processed 88.wav
Processed 177.wav
Processed 177.wav
Processed 142.wav
Processed 142.wav
Processed 122.wav
Processed 122.wav
Processed 189.wav
Processed 189.wav
Processed 126.wav
Processed 126.wav
Processed 152.wav
Processed 152.wav
Processed 212.wav
Processed 212.wav
Processed 108.wav
Processed 108.wav
Processed 41.wav
Processed 41.wav
Processed 18.wav
Processed 18.wav
Processed 214.wav
Processed 214.wav
Processed 72.wav
Processed 72.wav
Processed 43.wav
Processed 43.wav
Processed 149.wav
Processed 149.wav
Processed 173.wav
Processed 173.wav
Processed 201.wav
Processed 201.wav
Processed 3.wav
Processed 3.wav
Processed 136.wav
Processed 136.wav
Processed 13.wav
Processed 13.wav
Processed 51.wav
Processed 51.wav
Processed 228.wav
Processed 228.wav
Processed 200.wav
Processed 200.wav
Processed 132.wav
Processed 132.wav
Processed 61.wav
Processed 61.wav
Processed 124.wav
Processed 124.wav
Processed 44.wav
Processed 44.wav
Processed 202.wav
Processed 202.wav
Processed 48.wav
Processed 48.wav
Processed 208.wav
Processed 208.wav
Processed 120.wav
Processed 120.wav
Processed 190.wav
Processed 190.wav
Processed 206.wav
Processed 206.wav
Processed 147.wav
Processed 147.wav
Processed 83.wav
Processed 83.wav
Processed 166.wav
Processed 166.wav
Processed 100.wav
Processed 100.wav
Processed 191.wav
Processed 191.wav
Processed 185.wav
Processed 185.wav
Processed 119.wav
Processed 119.wav
Processed 50.wav
Processed 50.wav
Processed 220.wav
Processed 220.wav
Processed 195.wav
Processed 195.wav
Processed 154.wav
Processed 154.wav
Processed 15.wav
Processed 15.wav
Processed 121.wav
Processed 121.wav
Processed 209.wav
Processed 209.wav
Processed 163.wav
Processed 163.wav
Processed 183.wav
Processed 183.wav
Processed 194.wav
Processed 194.wav
Processed 52.wav
Processed 52.wav
Processed 73.wav
Processed 73.wav
Processed 102.wav
Processed 102.wav
Processed 12.wav
Processed 12.wav
Processed 143.wav
Processed 143.wav
Processed 62.wav
Processed 62.wav
Processed 84.wav
Processed 84.wav
Processed 59.wav
Processed 59.wav
Processed 53.wav
Processed 53.wav
Processed 11.wav
Processed 11.wav
Processed 223.wav
Processed 223.wav
Processed 123.wav
Processed 123.wav
Processed 159.wav
Processed 159.wav
Processed 171.wav
Processed 171.wav
Processed 6.wav
Processed 6.wav
Processed 167.wav
Processed 167.wav
Processed 157.wav
Processed 157.wav
Processed 153.wav
Processed 153.wav
Processed 158.wav
Processed 158.wav
Processed 232.wav
Processed 232.wav
Processed 57.wav
Processed 57.wav
Processed 95.wav
Processed 95.wav
Processed 192.wav
Processed 192.wav
Processed 29.wav
Processed 29.wav
Processed 109.wav
Processed 109.wav
Processed 79.wav
Processed 79.wav
Processed 80.wav
Processed 80.wav
Final results saved to /var/lib/condor/execute/slot2/dir_518274/scratch/tweety_bert/temp_song_detection_output/onset_offset_results.json
Attempting to merge 1 JSON files.
Successfully merged 235 unique entries into '/var/lib/condor/execute/slot2/dir_518274/scratch/tweety_bert/files/song_detection.json'
Running command: /usr/local/bin/python /var/lib/condor/execute/slot2/dir_518274/scratch/tweety_bert/song_detector/src/inference.py --mode local_dir --input /var/lib/condor/execute/slot2/dir_518274/scratch/files/3470165/Bird6/Wave --output /var/lib/condor/execute/slot2/dir_518274/scratch/tweety_bert/temp_song_detection_output --step_size 86
Merge successful. Cleaning up temporary files.
Decoder state loaded from experiments/Bird6_decoder_linear_decoder/decoder_state
Segment 0 has fewer than 250 time bins and will be skipped.
Segment 1 has fewer than 250 time bins and will be skipped.
Segment 1 has fewer than 250 time bins and will be skipped.
Segment 1 has fewer than 250 time bins and will be skipped.
Segment 1 has fewer than 250 time bins and will be skipped.
Segment 1 has fewer than 250 time bins and will be skipped.
Segment 2 has fewer than 250 time bins and will be skipped.
Segment 3 has fewer than 250 time bins and will be skipped.
Segment 1 has fewer than 250 time bins and will be skipped.
Segment 0 has fewer than 250 time bins and will be skipped.
Segment 1 has fewer than 250 time bins and will be skipped.
Segment 2 has fewer than 250 time bins and will be skipped.
Segment 0 has fewer than 250 time bins and will be skipped.
Segment 0 has fewer than 250 time bins and will be skipped.
Segment 2 has fewer than 250 time bins and will be skipped.
Segment 1 has fewer than 250 time bins and will be skipped.
Running command: /usr/local/bin/python /var/lib/condor/execute/slot2/dir_518274/scratch/tweety_bert/src/inference.py --bird_name Bird6_decoder --wav_dir /var/lib/condor/execute/slot2/dir_518274/scratch/files/3470165/Bird6/Wave --song_detection_json /var/lib/condor/execute/slot2/dir_518274/scratch/tweety_bert/files/Bird6_song_detection.json --apply_post_processing True --window_size 50 --visualize True
Starting process_directory
Reading file list from: /var/lib/condor/execute/slot2/dir_518274/scratch/tweety_bert/temp_decode/single_mode_files.txt
Found 100 files in the list.
Running in multi-threaded mode with 192 workers.
Total files processed: 100
Total files skipped due to errors or no vocalization data: 0
/var/lib/condor/execute/slot2/dir_518274/scratch/tweety_bert
samples per dataset: 500000
dataset /var/lib/condor/execute/slot2/dir_518274/scratch/tweety_bert/temp_decode/umap_specs exhausted after 457072 samples
vocalization arr shape (457072,)
predictions arr shape (457072, 196)
ground truth labels arr shape (457072,)
spec arr shape (457072, 196)
initializing umap reducer...
umap reducer (2 dims for visualization) initialized.
umap reducer (8 dims for clustering) initialized.
umap fitting for visualization complete. shape of embedding outputs: (457072, 2)
umap cluster fitting for clustering complete. shape of embedding outputs: (457072, 8)
discovered labels [-1  0  1  2  3  4  5  6  7  8  9 10]
hdbscan labels generated. unique labels found: [-1  0  1  2  3  4  5  6  7  8  9 10]
Number of classes: 11
Step 10: Train Loss 2.0446 FER = 50.67%, Val Loss = 1.9268
Step 20: Train Loss 1.4202 FER = 40.13%, Val Loss = 1.3764
Step 30: Train Loss 1.0326 FER = 32.21%, Val Loss = 1.0214
Step 40: Train Loss 0.7563 FER = 20.05%, Val Loss = 0.7370
Step 50: Train Loss 0.5089 FER = 13.97%, Val Loss = 0.4877
Step 60: Train Loss 0.3831 FER = 13.70%, Val Loss = 0.4427
Step 70: Train Loss 0.3382 FER = 8.86%, Val Loss = 0.3104
Step 80: Train Loss 0.3033 FER = 7.67%, Val Loss = 0.2808
Step 90: Train Loss 0.2430 FER = 11.66%, Val Loss = 0.3647
Step 100: Train Loss 0.1962 FER = 6.16%, Val Loss = 0.2101
Step 110: Train Loss 0.2736 FER = 4.51%, Val Loss = 0.1625
Step 120: Train Loss 0.2431 FER = 6.64%, Val Loss = 0.2001
Step 130: Train Loss 0.2307 FER = 5.66%, Val Loss = 0.1754
Step 140: Train Loss 0.1503 FER = 5.72%, Val Loss = 0.1761
Early stopping triggered
Decoder state saved in experiments/Bird7_decoder_linear_decoder/decoder_state
Generated 92 spectrograms.
Running command: /usr/local/bin/python /var/lib/condor/execute/slot2/dir_518274/scratch/tweety_bert/src/spectogram_generator.py --file_list /var/lib/condor/execute/slot2/dir_518274/scratch/tweety_bert/temp_decode/single_mode_files.txt --dst_dir /var/lib/condor/execute/slot2/dir_518274/scratch/tweety_bert/temp_decode/umap_specs --song_detection_json_path None --nfft 1024 --single_threaded false
Running command: /usr/local/bin/python /var/lib/condor/execute/slot2/dir_518274/scratch/tweety_bert/figure_generation_scripts/dim_reduced_birdsong_plots.py --experiment_folder /var/lib/condor/execute/slot2/dir_518274/scratch/tweety_bert/experiments/MyTweetyBERTModel --save_name Bird7_decoder --samples 5e5 --raw_spectogram false --state_finding_algorithm HDBSCAN --context 1000 --data_dirs /var/lib/condor/execute/slot2/dir_518274/scratch/tweety_bert/temp_decode/umap_specs
Running command: /usr/local/bin/python /var/lib/condor/execute/slot2/dir_518274/scratch/tweety_bert/src/decoder.py --experiment_name MyTweetyBERTModel --bird_name Bird7_decoder --context_length 1000
Processed 117.wav
Processed 117.wav
Processed 98.wav
Processed 98.wav
Processed 174.wav
Processed 174.wav
Processed 14.wav
Processed 14.wav
Processed 277.wav
Processed 277.wav
Processed 248.wav
Processed 248.wav
Processed 257.wav
Processed 257.wav
Processed 38.wav
Processed 38.wav
Processed 1.wav
Processed 1.wav
Processed 293.wav
Processed 293.wav
Processed 233.wav
Processed 233.wav
Processed 111.wav
Processed 111.wav
Processed 127.wav
Processed 127.wav
Processed 161.wav
Processed 161.wav
Processed 32.wav
Processed 32.wav
Processed 287.wav
Processed 287.wav
Processed 239.wav
Processed 239.wav
Processed 237.wav
Processed 237.wav
Processed 205.wav
Processed 205.wav
Processed 150.wav
Processed 150.wav
Processed 47.wav
Processed 47.wav
Processed 75.wav
Processed 75.wav
Processed 222.wav
Processed 222.wav
Processed 221.wav
Processed 221.wav
Processed 54.wav
Processed 54.wav
Processed 66.wav
Processed 66.wav
Processed 289.wav
Processed 289.wav
Processed 115.wav
Processed 115.wav
Processed 284.wav
Processed 284.wav
Processed 178.wav
Processed 178.wav
Processed 81.wav
Processed 81.wav
Processed 68.wav
Processed 68.wav
Processed 255.wav
Processed 255.wav
Processed 16.wav
Processed 16.wav
Processed 242.wav
Processed 242.wav
Processed 297.wav
Processed 297.wav
Processed 46.wav
Processed 46.wav
Processed 227.wav
Processed 227.wav
Processed 184.wav
Processed 184.wav
Processed 196.wav
Processed 196.wav
Processed 198.wav
Processed 198.wav
Processed 96.wav
Processed 96.wav
Processed 103.wav
Processed 103.wav
Processed 276.wav
Processed 276.wav
Processed 138.wav
Processed 138.wav
Processed 219.wav
Processed 219.wav
Processed 78.wav
Processed 78.wav
Processed 226.wav
Processed 226.wav
Processed 151.wav
Processed 151.wav
Processed 74.wav
Processed 74.wav
Processed 210.wav
Processed 210.wav
Processed 306.wav
Processed 306.wav
Processed 301.wav
Processed 301.wav
Processed 148.wav
Processed 148.wav
Processed 56.wav
Processed 56.wav
Processed 106.wav
Processed 106.wav
Processed 116.wav
Processed 116.wav
Processed 193.wav
Processed 193.wav
Processed 256.wav
Processed 256.wav
Processed 131.wav
Processed 131.wav
Processed 307.wav
Processed 307.wav
Processed 76.wav
Processed 76.wav
Processed 69.wav
Processed 69.wav
Processed 267.wav
Processed 267.wav
Processed 285.wav
Processed 285.wav
Processed 211.wav
Processed 211.wav
Processed 218.wav
Processed 218.wav
Processed 230.wav
Processed 230.wav
Processed 39.wav
Processed 39.wav
Processed 130.wav
Processed 130.wav
Processed 179.wav
Processed 179.wav
Processed 204.wav
Processed 204.wav
Processed 187.wav
Processed 187.wav
Processed 164.wav
Processed 164.wav
Processed 203.wav
Processed 203.wav
Processed 55.wav
Processed 55.wav
Processed 146.wav
Processed 146.wav
Processed 33.wav
Processed 33.wav
Processed 45.wav
Processed 45.wav
Processed 165.wav
Processed 165.wav
Processed 101.wav
Processed 101.wav
Processed 234.wav
Processed 234.wav
Processed 231.wav
Processed 231.wav
Processed 7.wav
Processed 7.wav
Processed 217.wav
Processed 217.wav
Processed 36.wav
Processed 36.wav
Processed 107.wav
Processed 107.wav
Processed 5.wav
Processed 5.wav
Processed 176.wav
Processed 176.wav
Processed 251.wav
Processed 251.wav
Processed 252.wav
Processed 252.wav
Processed 28.wav
Processed 28.wav
Processed 294.wav
Processed 294.wav
Processed 300.wav
Processed 300.wav
Processed 23.wav
Processed 23.wav
Processed 160.wav
Processed 160.wav
Processed 240.wav
Processed 240.wav
Processed 207.wav
Processed 207.wav
Processed 270.wav
Processed 270.wav
Processed 93.wav
Processed 93.wav
Processed 71.wav
Processed 71.wav
Processed 31.wav
Processed 31.wav
Processed 19.wav
Processed 19.wav
Processed 182.wav
Processed 182.wav
Processed 180.wav
Processed 180.wav
Processed 145.wav
Processed 145.wav
Processed 30.wav
Processed 30.wav
Processed 9.wav
Processed 9.wav
Processed 24.wav
Processed 24.wav
Processed 27.wav
Processed 27.wav
Processed 308.wav
Processed 308.wav
Processed 162.wav
Processed 162.wav
Processed 97.wav
Processed 97.wav
Processed 155.wav
Processed 155.wav
Processed 199.wav
Processed 199.wav
Processed 135.wav
Processed 135.wav
Processed 77.wav
Processed 77.wav
Processed 113.wav
Processed 113.wav
Processed 197.wav
Processed 197.wav
Processed 144.wav
Processed 144.wav
Processed 42.wav
Processed 42.wav
Processed 87.wav
Processed 87.wav
Processed 281.wav
Processed 281.wav
Processed 20.wav
Processed 20.wav
Processed 139.wav
Processed 139.wav
Processed 137.wav
Processed 137.wav
Processed 188.wav
Processed 188.wav
Processed 250.wav
Processed 250.wav
Processed 133.wav
Processed 133.wav
Processed 34.wav
Processed 34.wav
Processed 110.wav
Processed 110.wav
Processed 25.wav
Processed 25.wav
Processed 82.wav
Processed 82.wav
Processed 21.wav
Processed 21.wav
Processed 70.wav
Processed 70.wav
Processed 286.wav
Processed 286.wav
Processed 259.wav
Processed 259.wav
Processed 172.wav
Processed 172.wav
Processed 89.wav
Processed 89.wav
Processed 128.wav
Processed 128.wav
Processed 118.wav
Processed 118.wav
Processed 0.wav
Processed 0.wav
Processed 85.wav
Processed 85.wav
Processed 169.wav
Processed 169.wav
Processed 67.wav
Processed 67.wav
Processed 65.wav
Processed 65.wav
Processed 10.wav
Processed 10.wav
Processed 229.wav
Processed 229.wav
Processed 253.wav
Processed 253.wav
Processed 63.wav
Processed 63.wav
Processed 266.wav
Processed 266.wav
Processed 241.wav
Processed 241.wav
Processed 254.wav
Processed 254.wav
Processed 245.wav
Processed 245.wav
Processed 112.wav
Processed 112.wav
Processed 114.wav
Processed 114.wav
Processed 265.wav
Processed 265.wav
Processed 8.wav
Processed 8.wav
Processed 225.wav
Processed 225.wav
Processed 64.wav
Processed 64.wav
Processed 91.wav
Processed 91.wav
Processed 156.wav
Processed 156.wav
Processed 4.wav
Processed 4.wav
Processed 134.wav
Processed 134.wav
Processed 58.wav
Processed 58.wav
Processed 92.wav
Processed 92.wav
Processed 175.wav
Processed 175.wav
Processed 282.wav
Processed 282.wav
Processed 215.wav
Processed 215.wav
Processed 60.wav
Processed 60.wav
Processed 246.wav
Processed 246.wav
Processed 104.wav
Processed 104.wav
Processed 170.wav
Processed 170.wav
Processed 90.wav
Processed 90.wav
Processed 26.wav
Processed 26.wav
Processed 280.wav
Processed 280.wav
Processed 94.wav
Processed 94.wav
Processed 141.wav
Processed 141.wav
Processed 309.wav
Processed 309.wav
Processed 105.wav
Processed 105.wav
Processed 86.wav
Processed 86.wav
Processed 186.wav
Processed 186.wav
Processed 37.wav
Processed 37.wav
Processed 283.wav
Processed 283.wav
Processed 292.wav
Processed 292.wav
Processed 269.wav
Processed 269.wav
Processed 40.wav
Processed 40.wav
Processed 140.wav
Processed 140.wav
Processed 291.wav
Processed 291.wav
Processed 262.wav
Processed 262.wav
Processed 17.wav
Processed 17.wav
Processed 129.wav
Processed 129.wav
Processed 168.wav
Processed 168.wav
Processed 49.wav
Processed 49.wav
Processed 213.wav
Processed 213.wav
Processed 216.wav
Processed 216.wav
Processed 35.wav
Processed 35.wav
Processed 2.wav
Processed 2.wav
Processed 224.wav
Processed 224.wav
Processed 125.wav
Processed 125.wav
Processed 99.wav
Processed 99.wav
Processed 181.wav
Processed 181.wav
Processed 22.wav
Processed 22.wav
Processed 295.wav
Processed 295.wav
Processed 88.wav
Processed 88.wav
Processed 177.wav
Processed 177.wav
Processed 142.wav
Processed 142.wav
Processed 122.wav
Processed 122.wav
Processed 303.wav
Processed 303.wav
Processed 275.wav
Processed 275.wav
Processed 189.wav
Processed 189.wav
Processed 247.wav
Processed 247.wav
Processed 126.wav
Processed 126.wav
Processed 264.wav
Processed 264.wav
Processed 152.wav
Processed 152.wav
Processed 212.wav
Processed 212.wav
Processed 108.wav
Processed 108.wav
Processed 41.wav
Processed 41.wav
Processed 18.wav
Processed 18.wav
Processed 243.wav
Processed 243.wav
Processed 214.wav
Processed 214.wav
Processed 72.wav
Processed 72.wav
Processed 43.wav
Processed 43.wav
Processed 149.wav
Processed 149.wav
Processed 273.wav
Processed 273.wav
Processed 279.wav
Processed 279.wav
Processed 173.wav
Processed 173.wav
Processed 201.wav
Processed 201.wav
Processed 236.wav
Processed 236.wav
Processed 3.wav
Processed 3.wav
Processed 136.wav
Processed 136.wav
Processed 13.wav
Processed 13.wav
Processed 51.wav
Processed 51.wav
Processed 228.wav
Processed 228.wav
Processed 200.wav
Processed 200.wav
Processed 132.wav
Processed 132.wav
Processed 61.wav
Processed 61.wav
Processed 124.wav
Processed 124.wav
Processed 278.wav
Processed 278.wav
Processed 44.wav
Processed 44.wav
Processed 258.wav
Processed 258.wav
Processed 244.wav
Processed 244.wav
Processed 304.wav
Processed 304.wav
Processed 202.wav
Processed 202.wav
Processed 48.wav
Processed 48.wav
Processed 208.wav
Processed 208.wav
Processed 120.wav
Processed 120.wav
Processed 190.wav
Processed 190.wav
Processed 206.wav
Processed 206.wav
Processed 302.wav
Processed 302.wav
Processed 147.wav
Processed 147.wav
Processed 288.wav
Processed 288.wav
Processed 83.wav
Processed 83.wav
Processed 166.wav
Processed 166.wav
Processed 100.wav
Processed 100.wav
Processed 191.wav
Processed 191.wav
Processed 185.wav
Processed 185.wav
Processed 119.wav
Processed 119.wav
Processed 299.wav
Processed 299.wav
Processed 271.wav
Processed 271.wav
Processed 50.wav
Processed 50.wav
Processed 290.wav
Processed 290.wav
Processed 220.wav
Processed 220.wav
Processed 195.wav
Processed 195.wav
Processed 154.wav
Processed 154.wav
Processed 263.wav
Processed 263.wav
Processed 15.wav
Processed 15.wav
Processed 121.wav
Processed 121.wav
Processed 235.wav
Processed 235.wav
Processed 209.wav
Processed 209.wav
Processed 163.wav
Processed 163.wav
Processed 183.wav
Processed 183.wav
Processed 238.wav
Processed 238.wav
Processed 274.wav
Processed 274.wav
Processed 194.wav
Processed 194.wav
Processed 52.wav
Processed 52.wav
Processed 73.wav
Processed 73.wav
Processed 268.wav
Processed 268.wav
Processed 260.wav
Processed 260.wav
Processed 102.wav
Processed 102.wav
Processed 12.wav
Processed 12.wav
Processed 143.wav
Processed 143.wav
Processed 62.wav
Processed 62.wav
Processed 84.wav
Processed 84.wav
Processed 59.wav
Processed 59.wav
Processed 53.wav
Processed 53.wav
Processed 11.wav
Processed 11.wav
Processed 223.wav
Processed 223.wav
Processed 249.wav
Processed 249.wav
Processed 123.wav
Processed 123.wav
Processed 159.wav
Processed 159.wav
Processed 305.wav
Processed 305.wav
Processed 171.wav
Processed 171.wav
Processed 6.wav
Processed 6.wav
Processed 167.wav
Processed 167.wav
Processed 261.wav
Processed 261.wav
Processed 157.wav
Processed 157.wav
Processed 153.wav
Processed 153.wav
Processed 158.wav
Processed 158.wav
Processed 232.wav
Processed 232.wav
Processed 57.wav
Processed 57.wav
Processed 95.wav
Processed 95.wav
Processed 192.wav
Processed 192.wav
Processed 298.wav
Processed 298.wav
Processed 29.wav
Processed 29.wav
Processed 272.wav
Processed 272.wav
Processed 109.wav
Processed 109.wav
Processed 79.wav
Processed 79.wav
Processed 296.wav
Processed 296.wav
Processed 80.wav
Processed 80.wav
Final results saved to /var/lib/condor/execute/slot2/dir_518274/scratch/tweety_bert/temp_song_detection_output/onset_offset_results.json
Attempting to merge 1 JSON files.
Successfully merged 310 unique entries into '/var/lib/condor/execute/slot2/dir_518274/scratch/tweety_bert/files/song_detection.json'
Running command: /usr/local/bin/python /var/lib/condor/execute/slot2/dir_518274/scratch/tweety_bert/song_detector/src/inference.py --mode local_dir --input /var/lib/condor/execute/slot2/dir_518274/scratch/files/3470165/Bird7/Wave --output /var/lib/condor/execute/slot2/dir_518274/scratch/tweety_bert/temp_song_detection_output --step_size 86
Merge successful. Cleaning up temporary files.
Decoder state loaded from experiments/Bird7_decoder_linear_decoder/decoder_state
Segment 1 has fewer than 250 time bins and will be skipped.
Segment 2 has fewer than 250 time bins and will be skipped.
Segment 0 has fewer than 250 time bins and will be skipped.
Segment 0 has fewer than 250 time bins and will be skipped.
Segment 0 has fewer than 250 time bins and will be skipped.
Segment 1 has fewer than 250 time bins and will be skipped.
Segment 1 has fewer than 250 time bins and will be skipped.
Segment 0 has fewer than 250 time bins and will be skipped.
Segment 1 has fewer than 250 time bins and will be skipped.
Segment 0 has fewer than 250 time bins and will be skipped.
Segment 1 has fewer than 250 time bins and will be skipped.
Segment 0 has fewer than 250 time bins and will be skipped.
Segment 0 has fewer than 250 time bins and will be skipped.
Segment 0 has fewer than 250 time bins and will be skipped.
Segment 1 has fewer than 250 time bins and will be skipped.
Segment 0 has fewer than 250 time bins and will be skipped.
Segment 1 has fewer than 250 time bins and will be skipped.
Segment 1 has fewer than 250 time bins and will be skipped.
Segment 0 has fewer than 250 time bins and will be skipped.
Segment 1 has fewer than 250 time bins and will be skipped.
Segment 2 has fewer than 250 time bins and will be skipped.
Segment 0 has fewer than 250 time bins and will be skipped.
Segment 1 has fewer than 250 time bins and will be skipped.
Segment 0 has fewer than 250 time bins and will be skipped.
Segment 1 has fewer than 250 time bins and will be skipped.
Segment 2 has fewer than 250 time bins and will be skipped.
Segment 1 has fewer than 250 time bins and will be skipped.
Segment 0 has fewer than 250 time bins and will be skipped.
Segment 2 has fewer than 250 time bins and will be skipped.
Segment 1 has fewer than 250 time bins and will be skipped.
Segment 0 has fewer than 250 time bins and will be skipped.
Segment 2 has fewer than 250 time bins and will be skipped.
Segment 1 has fewer than 250 time bins and will be skipped.
Segment 0 has fewer than 250 time bins and will be skipped.
Segment 2 has fewer than 250 time bins and will be skipped.
Segment 0 has fewer than 250 time bins and will be skipped.
Segment 1 has fewer than 250 time bins and will be skipped.
Segment 1 has fewer than 250 time bins and will be skipped.
Segment 0 has fewer than 250 time bins and will be skipped.
Segment 1 has fewer than 250 time bins and will be skipped.
Running command: /usr/local/bin/python /var/lib/condor/execute/slot2/dir_518274/scratch/tweety_bert/src/inference.py --bird_name Bird7_decoder --wav_dir /var/lib/condor/execute/slot2/dir_518274/scratch/files/3470165/Bird7/Wave --song_detection_json /var/lib/condor/execute/slot2/dir_518274/scratch/tweety_bert/files/Bird7_song_detection.json --apply_post_processing True --window_size 50 --visualize True
Starting process_directory
Reading file list from: /var/lib/condor/execute/slot2/dir_518274/scratch/tweety_bert/temp_decode/single_mode_files.txt
Found 100 files in the list.
Running in multi-threaded mode with 192 workers.
Total files processed: 100
Total files skipped due to errors or no vocalization data: 0
/var/lib/condor/execute/slot2/dir_518274/scratch/tweety_bert
samples per dataset: 500000
dataset /var/lib/condor/execute/slot2/dir_518274/scratch/tweety_bert/temp_decode/umap_specs exhausted after 280458 samples
vocalization arr shape (280458,)
predictions arr shape (280458, 196)
ground truth labels arr shape (280458,)
spec arr shape (280458, 196)
initializing umap reducer...
umap reducer (2 dims for visualization) initialized.
umap reducer (8 dims for clustering) initialized.
umap fitting for visualization complete. shape of embedding outputs: (280458, 2)
umap cluster fitting for clustering complete. shape of embedding outputs: (280458, 8)
discovered labels [-1  0  1  2  3  4]
hdbscan labels generated. unique labels found: [-1  0  1  2  3  4]
Number of classes: 5
Step 10: Train Loss 1.0906 FER = 16.42%, Val Loss = 0.9730
Step 20: Train Loss 0.6451 FER = 14.73%, Val Loss = 0.6837
Step 30: Train Loss 0.3729 FER = 7.40%, Val Loss = 0.3442
Step 40: Train Loss 0.2920 FER = 6.56%, Val Loss = 0.2727
Step 50: Train Loss 0.1922 FER = 5.58%, Val Loss = 0.2065
Step 60: Train Loss 0.2450 FER = 3.29%, Val Loss = 0.1371
Step 70: Train Loss 0.1746 FER = 4.55%, Val Loss = 0.1664
Step 80: Train Loss 0.1571 FER = 5.65%, Val Loss = 0.1864
Step 90: Train Loss 0.1802 FER = 5.12%, Val Loss = 0.1693
Early stopping triggered
Decoder state saved in experiments/Bird8_decoder_linear_decoder/decoder_state
Generated 57 spectrograms.
Running command: /usr/local/bin/python /var/lib/condor/execute/slot2/dir_518274/scratch/tweety_bert/src/spectogram_generator.py --file_list /var/lib/condor/execute/slot2/dir_518274/scratch/tweety_bert/temp_decode/single_mode_files.txt --dst_dir /var/lib/condor/execute/slot2/dir_518274/scratch/tweety_bert/temp_decode/umap_specs --song_detection_json_path None --nfft 1024 --single_threaded false
Running command: /usr/local/bin/python /var/lib/condor/execute/slot2/dir_518274/scratch/tweety_bert/figure_generation_scripts/dim_reduced_birdsong_plots.py --experiment_folder /var/lib/condor/execute/slot2/dir_518274/scratch/tweety_bert/experiments/MyTweetyBERTModel --save_name Bird8_decoder --samples 5e5 --raw_spectogram false --state_finding_algorithm HDBSCAN --context 1000 --data_dirs /var/lib/condor/execute/slot2/dir_518274/scratch/tweety_bert/temp_decode/umap_specs
Running command: /usr/local/bin/python /var/lib/condor/execute/slot2/dir_518274/scratch/tweety_bert/src/decoder.py --experiment_name MyTweetyBERTModel --bird_name Bird8_decoder --context_length 1000
Processed 117.wav
Processed 117.wav
Processed 98.wav
Processed 98.wav
Processed 14.wav
Processed 14.wav
Processed 38.wav
Processed 38.wav
Processed 1.wav
Processed 1.wav
Processed 111.wav
Processed 111.wav
Processed 127.wav
Processed 127.wav
Processed 32.wav
Processed 32.wav
Processed 47.wav
Processed 47.wav
Processed 75.wav
Processed 75.wav
Processed 54.wav
Processed 54.wav
Processed 66.wav
Processed 66.wav
Processed 115.wav
Processed 115.wav
Processed 81.wav
Processed 81.wav
Processed 68.wav
Processed 68.wav
Processed 16.wav
Processed 16.wav
Processed 46.wav
Processed 46.wav
Processed 96.wav
Processed 96.wav
Processed 103.wav
Processed 103.wav
Processed 138.wav
Processed 138.wav
Processed 78.wav
Processed 78.wav
Processed 74.wav
Processed 74.wav
Processed 56.wav
Processed 56.wav
Processed 106.wav
Processed 106.wav
Processed 116.wav
Processed 116.wav
Processed 131.wav
Processed 131.wav
Processed 76.wav
Processed 76.wav
Processed 69.wav
Processed 69.wav
Processed 39.wav
Processed 39.wav
Processed 130.wav
Processed 130.wav
Processed 55.wav
Processed 55.wav
Processed 33.wav
Processed 33.wav
Processed 45.wav
Processed 45.wav
Processed 101.wav
Processed 101.wav
Processed 7.wav
Processed 7.wav
Processed 36.wav
Processed 36.wav
Processed 107.wav
Processed 107.wav
Processed 5.wav
Processed 5.wav
Processed 28.wav
Processed 28.wav
Processed 23.wav
Processed 23.wav
Processed 93.wav
Processed 93.wav
Processed 71.wav
Processed 71.wav
Processed 31.wav
Processed 31.wav
Processed 19.wav
Processed 19.wav
Processed 30.wav
Processed 30.wav
Processed 9.wav
Processed 9.wav
Processed 24.wav
Processed 24.wav
Processed 27.wav
Processed 27.wav
Processed 97.wav
Processed 97.wav
Processed 135.wav
Processed 135.wav
Processed 77.wav
Processed 77.wav
Processed 113.wav
Processed 113.wav
Processed 42.wav
Processed 42.wav
Processed 87.wav
Processed 87.wav
Processed 20.wav
Processed 20.wav
Processed 139.wav
Processed 139.wav
Processed 137.wav
Processed 137.wav
Processed 133.wav
Processed 133.wav
Processed 34.wav
Processed 34.wav
Processed 110.wav
Processed 110.wav
Processed 25.wav
Processed 25.wav
Processed 82.wav
Processed 82.wav
Processed 21.wav
Processed 21.wav
Processed 70.wav
Processed 70.wav
Processed 89.wav
Processed 89.wav
Processed 128.wav
Processed 128.wav
Processed 118.wav
Processed 118.wav
Processed 0.wav
Processed 0.wav
Processed 85.wav
Processed 85.wav
Processed 67.wav
Processed 67.wav
Processed 65.wav
Processed 65.wav
Processed 10.wav
Processed 10.wav
Processed 63.wav
Processed 63.wav
Processed 112.wav
Processed 112.wav
Processed 114.wav
Processed 114.wav
Processed 8.wav
Processed 8.wav
Processed 64.wav
Processed 64.wav
Processed 91.wav
Processed 91.wav
Processed 4.wav
Processed 4.wav
Processed 134.wav
Processed 134.wav
Processed 58.wav
Processed 58.wav
Processed 92.wav
Processed 92.wav
Processed 60.wav
Processed 60.wav
Processed 104.wav
Processed 104.wav
Processed 90.wav
Processed 90.wav
Processed 26.wav
Processed 26.wav
Processed 94.wav
Processed 94.wav
Processed 141.wav
Processed 141.wav
Processed 105.wav
Processed 105.wav
Processed 86.wav
Processed 86.wav
Processed 37.wav
Processed 37.wav
Processed 40.wav
Processed 40.wav
Processed 140.wav
Processed 140.wav
Processed 17.wav
Processed 17.wav
Processed 129.wav
Processed 129.wav
Processed 49.wav
Processed 49.wav
Processed 35.wav
Processed 35.wav
Processed 2.wav
Processed 2.wav
Processed 125.wav
Processed 125.wav
Processed 99.wav
Processed 99.wav
Processed 22.wav
Processed 22.wav
Processed 88.wav
Processed 88.wav
Processed 122.wav
Processed 122.wav
Processed 126.wav
Processed 126.wav
Processed 108.wav
Processed 108.wav
Processed 41.wav
Processed 41.wav
Processed 18.wav
Processed 18.wav
Processed 72.wav
Processed 72.wav
Processed 43.wav
Processed 43.wav
Processed 3.wav
Processed 3.wav
Processed 136.wav
Processed 136.wav
Processed 13.wav
Processed 13.wav
Processed 51.wav
Processed 51.wav
Processed 132.wav
Processed 132.wav
Processed 61.wav
Processed 61.wav
Processed 124.wav
Processed 124.wav
Processed 44.wav
Processed 44.wav
Processed 48.wav
Processed 48.wav
Processed 120.wav
Processed 120.wav
Processed 83.wav
Processed 83.wav
Processed 100.wav
Processed 100.wav
Processed 119.wav
Processed 119.wav
Processed 50.wav
Processed 50.wav
Processed 15.wav
Processed 15.wav
Processed 121.wav
Processed 121.wav
Processed 52.wav
Processed 52.wav
Processed 73.wav
Processed 73.wav
Processed 102.wav
Processed 102.wav
Processed 12.wav
Processed 12.wav
Processed 62.wav
Processed 62.wav
Processed 84.wav
Processed 84.wav
Processed 59.wav
Processed 59.wav
Processed 53.wav
Processed 53.wav
Processed 11.wav
Processed 11.wav
Processed 123.wav
Processed 123.wav
Processed 6.wav
Processed 6.wav
Processed 57.wav
Processed 57.wav
Processed 95.wav
Processed 95.wav
Processed 29.wav
Processed 29.wav
Processed 109.wav
Processed 109.wav
Processed 79.wav
Processed 79.wav
Processed 80.wav
Processed 80.wav
Final results saved to /var/lib/condor/execute/slot2/dir_518274/scratch/tweety_bert/temp_song_detection_output/onset_offset_results.json
Attempting to merge 1 JSON files.
Successfully merged 142 unique entries into '/var/lib/condor/execute/slot2/dir_518274/scratch/tweety_bert/files/song_detection.json'
Running command: /usr/local/bin/python /var/lib/condor/execute/slot2/dir_518274/scratch/tweety_bert/song_detector/src/inference.py --mode local_dir --input /var/lib/condor/execute/slot2/dir_518274/scratch/files/3470165/Bird8/Wave --output /var/lib/condor/execute/slot2/dir_518274/scratch/tweety_bert/temp_song_detection_output --step_size 86
Merge successful. Cleaning up temporary files.
Decoder state loaded from experiments/Bird8_decoder_linear_decoder/decoder_state
Segment 3 has fewer than 250 time bins and will be skipped.
Segment 1 has fewer than 250 time bins and will be skipped.
Segment 2 has fewer than 250 time bins and will be skipped.
Segment 4 has fewer than 250 time bins and will be skipped.
Segment 0 has fewer than 250 time bins and will be skipped.
Segment 0 has fewer than 250 time bins and will be skipped.
Segment 2 has fewer than 250 time bins and will be skipped.
Segment 0 has fewer than 250 time bins and will be skipped.
Segment 0 has fewer than 250 time bins and will be skipped.
Segment 0 has fewer than 250 time bins and will be skipped.
Segment 2 has fewer than 250 time bins and will be skipped.
Segment 0 has fewer than 250 time bins and will be skipped.
Segment 1 has fewer than 250 time bins and will be skipped.
Segment 1 has fewer than 250 time bins and will be skipped.
Segment 2 has fewer than 250 time bins and will be skipped.
Running command: /usr/local/bin/python /var/lib/condor/execute/slot2/dir_518274/scratch/tweety_bert/src/inference.py --bird_name Bird8_decoder --wav_dir /var/lib/condor/execute/slot2/dir_518274/scratch/files/3470165/Bird8/Wave --song_detection_json /var/lib/condor/execute/slot2/dir_518274/scratch/tweety_bert/files/Bird8_song_detection.json --apply_post_processing True --window_size 50 --visualize True
Starting process_directory
Reading file list from: /var/lib/condor/execute/slot2/dir_518274/scratch/tweety_bert/temp_decode/single_mode_files.txt
Found 100 files in the list.
Running in multi-threaded mode with 192 workers.
Total files processed: 100
Total files skipped due to errors or no vocalization data: 0
/var/lib/condor/execute/slot2/dir_518274/scratch/tweety_bert
samples per dataset: 500000
dataset /var/lib/condor/execute/slot2/dir_518274/scratch/tweety_bert/temp_decode/umap_specs exhausted after 485697 samples
vocalization arr shape (485697,)
predictions arr shape (485697, 196)
ground truth labels arr shape (485697,)
spec arr shape (485697, 196)
initializing umap reducer...
umap reducer (2 dims for visualization) initialized.
umap reducer (8 dims for clustering) initialized.
umap fitting for visualization complete. shape of embedding outputs: (485697, 2)
umap cluster fitting for clustering complete. shape of embedding outputs: (485697, 8)
discovered labels [-1  0  1  2  3  4  5  6  7  8  9]
hdbscan labels generated. unique labels found: [-1  0  1  2  3  4  5  6  7  8  9]
Number of classes: 10
Step 10: Train Loss 1.8030 FER = 48.25%, Val Loss = 1.7477
Step 20: Train Loss 1.1880 FER = 29.69%, Val Loss = 1.1764
Step 30: Train Loss 0.7817 FER = 14.79%, Val Loss = 0.6143
Step 40: Train Loss 0.5099 FER = 16.36%, Val Loss = 0.4973
Step 50: Train Loss 0.4324 FER = 9.88%, Val Loss = 0.3406
Step 60: Train Loss 0.5096 FER = 7.90%, Val Loss = 0.2821
Step 70: Train Loss 0.3295 FER = 7.28%, Val Loss = 0.2290
Step 80: Train Loss 0.2892 FER = 3.65%, Val Loss = 0.1593
Step 90: Train Loss 0.2087 FER = 4.17%, Val Loss = 0.1729
Step 100: Train Loss 0.1202 FER = 4.79%, Val Loss = 0.1592
Step 110: Train Loss 0.2050 FER = 3.80%, Val Loss = 0.1376
Step 120: Train Loss 0.1268 FER = 2.69%, Val Loss = 0.1031
Step 130: Train Loss 0.1518 FER = 2.32%, Val Loss = 0.0841
Step 140: Train Loss 0.1178 FER = 3.09%, Val Loss = 0.1022
Step 150: Train Loss 0.1627 FER = 4.23%, Val Loss = 0.1114
Step 160: Train Loss 0.1332 FER = 3.29%, Val Loss = 0.0954
Early stopping triggered
Decoder state saved in experiments/Bird9_decoder_linear_decoder/decoder_state
Generated 98 spectrograms.
Running command: /usr/local/bin/python /var/lib/condor/execute/slot2/dir_518274/scratch/tweety_bert/src/spectogram_generator.py --file_list /var/lib/condor/execute/slot2/dir_518274/scratch/tweety_bert/temp_decode/single_mode_files.txt --dst_dir /var/lib/condor/execute/slot2/dir_518274/scratch/tweety_bert/temp_decode/umap_specs --song_detection_json_path None --nfft 1024 --single_threaded false
Running command: /usr/local/bin/python /var/lib/condor/execute/slot2/dir_518274/scratch/tweety_bert/figure_generation_scripts/dim_reduced_birdsong_plots.py --experiment_folder /var/lib/condor/execute/slot2/dir_518274/scratch/tweety_bert/experiments/MyTweetyBERTModel --save_name Bird9_decoder --samples 5e5 --raw_spectogram false --state_finding_algorithm HDBSCAN --context 1000 --data_dirs /var/lib/condor/execute/slot2/dir_518274/scratch/tweety_bert/temp_decode/umap_specs
Running command: /usr/local/bin/python /var/lib/condor/execute/slot2/dir_518274/scratch/tweety_bert/src/decoder.py --experiment_name MyTweetyBERTModel --bird_name Bird9_decoder --context_length 1000
Processed 117.wav
Processed 117.wav
Processed 98.wav
Processed 98.wav
Processed 174.wav
Processed 174.wav
Processed 14.wav
Processed 14.wav
Processed 38.wav
Processed 38.wav
Processed 1.wav
Processed 1.wav
Processed 111.wav
Processed 111.wav
Processed 127.wav
Processed 127.wav
Processed 161.wav
Processed 161.wav
Processed 32.wav
Processed 32.wav
Processed 205.wav
Processed 205.wav
Processed 150.wav
Processed 150.wav
Processed 47.wav
Processed 47.wav
Processed 75.wav
Processed 75.wav
Processed 54.wav
Processed 54.wav
Processed 66.wav
Processed 66.wav
Processed 115.wav
Processed 115.wav
Processed 178.wav
Processed 178.wav
Processed 81.wav
Processed 81.wav
Processed 68.wav
Processed 68.wav
Processed 16.wav
Processed 16.wav
Processed 46.wav
Processed 46.wav
Processed 184.wav
Processed 184.wav
Processed 196.wav
Processed 196.wav
Processed 198.wav
Processed 198.wav
Processed 96.wav
Processed 96.wav
Processed 103.wav
Processed 103.wav
Processed 138.wav
Processed 138.wav
Processed 78.wav
Processed 78.wav
Processed 151.wav
Processed 151.wav
Processed 74.wav
Processed 74.wav
Processed 210.wav
Processed 210.wav
Processed 148.wav
Processed 148.wav
Processed 56.wav
Processed 56.wav
Processed 106.wav
Processed 106.wav
Processed 116.wav
Processed 116.wav
Processed 193.wav
Processed 193.wav
Processed 131.wav
Processed 131.wav
Processed 76.wav
Processed 76.wav
Processed 69.wav
Processed 69.wav
Processed 211.wav
Processed 211.wav
Processed 39.wav
Processed 39.wav
Processed 130.wav
Processed 130.wav
Processed 179.wav
Processed 179.wav
Processed 204.wav
Processed 204.wav
Processed 187.wav
Processed 187.wav
Processed 164.wav
Processed 164.wav
Processed 203.wav
Processed 203.wav
Processed 55.wav
Processed 55.wav
Processed 146.wav
Processed 146.wav
Processed 33.wav
Processed 33.wav
Processed 45.wav
Processed 45.wav
Processed 165.wav
Processed 165.wav
Processed 101.wav
Processed 101.wav
Processed 7.wav
Processed 7.wav
Processed 36.wav
Processed 36.wav
Processed 107.wav
Processed 107.wav
Processed 5.wav
Processed 5.wav
Processed 176.wav
Processed 176.wav
Processed 28.wav
Processed 28.wav
Processed 23.wav
Processed 23.wav
Processed 160.wav
Processed 160.wav
Processed 207.wav
Processed 207.wav
Processed 93.wav
Processed 93.wav
Processed 71.wav
Processed 71.wav
Processed 31.wav
Processed 31.wav
Processed 19.wav
Processed 19.wav
Processed 182.wav
Processed 182.wav
Processed 180.wav
Processed 180.wav
Processed 145.wav
Processed 145.wav
Processed 30.wav
Processed 30.wav
Processed 9.wav
Processed 9.wav
Processed 24.wav
Processed 24.wav
Processed 27.wav
Processed 27.wav
Processed 162.wav
Processed 162.wav
Processed 97.wav
Processed 97.wav
Processed 155.wav
Processed 155.wav
Processed 199.wav
Processed 199.wav
Processed 135.wav
Processed 135.wav
Processed 77.wav
Processed 77.wav
Processed 113.wav
Processed 113.wav
Processed 197.wav
Processed 197.wav
Processed 144.wav
Processed 144.wav
Processed 42.wav
Processed 42.wav
Processed 87.wav
Processed 87.wav
Processed 20.wav
Processed 20.wav
Processed 139.wav
Processed 139.wav
Processed 137.wav
Processed 137.wav
Processed 188.wav
Processed 188.wav
Processed 133.wav
Processed 133.wav
Processed 34.wav
Processed 34.wav
Processed 110.wav
Processed 110.wav
Processed 25.wav
Processed 25.wav
Processed 82.wav
Processed 82.wav
Processed 21.wav
Processed 21.wav
Processed 70.wav
Processed 70.wav
Processed 172.wav
Processed 172.wav
Processed 89.wav
Processed 89.wav
Processed 128.wav
Processed 128.wav
Processed 118.wav
Processed 118.wav
Processed 0.wav
Processed 0.wav
Processed 85.wav
Processed 85.wav
Processed 169.wav
Processed 169.wav
Processed 67.wav
Processed 67.wav
Processed 65.wav
Processed 65.wav
Processed 10.wav
Processed 10.wav
Processed 63.wav
Processed 63.wav
Processed 112.wav
Processed 112.wav
Processed 114.wav
Processed 114.wav
Processed 8.wav
Processed 8.wav
Processed 64.wav
Processed 64.wav
Processed 91.wav
Processed 91.wav
Processed 156.wav
Processed 156.wav
Processed 4.wav
Processed 4.wav
Processed 134.wav
Processed 134.wav
Processed 58.wav
Processed 58.wav
Processed 92.wav
Processed 92.wav
Processed 175.wav
Processed 175.wav
Processed 215.wav
Processed 215.wav
Processed 60.wav
Processed 60.wav
Processed 104.wav
Processed 104.wav
Processed 170.wav
Processed 170.wav
Processed 90.wav
Processed 90.wav
Processed 26.wav
Processed 26.wav
Processed 94.wav
Processed 94.wav
Processed 141.wav
Processed 141.wav
Processed 105.wav
Processed 105.wav
Processed 86.wav
Processed 86.wav
Processed 186.wav
Processed 186.wav
Processed 37.wav
Processed 37.wav
Processed 40.wav
Processed 40.wav
Processed 140.wav
Processed 140.wav
Processed 17.wav
Processed 17.wav
Processed 129.wav
Processed 129.wav
Processed 168.wav
Processed 168.wav
Processed 49.wav
Processed 49.wav
Processed 213.wav
Processed 213.wav
Processed 216.wav
Processed 216.wav
Processed 35.wav
Processed 35.wav
Processed 2.wav
Processed 2.wav
Processed 125.wav
Processed 125.wav
Processed 99.wav
Processed 99.wav
Processed 181.wav
Processed 181.wav
Processed 22.wav
Processed 22.wav
Processed 88.wav
Processed 88.wav
Processed 177.wav
Processed 177.wav
Processed 142.wav
Processed 142.wav
Processed 122.wav
Processed 122.wav
Processed 189.wav
Processed 189.wav
Processed 126.wav
Processed 126.wav
Processed 152.wav
Processed 152.wav
Processed 212.wav
Processed 212.wav
Processed 108.wav
Processed 108.wav
Processed 41.wav
Processed 41.wav
Processed 18.wav
Processed 18.wav
Processed 214.wav
Processed 214.wav
Processed 72.wav
Processed 72.wav
Processed 43.wav
Processed 43.wav
Processed 149.wav
Processed 149.wav
Processed 173.wav
Processed 173.wav
Processed 201.wav
Processed 201.wav
Processed 3.wav
Processed 3.wav
Processed 136.wav
Processed 136.wav
Processed 13.wav
Processed 13.wav
Processed 51.wav
Processed 51.wav
Processed 200.wav
Processed 200.wav
Processed 132.wav
Processed 132.wav
Processed 61.wav
Processed 61.wav
Processed 124.wav
Processed 124.wav
Processed 44.wav
Processed 44.wav
Processed 202.wav
Processed 202.wav
Processed 48.wav
Processed 48.wav
Processed 208.wav
Processed 208.wav
Processed 120.wav
Processed 120.wav
Processed 190.wav
Processed 190.wav
Processed 206.wav
Processed 206.wav
Processed 147.wav
Processed 147.wav
Processed 83.wav
Processed 83.wav
Processed 166.wav
Processed 166.wav
Processed 100.wav
Processed 100.wav
Processed 191.wav
Processed 191.wav
Processed 185.wav
Processed 185.wav
Processed 119.wav
Processed 119.wav
Processed 50.wav
Processed 50.wav
Processed 195.wav
Processed 195.wav
Processed 154.wav
Processed 154.wav
Processed 15.wav
Processed 15.wav
Processed 121.wav
Processed 121.wav
Processed 209.wav
Processed 209.wav
Processed 163.wav
Processed 163.wav
Processed 183.wav
Processed 183.wav
Processed 194.wav
Processed 194.wav
Processed 52.wav
Processed 52.wav
Processed 73.wav
Processed 73.wav
Processed 102.wav
Processed 102.wav
Processed 12.wav
Processed 12.wav
Processed 143.wav
Processed 143.wav
Processed 62.wav
Processed 62.wav
Processed 84.wav
Processed 84.wav
Processed 59.wav
Processed 59.wav
Processed 53.wav
Processed 53.wav
Processed 11.wav
Processed 11.wav
Processed 123.wav
Processed 123.wav
Processed 159.wav
Processed 159.wav
Processed 171.wav
Processed 171.wav
Processed 6.wav
Processed 6.wav
Processed 167.wav
Processed 167.wav
Processed 157.wav
Processed 157.wav
Processed 153.wav
Processed 153.wav
Processed 158.wav
Processed 158.wav
Processed 57.wav
Processed 57.wav
Processed 95.wav
Processed 95.wav
Processed 192.wav
Processed 192.wav
Processed 29.wav
Processed 29.wav
Processed 109.wav
Processed 109.wav
Processed 79.wav
Processed 79.wav
Processed 80.wav
Processed 80.wav
Final results saved to /var/lib/condor/execute/slot2/dir_518274/scratch/tweety_bert/temp_song_detection_output/onset_offset_results.json
Attempting to merge 1 JSON files.
Successfully merged 217 unique entries into '/var/lib/condor/execute/slot2/dir_518274/scratch/tweety_bert/files/song_detection.json'
Running command: /usr/local/bin/python /var/lib/condor/execute/slot2/dir_518274/scratch/tweety_bert/song_detector/src/inference.py --mode local_dir --input /var/lib/condor/execute/slot2/dir_518274/scratch/files/3470165/Bird9/Wave --output /var/lib/condor/execute/slot2/dir_518274/scratch/tweety_bert/temp_song_detection_output --step_size 86
Merge successful. Cleaning up temporary files.
Decoder state loaded from experiments/Bird9_decoder_linear_decoder/decoder_state
Segment 0 has fewer than 250 time bins and will be skipped.
Segment 1 has fewer than 250 time bins and will be skipped.
Segment 1 has fewer than 250 time bins and will be skipped.
Segment 0 has fewer than 250 time bins and will be skipped.
Segment 0 has fewer than 250 time bins and will be skipped.
Segment 0 has fewer than 250 time bins and will be skipped.
Segment 0 has fewer than 250 time bins and will be skipped.
Segment 0 has fewer than 250 time bins and will be skipped.
Segment 1 has fewer than 250 time bins and will be skipped.
Running command: /usr/local/bin/python /var/lib/condor/execute/slot2/dir_518274/scratch/tweety_bert/src/inference.py --bird_name Bird9_decoder --wav_dir /var/lib/condor/execute/slot2/dir_518274/scratch/files/3470165/Bird9/Wave --song_detection_json /var/lib/condor/execute/slot2/dir_518274/scratch/tweety_bert/files/Bird9_song_detection.json --apply_post_processing True --window_size 50 --visualize True
Starting process_directory
Reading file list from: /var/lib/condor/execute/slot2/dir_518274/scratch/tweety_bert/temp_decode/single_mode_files.txt
Found 94 files in the list.
Running in multi-threaded mode with 192 workers.
Total files processed: 94
Total files skipped due to errors or no vocalization data: 0
/var/lib/condor/execute/slot2/dir_518274/scratch/tweety_bert
samples per dataset: 500000
dataset /var/lib/condor/execute/slot2/dir_518274/scratch/tweety_bert/temp_decode/umap_specs exhausted after 385982 samples
vocalization arr shape (385982,)
predictions arr shape (385982, 196)
ground truth labels arr shape (385982,)
spec arr shape (385982, 196)
initializing umap reducer...
umap reducer (2 dims for visualization) initialized.
umap reducer (8 dims for clustering) initialized.
umap fitting for visualization complete. shape of embedding outputs: (385982, 2)
umap cluster fitting for clustering complete. shape of embedding outputs: (385982, 8)
discovered labels [-1  0  1  2  3  4  5  6  7  8  9 10 11 12 13 14 15]
hdbscan labels generated. unique labels found: [-1  0  1  2  3  4  5  6  7  8  9 10 11 12 13 14 15]
Number of classes: 16
Step 10: Train Loss 2.4267 FER = 58.63%, Val Loss = 2.3534
Step 20: Train Loss 1.9226 FER = 45.88%, Val Loss = 1.8913
Step 30: Train Loss 1.4353 FER = 33.11%, Val Loss = 1.3833
Step 40: Train Loss 1.0991 FER = 26.41%, Val Loss = 1.0013
Step 50: Train Loss 0.6934 FER = 19.89%, Val Loss = 0.7327
Step 60: Train Loss 0.4675 FER = 15.52%, Val Loss = 0.5397
Step 70: Train Loss 0.3890 FER = 15.81%, Val Loss = 0.4785
Step 80: Train Loss 0.4322 FER = 13.73%, Val Loss = 0.4197
Step 90: Train Loss 0.3314 FER = 11.93%, Val Loss = 0.3589
Step 100: Train Loss 0.3049 FER = 9.27%, Val Loss = 0.2958
Step 110: Train Loss 0.2248 FER = 8.06%, Val Loss = 0.2534
Step 120: Train Loss 0.2697 FER = 7.40%, Val Loss = 0.2480
Step 130: Train Loss 0.2153 FER = 8.48%, Val Loss = 0.2668
Step 140: Train Loss 0.1891 FER = 8.72%, Val Loss = 0.2707
Step 150: Train Loss 0.2096 FER = 4.97%, Val Loss = 0.1685
Step 160: Train Loss 0.1704 FER = 8.92%, Val Loss = 0.2899
Step 170: Train Loss 0.1471 FER = 8.27%, Val Loss = 0.2533
Step 180: Train Loss 0.1701 FER = 6.99%, Val Loss = 0.1977
Early stopping triggered
Decoder state saved in experiments/Bird10_decoder_linear_decoder/decoder_state
Generated 78 spectrograms.
Running command: /usr/local/bin/python /var/lib/condor/execute/slot2/dir_518274/scratch/tweety_bert/src/spectogram_generator.py --file_list /var/lib/condor/execute/slot2/dir_518274/scratch/tweety_bert/temp_decode/single_mode_files.txt --dst_dir /var/lib/condor/execute/slot2/dir_518274/scratch/tweety_bert/temp_decode/umap_specs --song_detection_json_path None --nfft 1024 --single_threaded false
Running command: /usr/local/bin/python /var/lib/condor/execute/slot2/dir_518274/scratch/tweety_bert/figure_generation_scripts/dim_reduced_birdsong_plots.py --experiment_folder /var/lib/condor/execute/slot2/dir_518274/scratch/tweety_bert/experiments/MyTweetyBERTModel --save_name Bird10_decoder --samples 5e5 --raw_spectogram false --state_finding_algorithm HDBSCAN --context 1000 --data_dirs /var/lib/condor/execute/slot2/dir_518274/scratch/tweety_bert/temp_decode/umap_specs
Running command: /usr/local/bin/python /var/lib/condor/execute/slot2/dir_518274/scratch/tweety_bert/src/decoder.py --experiment_name MyTweetyBERTModel --bird_name Bird10_decoder --context_length 1000
Processed 14.wav
Processed 14.wav
Processed 38.wav
Processed 38.wav
Processed 1.wav
Processed 1.wav
Processed 32.wav
Processed 32.wav
Processed 47.wav
Processed 47.wav
Processed 75.wav
Processed 75.wav
Processed 54.wav
Processed 54.wav
Processed 66.wav
Processed 66.wav
Processed 81.wav
Processed 81.wav
Processed 68.wav
Processed 68.wav
Processed 16.wav
Processed 16.wav
Processed 46.wav
Processed 46.wav
Processed 78.wav
Processed 78.wav
Processed 74.wav
Processed 74.wav
Processed 56.wav
Processed 56.wav
Processed 76.wav
Processed 76.wav
Processed 69.wav
Processed 69.wav
Processed 39.wav
Processed 39.wav
Processed 55.wav
Processed 55.wav
Processed 33.wav
Processed 33.wav
Processed 45.wav
Processed 45.wav
Processed 7.wav
Processed 7.wav
Processed 36.wav
Processed 36.wav
Processed 5.wav
Processed 5.wav
Processed 28.wav
Processed 28.wav
Processed 23.wav
Processed 23.wav
Processed 93.wav
Processed 93.wav
Processed 71.wav
Processed 71.wav
Processed 31.wav
Processed 31.wav
Processed 19.wav
Processed 19.wav
Processed 30.wav
Processed 30.wav
Processed 9.wav
Processed 9.wav
Processed 24.wav
Processed 24.wav
Processed 27.wav
Processed 27.wav
Processed 77.wav
Processed 77.wav
Processed 42.wav
Processed 42.wav
Processed 87.wav
Processed 87.wav
Processed 20.wav
Processed 20.wav
Processed 34.wav
Processed 34.wav
Processed 25.wav
Processed 25.wav
Processed 82.wav
Processed 82.wav
Processed 21.wav
Processed 21.wav
Processed 70.wav
Processed 70.wav
Processed 89.wav
Processed 89.wav
Processed 0.wav
Processed 0.wav
Processed 85.wav
Processed 85.wav
Processed 67.wav
Processed 67.wav
Processed 65.wav
Processed 65.wav
Processed 10.wav
Processed 10.wav
Processed 63.wav
Processed 63.wav
Processed 8.wav
Processed 8.wav
Processed 64.wav
Processed 64.wav
Processed 91.wav
Processed 91.wav
Processed 4.wav
Processed 4.wav
Processed 58.wav
Processed 58.wav
Processed 92.wav
Processed 92.wav
Processed 60.wav
Processed 60.wav
Processed 90.wav
Processed 90.wav
Processed 26.wav
Processed 26.wav
Processed 86.wav
Processed 86.wav
Processed 37.wav
Processed 37.wav
Processed 40.wav
Processed 40.wav
Error processing 17.wav: all the input arrays must have same number of dimensions, but the array at index 0 has 1 dimension(s) and the array at index 1 has 0 dimension(s)
Processed 49.wav
Processed 49.wav
Processed 35.wav
Processed 35.wav
Processed 2.wav
Processed 2.wav
Processed 22.wav
Processed 22.wav
Processed 88.wav
Processed 88.wav
Processed 41.wav
Processed 41.wav
Processed 18.wav
Processed 18.wav
Processed 72.wav
Processed 72.wav
Processed 43.wav
Processed 43.wav
Processed 3.wav
Processed 3.wav
Processed 13.wav
Processed 13.wav
Processed 51.wav
Processed 51.wav
Processed 61.wav
Processed 61.wav
Processed 44.wav
Processed 44.wav
Processed 48.wav
Processed 48.wav
Processed 83.wav
Processed 83.wav
Processed 50.wav
Processed 50.wav
Processed 15.wav
Processed 15.wav
Processed 52.wav
Processed 52.wav
Processed 73.wav
Processed 73.wav
Processed 12.wav
Processed 12.wav
Processed 62.wav
Processed 62.wav
Processed 84.wav
Processed 84.wav
Processed 59.wav
Processed 59.wav
Processed 53.wav
Processed 53.wav
Processed 11.wav
Processed 11.wav
Processed 6.wav
Processed 6.wav
Processed 57.wav
Processed 57.wav
Processed 29.wav
Processed 29.wav
Processed 79.wav
Processed 79.wav
Processed 80.wav
Processed 80.wav
Final results saved to /var/lib/condor/execute/slot2/dir_518274/scratch/tweety_bert/temp_song_detection_output/onset_offset_results.json
Attempting to merge 1 JSON files.
Successfully merged 93 unique entries into '/var/lib/condor/execute/slot2/dir_518274/scratch/tweety_bert/files/song_detection.json'
Running command: /usr/local/bin/python /var/lib/condor/execute/slot2/dir_518274/scratch/tweety_bert/song_detector/src/inference.py --mode local_dir --input /var/lib/condor/execute/slot2/dir_518274/scratch/files/3470165/Bird10/Wave --output /var/lib/condor/execute/slot2/dir_518274/scratch/tweety_bert/temp_song_detection_output --step_size 86
Merge successful. Cleaning up temporary files.
Decoder state loaded from experiments/Bird10_decoder_linear_decoder/decoder_state
Segment 0 has fewer than 250 time bins and will be skipped.
Segment 0 has fewer than 250 time bins and will be skipped.
Segment 0 has fewer than 250 time bins and will be skipped.
Segment 0 has fewer than 250 time bins and will be skipped.
Segment 0 has fewer than 250 time bins and will be skipped.
Segment 0 has fewer than 250 time bins and will be skipped.
Segment 0 has fewer than 250 time bins and will be skipped.
Running command: /usr/local/bin/python /var/lib/condor/execute/slot2/dir_518274/scratch/tweety_bert/src/inference.py --bird_name Bird10_decoder --wav_dir /var/lib/condor/execute/slot2/dir_518274/scratch/files/3470165/Bird10/Wave --song_detection_json /var/lib/condor/execute/slot2/dir_518274/scratch/tweety_bert/files/Bird10_song_detection.json --apply_post_processing True --window_size 50 --visualize True
tweety_bert/
tweety_bert/song_detector/
tweety_bert/song_detector/main.ipynb
tweety_bert/song_detector/train.py
tweety_bert/song_detector/files/
tweety_bert/song_detector/files/sorter-1/
tweety_bert/song_detector/files/sorter-1/config.json
tweety_bert/song_detector/files/sorter-1/weights.pth
tweety_bert/song_detector/files/sorter-specs-with-nothreshold-0.1/
tweety_bert/song_detector/files/sorter-specs-with-nothreshold-0.1/config.json
tweety_bert/song_detector/files/sorter-specs-with-nothreshold-0.1/weights.pth
tweety_bert/song_detector/files/canary_fall_nerve_llb-.01/
tweety_bert/song_detector/files/canary_fall_nerve_llb-.01/config.json
tweety_bert/song_detector/files/canary_fall_nerve_llb-.01/weights.pth
tweety_bert/song_detector/files/bengalese_finch_test/
tweety_bert/song_detector/files/bengalese_finch_test/config.json
tweety_bert/song_detector/files/bengalese_finch_test/weights.pth
tweety_bert/song_detector/requirements.txt
tweety_bert/song_detector/entry.sh
tweety_bert/song_detector/.git/
tweety_bert/song_detector/.git/hooks/
tweety_bert/song_detector/.git/hooks/update.sample
tweety_bert/song_detector/.git/hooks/sendemail-validate.sample
tweety_bert/song_detector/.git/hooks/commit-msg.sample
tweety_bert/song_detector/.git/hooks/post-update.sample
tweety_bert/song_detector/.git/hooks/pre-push.sample
tweety_bert/song_detector/.git/hooks/pre-merge-commit.sample
tweety_bert/song_detector/.git/hooks/pre-rebase.sample
tweety_bert/song_detector/.git/hooks/prepare-commit-msg.sample
tweety_bert/song_detector/.git/hooks/pre-commit.sample
tweety_bert/song_detector/.git/hooks/applypatch-msg.sample
tweety_bert/song_detector/.git/hooks/push-to-checkout.sample
tweety_bert/song_detector/.git/hooks/pre-receive.sample
tweety_bert/song_detector/.git/hooks/pre-applypatch.sample
tweety_bert/song_detector/.git/hooks/fsmonitor-watchman.sample
tweety_bert/song_detector/.git/objects/
tweety_bert/song_detector/.git/objects/pack/
tweety_bert/song_detector/.git/objects/pack/pack-96b05719d02acf234399c20a439e68dd5a821059.rev
tweety_bert/song_detector/.git/objects/pack/pack-96b05719d02acf234399c20a439e68dd5a821059.pack
tweety_bert/song_detector/.git/objects/pack/pack-96b05719d02acf234399c20a439e68dd5a821059.idx
tweety_bert/song_detector/.git/objects/info/
tweety_bert/song_detector/.git/refs/
tweety_bert/song_detector/.git/refs/heads/
tweety_bert/song_detector/.git/refs/heads/master
tweety_bert/song_detector/.git/refs/remotes/
tweety_bert/song_detector/.git/refs/remotes/origin/
tweety_bert/song_detector/.git/refs/remotes/origin/HEAD
tweety_bert/song_detector/.git/refs/tags/
tweety_bert/song_detector/.git/branches/
tweety_bert/song_detector/.git/info/
tweety_bert/song_detector/.git/info/exclude
tweety_bert/song_detector/.git/description
tweety_bert/song_detector/.git/logs/
tweety_bert/song_detector/.git/logs/refs/
tweety_bert/song_detector/.git/logs/refs/heads/
tweety_bert/song_detector/.git/logs/refs/heads/master
tweety_bert/song_detector/.git/logs/refs/remotes/
tweety_bert/song_detector/.git/logs/refs/remotes/origin/
tweety_bert/song_detector/.git/logs/refs/remotes/origin/HEAD
tweety_bert/song_detector/.git/logs/HEAD
tweety_bert/song_detector/.git/HEAD
tweety_bert/song_detector/.git/index
tweety_bert/song_detector/.git/config
tweety_bert/song_detector/.git/packed-refs
tweety_bert/song_detector/src/
tweety_bert/song_detector/src/__init__.py
tweety_bert/song_detector/src/model.py
tweety_bert/song_detector/src/inference.py
tweety_bert/song_detector/src/trainer.py
tweety_bert/song_detector/src/extract_labeled_json_files.py
tweety_bert/song_detector/src/post_processing.py
tweety_bert/song_detector/src/utils.py
tweety_bert/song_detector/src/test_train_split.py
tweety_bert/song_detector/src/aws_mp4_to_wav.py
tweety_bert/song_detector/src/extract_aws_mp4.py
tweety_bert/song_detector/src/spectogram_generator.py
tweety_bert/song_detector/src/__pycache__/
tweety_bert/song_detector/src/__pycache__/utils.cpython-311.pyc
tweety_bert/song_detector/src/__pycache__/spectogram_generator.cpython-311.pyc
tweety_bert/song_detector/src/__pycache__/post_processing.cpython-311.pyc
tweety_bert/song_detector/src/__pycache__/model.cpython-310.pyc
tweety_bert/song_detector/src/__pycache__/spectogram_generator.cpython-310.pyc
tweety_bert/song_detector/src/__pycache__/dataloader.cpython-311.pyc
tweety_bert/song_detector/src/__pycache__/trainer.cpython-311.pyc
tweety_bert/song_detector/src/__pycache__/model.cpython-311.pyc
tweety_bert/song_detector/src/__pycache__/post_processing.cpython-310.pyc
tweety_bert/song_detector/src/__pycache__/utils.cpython-310.pyc
tweety_bert/song_detector/src/dataloader.py
tweety_bert/song_detector/Dockerfile
tweety_bert/song_detector/.gitignore
tweety_bert/shell_scripts/
tweety_bert/shell_scripts/inference.sh
tweety_bert/shell_scripts/train_decoder_multiple_dir.sh
tweety_bert/shell_scripts/train_decoder.sh
tweety_bert/shell_scripts/llb_umap_generations.sh
tweety_bert/shell_scripts/batch_decoding.sh
tweety_bert/shell_scripts/pretrain.sh
tweety_bert/shell_scripts/fold_umap_generation.sh
tweety_bert/scripts/
tweety_bert/scripts/delete_corrupted_files.py
tweety_bert/scripts/merge_output_label_jsons.py
tweety_bert/scripts/count_timebins.py
tweety_bert/scripts/decompress_npz.py
tweety_bert/scripts/fast_zip.py
tweety_bert/scripts/delete_small_files.py
tweety_bert/scripts/counting_number_timebins_in_pretraining.py
tweety_bert/scripts/attach_yarden_labels_to_song_detection_json.py
tweety_bert/scripts/extract_labeled_json_files.py
tweety_bert/scripts/Layer_Wise_FER.py
tweety_bert/scripts/vast_ai_unzipper.py
tweety_bert/scripts/tape_archive_extractor.py
tweety_bert/scripts/copy_random_files.py
tweety_bert/scripts/process_annotations_BENGALESE_FINCH.py
tweety_bert/scripts/multiple_dir_to_single_folder.py
tweety_bert/scripts/convert_paths_to_basenames.py
tweety_bert/scripts/split_files_into_train_and_test.py
tweety_bert/scripts/move_non_zero_files.py
tweety_bert/scripts/counting_number_timebins_in_song_training_dataset.py
tweety_bert/scripts/remove_empty_yarden_data.py
tweety_bert/scripts/plot_num_songs_detected.py
tweety_bert/scripts/plot_all_umaps.py
tweety_bert/scripts/copy_files_from_wavdir_to_multiple_event_dirs.py
tweety_bert/scripts/temp_process_aws_data_formats.ipynb
tweety_bert/scripts/attach_date_time_information.py
tweety_bert/scripts/umap_embedding_deep_dive.ipynb
tweety_bert/scripts/birdwise_test_train_split.py
tweety_bert/scripts/layer_wise_v_measure.py
tweety_bert/scripts/fold_v_measure_calculation.py
tweety_bert/scripts/split_based_on_canary_date.py
tweety_bert/scripts/calculate_data_in_all_folds.py
tweety_bert/scripts/data_subsetting.py
tweety_bert/scripts/attach_bengalesefinch_labels_to_song_detection_json.py
tweety_bert/scripts/linear_probe_automated_analysis.py
tweety_bert/pretrain.py
tweety_bert/embedding_scroll.gif
tweety_bert/.DS_Store
tweety_bert/detect_song.py
tweety_bert/files/
tweety_bert/files/Bird8_decoder_decoded_database.json
tweety_bert/files/Bird9_song_detection.json
tweety_bert/files/Bird5.npz
tweety_bert/files/Bird1.npz
tweety_bert/files/Bird9_decoder_decoded_database.json
tweety_bert/files/Bird7_decoder_decoded_database.json
tweety_bert/files/Bird0_decoder.npz
tweety_bert/files/Bird1_decoder.npz
tweety_bert/files/Bird9.npz
tweety_bert/files/Bird5_song_detection.json
tweety_bert/files/Bird7.npz
tweety_bert/files/Bird5_decoder.npz
tweety_bert/files/Bird6_song_detection.json
tweety_bert/files/Bird6.npz
tweety_bert/files/Bird8_song_detection.json
tweety_bert/files/Bird3_decoder_decoded_database.json
tweety_bert/files/Bird8.npz
tweety_bert/files/Bird10_decoder.npz
tweety_bert/files/Bird0.npz
tweety_bert/files/Bird4_song_detection.json
tweety_bert/files/Bird3_decoder.npz
tweety_bert/files/Bird10_song_detection.json
tweety_bert/files/Bird6_decoder.npz
tweety_bert/files/Bird2_decoder_decoded_database.json
tweety_bert/files/Bird0_decoder_decoded_database.json
tweety_bert/files/Bird9_decoder.npz
tweety_bert/files/Bird3_song_detection.json
tweety_bert/files/Bird6_decoder_decoded_database.json
tweety_bert/files/Bird1_song_detection.json
tweety_bert/files/Bird10_decoder_decoded_database.json
tweety_bert/files/Bird5_decoder_decoded_database.json
tweety_bert/files/Bird2.npz
tweety_bert/files/Bird7_song_detection.json
tweety_bert/files/Bird2_song_detection.json
tweety_bert/files/Bird10.npz
tweety_bert/files/Bird3.npz
tweety_bert/files/Bird0_song_detection.json
tweety_bert/files/Bird4_decoder_decoded_database.json
tweety_bert/files/Bird8_decoder.npz
tweety_bert/files/Bird1_decoder_decoded_database.json
tweety_bert/files/Bird2_decoder.npz
tweety_bert/files/Bird7_decoder.npz
tweety_bert/files/Bird4_decoder.npz
tweety_bert/files/Bird4.npz
tweety_bert/decoding.py
tweety_bert/figure_generation_scripts/
tweety_bert/figure_generation_scripts/generating_inference_fig2b.py
tweety_bert/figure_generation_scripts/visualizing_hdb_scan_labels.py
tweety_bert/figure_generation_scripts/p_values_notebook.ipynb
tweety_bert/figure_generation_scripts/embedding_temporal_dynamics_animation.ipynb
tweety_bert/figure_generation_scripts/spec_image_generator.py
tweety_bert/figure_generation_scripts/dim_reduced_birdsong_plots.py
tweety_bert/figure_generation_scripts/paper_loss_plots.py
tweety_bert/figure_generation_scripts/linear_probe_analysis.ipynb
tweety_bert/figure_generation_scripts/visualizing_ground_truth_labels.py
tweety_bert/figure_generation_scripts/npz_info.py
tweety_bert/figure_generation_scripts/verifying_generated_labels.ipynb
tweety_bert/figure_generation_scripts/visualizing_song_cluster_phase.py
tweety_bert/figure_generation_scripts/umap_eval.py
tweety_bert/figure_generation_scripts/UMAP_plots_from_npz.py
tweety_bert/figure_generation_scripts/umap_comparison_figure_generation.py
tweety_bert/figure_generation_scripts/inspecting_hdbscan_labels.py
tweety_bert/figure_generation_scripts/masked_prediction_figure_generator.py
tweety_bert/figure_generation_scripts/interspecies_animation.py
tweety_bert/.git/
tweety_bert/.git/hooks/
tweety_bert/.git/hooks/update.sample
tweety_bert/.git/hooks/sendemail-validate.sample
tweety_bert/.git/hooks/commit-msg.sample
tweety_bert/.git/hooks/post-update.sample
tweety_bert/.git/hooks/pre-push.sample
tweety_bert/.git/hooks/pre-merge-commit.sample
tweety_bert/.git/hooks/pre-rebase.sample
tweety_bert/.git/hooks/prepare-commit-msg.sample
tweety_bert/.git/hooks/pre-commit.sample
tweety_bert/.git/hooks/applypatch-msg.sample
tweety_bert/.git/hooks/push-to-checkout.sample
tweety_bert/.git/hooks/pre-receive.sample
tweety_bert/.git/hooks/pre-applypatch.sample
tweety_bert/.git/hooks/fsmonitor-watchman.sample
tweety_bert/.git/objects/
tweety_bert/.git/objects/pack/
tweety_bert/.git/objects/pack/pack-bec1d1802bc77b1f7edc545da4eeb6f4ce6f67a0.idx
tweety_bert/.git/objects/pack/pack-bec1d1802bc77b1f7edc545da4eeb6f4ce6f67a0.rev
tweety_bert/.git/objects/pack/pack-bec1d1802bc77b1f7edc545da4eeb6f4ce6f67a0.pack
tweety_bert/.git/objects/info/
tweety_bert/.git/refs/
tweety_bert/.git/refs/heads/
tweety_bert/.git/refs/heads/TweetyBERT-Nov-Refactor
tweety_bert/.git/refs/remotes/
tweety_bert/.git/refs/remotes/origin/
tweety_bert/.git/refs/remotes/origin/HEAD
tweety_bert/.git/refs/tags/
tweety_bert/.git/branches/
tweety_bert/.git/info/
tweety_bert/.git/info/exclude
tweety_bert/.git/description
tweety_bert/.git/logs/
tweety_bert/.git/logs/refs/
tweety_bert/.git/logs/refs/heads/
tweety_bert/.git/logs/refs/heads/TweetyBERT-Nov-Refactor
tweety_bert/.git/logs/refs/remotes/
tweety_bert/.git/logs/refs/remotes/origin/
tweety_bert/.git/logs/refs/remotes/origin/HEAD
tweety_bert/.git/logs/HEAD
tweety_bert/.git/HEAD
tweety_bert/.git/index
tweety_bert/.git/config
tweety_bert/.git/packed-refs
tweety_bert/run_inference.py
tweety_bert/error_log.log
tweety_bert/readme.md
tweety_bert/src/
tweety_bert/src/spectogram_generator.py.bak
tweety_bert/src/__init__.py
tweety_bert/src/model.py
tweety_bert/src/inference.py
tweety_bert/src/trainer.py
tweety_bert/src/post_processing.py
tweety_bert/src/utils.py
tweety_bert/src/decoder.py
tweety_bert/src/experiment_manager.py
tweety_bert/src/inference.py.bak
tweety_bert/src/TweetyNET.py
tweety_bert/src/linear_probe.py
tweety_bert/src/analysis.py
tweety_bert/src/spectogram_generator.py
tweety_bert/src/data_class.py
tweety_bert/src/__pycache__/
tweety_bert/src/__pycache__/model.cpython-310.pyc
tweety_bert/src/__pycache__/spectogram_generator.cpython-310.pyc
tweety_bert/src/__pycache__/experiment_manager.cpython-310.pyc
tweety_bert/src/__pycache__/data_class.cpython-310.pyc
tweety_bert/src/__pycache__/analysis.cpython-310.pyc
tweety_bert/src/__pycache__/linear_probe.cpython-310.pyc
tweety_bert/src/__pycache__/post_processing.cpython-310.pyc
tweety_bert/src/__pycache__/utils.cpython-310.pyc
tweety_bert/src/__pycache__/trainer.cpython-310.pyc
tweety_bert/src/TweetyBERT.py
tweety_bert/imgs/
tweety_bert/imgs/decoder_specs_inference_test/
tweety_bert/imgs/decoder_specs_inference_test/390_full_file_debug.png
tweety_bert/imgs/decoder_specs_inference_test/224_full_file_debug.png
tweety_bert/imgs/decoder_specs_inference_test/35_full_file_debug.png
tweety_bert/imgs/decoder_specs_inference_test/29_full_file_debug.png
tweety_bert/imgs/decoder_specs_inference_test/105_full_file_debug.png
tweety_bert/imgs/decoder_specs_inference_test/97_full_file_debug.png
tweety_bert/imgs/decoder_specs_inference_test/86_full_file_debug.png
tweety_bert/imgs/decoder_specs_inference_test/166_full_file_debug.png
tweety_bert/imgs/decoder_specs_inference_test/68_full_file_debug.png
tweety_bert/imgs/decoder_specs_inference_test/33_full_file_debug.png
tweety_bert/imgs/decoder_specs_inference_test/331_full_file_debug.png
tweety_bert/imgs/decoder_specs_inference_test/407_full_file_debug.png
tweety_bert/imgs/decoder_specs_inference_test/49_full_file_debug.png
tweety_bert/imgs/decoder_specs_inference_test/40_full_file_debug.png
tweety_bert/imgs/decoder_specs_inference_test/82_full_file_debug.png
tweety_bert/imgs/decoder_specs_inference_test/212_full_file_debug.png
tweety_bert/imgs/decoder_specs_inference_test/359_full_file_debug.png
tweety_bert/imgs/decoder_specs_inference_test/288_full_file_debug.png
tweety_bert/imgs/decoder_specs_inference_test/70_full_file_debug.png
tweety_bert/imgs/decoder_specs_inference_test/149_full_file_debug.png
tweety_bert/imgs/decoder_specs_inference_test/89_full_file_debug.png
tweety_bert/imgs/decoder_specs_inference_test/342_full_file_debug.png
tweety_bert/imgs/decoder_specs_inference_test/199_full_file_debug.png
tweety_bert/imgs/decoder_specs_inference_test/136_full_file_debug.png
tweety_bert/imgs/decoder_specs_inference_test/281_full_file_debug.png
tweety_bert/imgs/decoder_specs_inference_test/133_full_file_debug.png
tweety_bert/imgs/decoder_specs_inference_test/344_full_file_debug.png
tweety_bert/imgs/decoder_specs_inference_test/271_full_file_debug.png
tweety_bert/imgs/decoder_specs_inference_test/59_full_file_debug.png
tweety_bert/imgs/decoder_specs_inference_test/284_full_file_debug.png
tweety_bert/imgs/decoder_specs_inference_test/286_full_file_debug.png
tweety_bert/imgs/decoder_specs_inference_test/221_full_file_debug.png
tweety_bert/imgs/decoder_specs_inference_test/424_full_file_debug.png
tweety_bert/imgs/decoder_specs_inference_test/129_full_file_debug.png
tweety_bert/imgs/decoder_specs_inference_test/352_full_file_debug.png
tweety_bert/imgs/decoder_specs_inference_test/326_full_file_debug.png
tweety_bert/imgs/decoder_specs_inference_test/412_full_file_debug.png
tweety_bert/imgs/decoder_specs_inference_test/378_full_file_debug.png
tweety_bert/imgs/decoder_specs_inference_test/186_full_file_debug.png
tweety_bert/imgs/decoder_specs_inference_test/193_full_file_debug.png
tweety_bert/imgs/decoder_specs_inference_test/238_full_file_debug.png
tweety_bert/imgs/decoder_specs_inference_test/214_full_file_debug.png
tweety_bert/imgs/decoder_specs_inference_test/39_full_file_debug.png
tweety_bert/imgs/decoder_specs_inference_test/348_full_file_debug.png
tweety_bert/imgs/decoder_specs_inference_test/280_full_file_debug.png
tweety_bert/imgs/decoder_specs_inference_test/329_full_file_debug.png
tweety_bert/imgs/decoder_specs_inference_test/420_full_file_debug.png
tweety_bert/imgs/decoder_specs_inference_test/277_full_file_debug.png
tweety_bert/imgs/decoder_specs_inference_test/437_full_file_debug.png
tweety_bert/imgs/decoder_specs_inference_test/273_full_file_debug.png
tweety_bert/imgs/decoder_specs_inference_test/197_full_file_debug.png
tweety_bert/imgs/decoder_specs_inference_test/180_full_file_debug.png
tweety_bert/imgs/decoder_specs_inference_test/103_full_file_debug.png
tweety_bert/imgs/decoder_specs_inference_test/438_full_file_debug.png
tweety_bert/imgs/decoder_specs_inference_test/158_full_file_debug.png
tweety_bert/imgs/decoder_specs_inference_test/175_full_file_debug.png
tweety_bert/imgs/decoder_specs_inference_test/13_full_file_debug.png
tweety_bert/imgs/decoder_specs_inference_test/237_full_file_debug.png
tweety_bert/imgs/decoder_specs_inference_test/380_full_file_debug.png
tweety_bert/imgs/decoder_specs_inference_test/77_full_file_debug.png
tweety_bert/imgs/decoder_specs_inference_test/373_full_file_debug.png
tweety_bert/imgs/decoder_specs_inference_test/266_full_file_debug.png
tweety_bert/imgs/decoder_specs_inference_test/10_full_file_debug.png
tweety_bert/imgs/decoder_specs_inference_test/406_full_file_debug.png
tweety_bert/imgs/decoder_specs_inference_test/153_full_file_debug.png
tweety_bert/imgs/decoder_specs_inference_test/113_full_file_debug.png
tweety_bert/imgs/decoder_specs_inference_test/209_full_file_debug.png
tweety_bert/imgs/decoder_specs_inference_test/306_full_file_debug.png
tweety_bert/imgs/decoder_specs_inference_test/95_full_file_debug.png
tweety_bert/imgs/decoder_specs_inference_test/367_full_file_debug.png
tweety_bert/imgs/decoder_specs_inference_test/183_full_file_debug.png
tweety_bert/imgs/decoder_specs_inference_test/241_full_file_debug.png
tweety_bert/imgs/decoder_specs_inference_test/351_full_file_debug.png
tweety_bert/imgs/decoder_specs_inference_test/299_full_file_debug.png
tweety_bert/imgs/decoder_specs_inference_test/55_full_file_debug.png
tweety_bert/imgs/decoder_specs_inference_test/332_full_file_debug.png
tweety_bert/imgs/decoder_specs_inference_test/343_full_file_debug.png
tweety_bert/imgs/decoder_specs_inference_test/123_full_file_debug.png
tweety_bert/imgs/decoder_specs_inference_test/265_full_file_debug.png
tweety_bert/imgs/decoder_specs_inference_test/386_full_file_debug.png
tweety_bert/imgs/decoder_specs_inference_test/255_full_file_debug.png
tweety_bert/imgs/decoder_specs_inference_test/219_full_file_debug.png
tweety_bert/imgs/decoder_specs_inference_test/340_full_file_debug.png
tweety_bert/imgs/decoder_specs_inference_test/67_full_file_debug.png
tweety_bert/imgs/decoder_specs_inference_test/333_full_file_debug.png
tweety_bert/imgs/decoder_specs_inference_test/435_full_file_debug.png
tweety_bert/imgs/decoder_specs_inference_test/85_full_file_debug.png
tweety_bert/imgs/decoder_specs_inference_test/401_full_file_debug.png
tweety_bert/imgs/decoder_specs_inference_test/323_full_file_debug.png
tweety_bert/imgs/decoder_specs_inference_test/137_full_file_debug.png
tweety_bert/imgs/decoder_specs_inference_test/330_full_file_debug.png
tweety_bert/imgs/decoder_specs_inference_test/155_full_file_debug.png
tweety_bert/imgs/decoder_specs_inference_test/297_full_file_debug.png
tweety_bert/imgs/decoder_specs_inference_test/236_full_file_debug.png
tweety_bert/imgs/decoder_specs_inference_test/0_full_file_debug.png
tweety_bert/imgs/decoder_specs_inference_test/319_full_file_debug.png
tweety_bert/imgs/decoder_specs_inference_test/324_full_file_debug.png
tweety_bert/imgs/decoder_specs_inference_test/60_full_file_debug.png
tweety_bert/imgs/decoder_specs_inference_test/285_full_file_debug.png
tweety_bert/imgs/decoder_specs_inference_test/45_full_file_debug.png
tweety_bert/imgs/decoder_specs_inference_test/328_full_file_debug.png
tweety_bert/imgs/decoder_specs_inference_test/91_full_file_debug.png
tweety_bert/imgs/decoder_specs_inference_test/201_full_file_debug.png
tweety_bert/imgs/decoder_specs_inference_test/210_full_file_debug.png
tweety_bert/imgs/decoder_specs_inference_test/203_full_file_debug.png
tweety_bert/imgs/decoder_specs_inference_test/431_full_file_debug.png
tweety_bert/imgs/decoder_specs_inference_test/259_full_file_debug.png
tweety_bert/imgs/decoder_specs_inference_test/161_full_file_debug.png
tweety_bert/imgs/decoder_specs_inference_test/48_full_file_debug.png
tweety_bert/imgs/decoder_specs_inference_test/21_full_file_debug.png
tweety_bert/imgs/decoder_specs_inference_test/362_full_file_debug.png
tweety_bert/imgs/decoder_specs_inference_test/188_full_file_debug.png
tweety_bert/imgs/decoder_specs_inference_test/320_full_file_debug.png
tweety_bert/imgs/decoder_specs_inference_test/30_full_file_debug.png
tweety_bert/imgs/decoder_specs_inference_test/356_full_file_debug.png
tweety_bert/imgs/decoder_specs_inference_test/78_full_file_debug.png
tweety_bert/imgs/decoder_specs_inference_test/400_full_file_debug.png
tweety_bert/imgs/decoder_specs_inference_test/381_full_file_debug.png
tweety_bert/imgs/decoder_specs_inference_test/14_full_file_debug.png
tweety_bert/imgs/decoder_specs_inference_test/370_full_file_debug.png
tweety_bert/imgs/decoder_specs_inference_test/376_full_file_debug.png
tweety_bert/imgs/decoder_specs_inference_test/256_full_file_debug.png
tweety_bert/imgs/decoder_specs_inference_test/72_full_file_debug.png
tweety_bert/imgs/decoder_specs_inference_test/7_full_file_debug.png
tweety_bert/imgs/decoder_specs_inference_test/325_full_file_debug.png
tweety_bert/imgs/decoder_specs_inference_test/341_full_file_debug.png
tweety_bert/imgs/decoder_specs_inference_test/312_full_file_debug.png
tweety_bert/imgs/decoder_specs_inference_test/357_full_file_debug.png
tweety_bert/imgs/decoder_specs_inference_test/396_full_file_debug.png
tweety_bert/imgs/decoder_specs_inference_test/363_full_file_debug.png
tweety_bert/imgs/decoder_specs_inference_test/307_full_file_debug.png
tweety_bert/imgs/decoder_specs_inference_test/65_full_file_debug.png
tweety_bert/imgs/decoder_specs_inference_test/177_full_file_debug.png
tweety_bert/imgs/decoder_specs_inference_test/377_full_file_debug.png
tweety_bert/imgs/decoder_specs_inference_test/345_full_file_debug.png
tweety_bert/imgs/decoder_specs_inference_test/389_full_file_debug.png
tweety_bert/imgs/decoder_specs_inference_test/26_full_file_debug.png
tweety_bert/imgs/decoder_specs_inference_test/309_full_file_debug.png
tweety_bert/imgs/decoder_specs_inference_test/327_full_file_debug.png
tweety_bert/imgs/decoder_specs_inference_test/298_full_file_debug.png
tweety_bert/imgs/decoder_specs_inference_test/213_full_file_debug.png
tweety_bert/imgs/decoder_specs_inference_test/20_full_file_debug.png
tweety_bert/imgs/decoder_specs_inference_test/159_full_file_debug.png
tweety_bert/imgs/decoder_specs_inference_test/42_full_file_debug.png
tweety_bert/imgs/decoder_specs_inference_test/315_full_file_debug.png
tweety_bert/imgs/decoder_specs_inference_test/275_full_file_debug.png
tweety_bert/imgs/decoder_specs_inference_test/310_full_file_debug.png
tweety_bert/imgs/decoder_specs_inference_test/409_full_file_debug.png
tweety_bert/imgs/decoder_specs_inference_test/58_full_file_debug.png
tweety_bert/imgs/decoder_specs_inference_test/216_full_file_debug.png
tweety_bert/imgs/decoder_specs_inference_test/128_full_file_debug.png
tweety_bert/imgs/decoder_specs_inference_test/398_full_file_debug.png
tweety_bert/imgs/decoder_specs_inference_test/258_full_file_debug.png
tweety_bert/imgs/decoder_specs_inference_test/27_full_file_debug.png
tweety_bert/imgs/decoder_specs_inference_test/289_full_file_debug.png
tweety_bert/imgs/decoder_specs_inference_test/110_full_file_debug.png
tweety_bert/imgs/decoder_specs_inference_test/350_full_file_debug.png
tweety_bert/imgs/decoder_specs_inference_test/64_full_file_debug.png
tweety_bert/imgs/decoder_specs_inference_test/4_full_file_debug.png
tweety_bert/imgs/decoder_specs_inference_test/347_full_file_debug.png
tweety_bert/imgs/decoder_specs_inference_test/5_full_file_debug.png
tweety_bert/imgs/decoder_specs_inference_test/92_full_file_debug.png
tweety_bert/imgs/decoder_specs_inference_test/69_full_file_debug.png
tweety_bert/imgs/decoder_specs_inference_test/402_full_file_debug.png
tweety_bert/imgs/decoder_specs_inference_test/335_full_file_debug.png
tweety_bert/imgs/decoder_specs_inference_test/207_full_file_debug.png
tweety_bert/imgs/decoder_specs_inference_test/16_full_file_debug.png
tweety_bert/imgs/decoder_specs_inference_test/125_full_file_debug.png
tweety_bert/imgs/decoder_specs_inference_test/156_full_file_debug.png
tweety_bert/imgs/decoder_specs_inference_test/249_full_file_debug.png
tweety_bert/imgs/decoder_specs_inference_test/334_full_file_debug.png
tweety_bert/imgs/decoder_specs_inference_test/426_full_file_debug.png
tweety_bert/imgs/decoder_specs_inference_test/202_full_file_debug.png
tweety_bert/imgs/decoder_specs_inference_test/423_full_file_debug.png
tweety_bert/imgs/decoder_specs_inference_test/165_full_file_debug.png
tweety_bert/imgs/decoder_specs_inference_test/339_full_file_debug.png
tweety_bert/imgs/decoder_specs_inference_test/115_full_file_debug.png
tweety_bert/imgs/decoder_specs_inference_test/251_full_file_debug.png
tweety_bert/imgs/decoder_specs_inference_test/365_full_file_debug.png
tweety_bert/imgs/decoder_specs_inference_test/250_full_file_debug.png
tweety_bert/imgs/decoder_specs_inference_test/62_full_file_debug.png
tweety_bert/imgs/decoder_specs_inference_test/50_full_file_debug.png
tweety_bert/imgs/decoder_specs_inference_test/135_full_file_debug.png
tweety_bert/imgs/decoder_specs_inference_test/392_full_file_debug.png
tweety_bert/imgs/decoder_specs_inference_test/416_full_file_debug.png
tweety_bert/imgs/decoder_specs_inference_test/167_full_file_debug.png
tweety_bert/imgs/decoder_specs_inference_test/63_full_file_debug.png
tweety_bert/imgs/decoder_specs_inference_test/131_full_file_debug.png
tweety_bert/imgs/decoder_specs_inference_test/200_full_file_debug.png
tweety_bert/imgs/decoder_specs_inference_test/257_full_file_debug.png
tweety_bert/imgs/decoder_specs_inference_test/290_full_file_debug.png
tweety_bert/imgs/decoder_specs_inference_test/53_full_file_debug.png
tweety_bert/imgs/decoder_specs_inference_test/116_full_file_debug.png
tweety_bert/imgs/decoder_specs_inference_test/73_full_file_debug.png
tweety_bert/imgs/decoder_specs_inference_test/150_full_file_debug.png
tweety_bert/imgs/decoder_specs_inference_test/301_full_file_debug.png
tweety_bert/imgs/decoder_specs_inference_test/305_full_file_debug.png
tweety_bert/imgs/decoder_specs_inference_test/194_full_file_debug.png
tweety_bert/imgs/decoder_specs_inference_test/421_full_file_debug.png
tweety_bert/imgs/decoder_specs_inference_test/246_full_file_debug.png
tweety_bert/imgs/decoder_specs_inference_test/31_full_file_debug.png
tweety_bert/imgs/decoder_specs_inference_test/147_full_file_debug.png
tweety_bert/imgs/decoder_specs_inference_test/157_full_file_debug.png
tweety_bert/imgs/decoder_specs_inference_test/300_full_file_debug.png
tweety_bert/imgs/decoder_specs_inference_test/43_full_file_debug.png
tweety_bert/imgs/decoder_specs_inference_test/138_full_file_debug.png
tweety_bert/imgs/decoder_specs_inference_test/79_full_file_debug.png
tweety_bert/imgs/decoder_specs_inference_test/142_full_file_debug.png
tweety_bert/imgs/decoder_specs_inference_test/230_full_file_debug.png
tweety_bert/imgs/decoder_specs_inference_test/263_full_file_debug.png
tweety_bert/imgs/decoder_specs_inference_test/163_full_file_debug.png
tweety_bert/imgs/decoder_specs_inference_test/36_full_file_debug.png
tweety_bert/imgs/decoder_specs_inference_test/234_full_file_debug.png
tweety_bert/imgs/decoder_specs_inference_test/3_full_file_debug.png
tweety_bert/imgs/decoder_specs_inference_test/349_full_file_debug.png
tweety_bert/imgs/decoder_specs_inference_test/264_full_file_debug.png
tweety_bert/imgs/decoder_specs_inference_test/295_full_file_debug.png
tweety_bert/imgs/decoder_specs_inference_test/316_full_file_debug.png
tweety_bert/imgs/decoder_specs_inference_test/83_full_file_debug.png
tweety_bert/imgs/decoder_specs_inference_test/117_full_file_debug.png
tweety_bert/imgs/decoder_specs_inference_test/184_full_file_debug.png
tweety_bert/imgs/decoder_specs_inference_test/34_full_file_debug.png
tweety_bert/imgs/decoder_specs_inference_test/215_full_file_debug.png
tweety_bert/imgs/decoder_specs_inference_test/190_full_file_debug.png
tweety_bert/imgs/decoder_specs_inference_test/178_full_file_debug.png
tweety_bert/imgs/decoder_specs_inference_test/130_full_file_debug.png
tweety_bert/imgs/decoder_specs_inference_test/361_full_file_debug.png
tweety_bert/imgs/decoder_specs_inference_test/303_full_file_debug.png
tweety_bert/imgs/decoder_specs_inference_test/253_full_file_debug.png
tweety_bert/imgs/decoder_specs_inference_test/417_full_file_debug.png
tweety_bert/imgs/decoder_specs_inference_test/366_full_file_debug.png
tweety_bert/imgs/decoder_specs_inference_test/179_full_file_debug.png
tweety_bert/imgs/decoder_specs_inference_test/154_full_file_debug.png
tweety_bert/imgs/decoder_specs_inference_test/80_full_file_debug.png
tweety_bert/imgs/decoder_specs_inference_test/240_full_file_debug.png
tweety_bert/imgs/decoder_specs_inference_test/54_full_file_debug.png
tweety_bert/imgs/decoder_specs_inference_test/408_full_file_debug.png
tweety_bert/imgs/decoder_specs_inference_test/144_full_file_debug.png
tweety_bert/imgs/decoder_specs_inference_test/164_full_file_debug.png
tweety_bert/imgs/decoder_specs_inference_test/148_full_file_debug.png
tweety_bert/imgs/decoder_specs_inference_test/436_full_file_debug.png
tweety_bert/imgs/decoder_specs_inference_test/2_full_file_debug.png
tweety_bert/imgs/decoder_specs_inference_test/51_full_file_debug.png
tweety_bert/imgs/decoder_specs_inference_test/226_full_file_debug.png
tweety_bert/imgs/decoder_specs_inference_test/379_full_file_debug.png
tweety_bert/imgs/decoder_specs_inference_test/111_full_file_debug.png
tweety_bert/imgs/decoder_specs_inference_test/170_full_file_debug.png
tweety_bert/imgs/decoder_specs_inference_test/228_full_file_debug.png
tweety_bert/imgs/decoder_specs_inference_test/304_full_file_debug.png
tweety_bert/imgs/decoder_specs_inference_test/93_full_file_debug.png
tweety_bert/imgs/decoder_specs_inference_test/399_full_file_debug.png
tweety_bert/imgs/decoder_specs_inference_test/375_full_file_debug.png
tweety_bert/imgs/decoder_specs_inference_test/308_full_file_debug.png
tweety_bert/imgs/decoder_specs_inference_test/196_full_file_debug.png
tweety_bert/imgs/decoder_specs_inference_test/134_full_file_debug.png
tweety_bert/imgs/decoder_specs_inference_test/242_full_file_debug.png
tweety_bert/imgs/decoder_specs_inference_test/388_full_file_debug.png
tweety_bert/imgs/decoder_specs_inference_test/267_full_file_debug.png
tweety_bert/imgs/decoder_specs_inference_test/322_full_file_debug.png
tweety_bert/imgs/decoder_specs_inference_test/9_full_file_debug.png
tweety_bert/imgs/decoder_specs_inference_test/132_full_file_debug.png
tweety_bert/imgs/decoder_specs_inference_test/269_full_file_debug.png
tweety_bert/imgs/decoder_specs_inference_test/364_full_file_debug.png
tweety_bert/imgs/decoder_specs_inference_test/141_full_file_debug.png
tweety_bert/imgs/decoder_specs_inference_test/239_full_file_debug.png
tweety_bert/imgs/decoder_specs_inference_test/41_full_file_debug.png
tweety_bert/imgs/decoder_specs_inference_test/206_full_file_debug.png
tweety_bert/imgs/decoder_specs_inference_test/413_full_file_debug.png
tweety_bert/imgs/decoder_specs_inference_test/296_full_file_debug.png
tweety_bert/imgs/decoder_specs_inference_test/439_full_file_debug.png
tweety_bert/imgs/decoder_specs_inference_test/355_full_file_debug.png
tweety_bert/imgs/decoder_specs_inference_test/385_full_file_debug.png
tweety_bert/imgs/decoder_specs_inference_test/169_full_file_debug.png
tweety_bert/imgs/decoder_specs_inference_test/119_full_file_debug.png
tweety_bert/imgs/decoder_specs_inference_test/293_full_file_debug.png
tweety_bert/imgs/decoder_specs_inference_test/260_full_file_debug.png
tweety_bert/imgs/decoder_specs_inference_test/283_full_file_debug.png
tweety_bert/imgs/decoder_specs_inference_test/106_full_file_debug.png
tweety_bert/imgs/decoder_specs_inference_test/102_full_file_debug.png
tweety_bert/imgs/decoder_specs_inference_test/231_full_file_debug.png
tweety_bert/imgs/decoder_specs_inference_test/229_full_file_debug.png
tweety_bert/imgs/decoder_specs_inference_test/243_full_file_debug.png
tweety_bert/imgs/decoder_specs_inference_test/23_full_file_debug.png
tweety_bert/imgs/decoder_specs_inference_test/383_full_file_debug.png
tweety_bert/imgs/decoder_specs_inference_test/120_full_file_debug.png
tweety_bert/imgs/decoder_specs_inference_test/270_full_file_debug.png
tweety_bert/imgs/decoder_specs_inference_test/100_full_file_debug.png
tweety_bert/imgs/decoder_specs_inference_test/387_full_file_debug.png
tweety_bert/imgs/decoder_specs_inference_test/311_full_file_debug.png
tweety_bert/imgs/decoder_specs_inference_test/172_full_file_debug.png
tweety_bert/imgs/decoder_specs_inference_test/220_full_file_debug.png
tweety_bert/imgs/decoder_specs_inference_test/222_full_file_debug.png
tweety_bert/imgs/decoder_specs_inference_test/122_full_file_debug.png
tweety_bert/imgs/decoder_specs_inference_test/61_full_file_debug.png
tweety_bert/imgs/decoder_specs_inference_test/143_full_file_debug.png
tweety_bert/imgs/decoder_specs_inference_test/227_full_file_debug.png
tweety_bert/imgs/decoder_specs_inference_test/76_full_file_debug.png
tweety_bert/imgs/decoder_specs_inference_test/28_full_file_debug.png
tweety_bert/imgs/decoder_specs_inference_test/294_full_file_debug.png
tweety_bert/imgs/decoder_specs_inference_test/101_full_file_debug.png
tweety_bert/imgs/decoder_specs_inference_test/124_full_file_debug.png
tweety_bert/imgs/decoder_specs_inference_test/358_full_file_debug.png
tweety_bert/imgs/decoder_specs_inference_test/174_full_file_debug.png
tweety_bert/imgs/decoder_specs_inference_test/218_full_file_debug.png
tweety_bert/imgs/decoder_specs_inference_test/314_full_file_debug.png
tweety_bert/imgs/decoder_specs_inference_test/244_full_file_debug.png
tweety_bert/imgs/decoder_specs_inference_test/176_full_file_debug.png
tweety_bert/imgs/decoder_specs_inference_test/112_full_file_debug.png
tweety_bert/imgs/decoder_specs_inference_test/162_full_file_debug.png
tweety_bert/imgs/decoder_specs_inference_test/198_full_file_debug.png
tweety_bert/imgs/decoder_specs_inference_test/346_full_file_debug.png
tweety_bert/imgs/decoder_specs_inference_test/404_full_file_debug.png
tweety_bert/imgs/decoder_specs_inference_test/19_full_file_debug.png
tweety_bert/imgs/decoder_specs_inference_test/217_full_file_debug.png
tweety_bert/imgs/decoder_specs_inference_test/140_full_file_debug.png
tweety_bert/imgs/decoder_specs_inference_test/109_full_file_debug.png
tweety_bert/imgs/decoder_specs_inference_test/374_full_file_debug.png
tweety_bert/imgs/decoder_specs_inference_test/8_full_file_debug.png
tweety_bert/imgs/decoder_specs_inference_test/405_full_file_debug.png
tweety_bert/imgs/decoder_specs_inference_test/22_full_file_debug.png
tweety_bert/imgs/decoder_specs_inference_test/354_full_file_debug.png
tweety_bert/imgs/decoder_specs_inference_test/382_full_file_debug.png
tweety_bert/imgs/decoder_specs_inference_test/191_full_file_debug.png
tweety_bert/imgs/decoder_specs_inference_test/96_full_file_debug.png
tweety_bert/imgs/decoder_specs_inference_test/192_full_file_debug.png
tweety_bert/imgs/decoder_specs_inference_test/189_full_file_debug.png
tweety_bert/imgs/decoder_specs_inference_test/114_full_file_debug.png
tweety_bert/imgs/decoder_specs_inference_test/235_full_file_debug.png
tweety_bert/imgs/decoder_specs_inference_test/369_full_file_debug.png
tweety_bert/imgs/decoder_specs_inference_test/81_full_file_debug.png
tweety_bert/imgs/decoder_specs_inference_test/181_full_file_debug.png
tweety_bert/imgs/decoder_specs_inference_test/126_full_file_debug.png
tweety_bert/imgs/decoder_specs_inference_test/313_full_file_debug.png
tweety_bert/imgs/decoder_specs_inference_test/395_full_file_debug.png
tweety_bert/imgs/decoder_specs_inference_test/151_full_file_debug.png
tweety_bert/imgs/decoder_specs_inference_test/75_full_file_debug.png
tweety_bert/imgs/decoder_specs_inference_test/15_full_file_debug.png
tweety_bert/imgs/decoder_specs_inference_test/391_full_file_debug.png
tweety_bert/imgs/decoder_specs_inference_test/419_full_file_debug.png
tweety_bert/imgs/decoder_specs_inference_test/12_full_file_debug.png
tweety_bert/imgs/decoder_specs_inference_test/318_full_file_debug.png
tweety_bert/imgs/decoder_specs_inference_test/247_full_file_debug.png
tweety_bert/imgs/decoder_specs_inference_test/415_full_file_debug.png
tweety_bert/imgs/decoder_specs_inference_test/173_full_file_debug.png
tweety_bert/imgs/decoder_specs_inference_test/18_full_file_debug.png
tweety_bert/imgs/decoder_specs_inference_test/272_full_file_debug.png
tweety_bert/imgs/decoder_specs_inference_test/171_full_file_debug.png
tweety_bert/imgs/decoder_specs_inference_test/187_full_file_debug.png
tweety_bert/imgs/decoder_specs_inference_test/414_full_file_debug.png
tweety_bert/imgs/decoder_specs_inference_test/403_full_file_debug.png
tweety_bert/imgs/decoder_specs_inference_test/428_full_file_debug.png
tweety_bert/imgs/decoder_specs_inference_test/47_full_file_debug.png
tweety_bert/imgs/decoder_specs_inference_test/182_full_file_debug.png
tweety_bert/imgs/decoder_specs_inference_test/160_full_file_debug.png
tweety_bert/imgs/decoder_specs_inference_test/368_full_file_debug.png
tweety_bert/imgs/decoder_specs_inference_test/287_full_file_debug.png
tweety_bert/imgs/decoder_specs_inference_test/338_full_file_debug.png
tweety_bert/imgs/decoder_specs_inference_test/317_full_file_debug.png
tweety_bert/imgs/decoder_specs_inference_test/38_full_file_debug.png
tweety_bert/imgs/decoder_specs_inference_test/57_full_file_debug.png
tweety_bert/imgs/decoder_specs_inference_test/121_full_file_debug.png
tweety_bert/imgs/decoder_specs_inference_test/204_full_file_debug.png
tweety_bert/imgs/decoder_specs_inference_test/252_full_file_debug.png
tweety_bert/imgs/decoder_specs_inference_test/411_full_file_debug.png
tweety_bert/imgs/decoder_specs_inference_test/90_full_file_debug.png
tweety_bert/imgs/decoder_specs_inference_test/393_full_file_debug.png
tweety_bert/imgs/decoder_specs_inference_test/25_full_file_debug.png
tweety_bert/imgs/decoder_specs_inference_test/11_full_file_debug.png
tweety_bert/imgs/decoder_specs_inference_test/107_full_file_debug.png
tweety_bert/imgs/decoder_specs_inference_test/211_full_file_debug.png
tweety_bert/imgs/decoder_specs_inference_test/152_full_file_debug.png
tweety_bert/imgs/decoder_specs_inference_test/52_full_file_debug.png
tweety_bert/imgs/decoder_specs_inference_test/99_full_file_debug.png
tweety_bert/imgs/decoder_specs_inference_test/254_full_file_debug.png
tweety_bert/imgs/decoder_specs_inference_test/276_full_file_debug.png
tweety_bert/imgs/decoder_specs_inference_test/418_full_file_debug.png
tweety_bert/imgs/decoder_specs_inference_test/302_full_file_debug.png
tweety_bert/imgs/decoder_specs_inference_test/88_full_file_debug.png
tweety_bert/imgs/decoder_specs_inference_test/282_full_file_debug.png
tweety_bert/imgs/decoder_specs_inference_test/56_full_file_debug.png
tweety_bert/imgs/decoder_specs_inference_test/139_full_file_debug.png
tweety_bert/imgs/decoder_specs_inference_test/46_full_file_debug.png
tweety_bert/imgs/decoder_specs_inference_test/278_full_file_debug.png
tweety_bert/imgs/decoder_specs_inference_test/37_full_file_debug.png
tweety_bert/imgs/decoder_specs_inference_test/104_full_file_debug.png
tweety_bert/imgs/decoder_specs_inference_test/74_full_file_debug.png
tweety_bert/imgs/decoder_specs_inference_test/425_full_file_debug.png
tweety_bert/imgs/decoder_specs_inference_test/118_full_file_debug.png
tweety_bert/imgs/decoder_specs_inference_test/233_full_file_debug.png
tweety_bert/imgs/decoder_specs_inference_test/225_full_file_debug.png
tweety_bert/imgs/decoder_specs_inference_test/71_full_file_debug.png
tweety_bert/imgs/decoder_specs_inference_test/146_full_file_debug.png
tweety_bert/imgs/decoder_specs_inference_test/279_full_file_debug.png
tweety_bert/imgs/decoder_specs_inference_test/87_full_file_debug.png
tweety_bert/imgs/decoder_specs_inference_test/384_full_file_debug.png
tweety_bert/imgs/decoder_specs_inference_test/185_full_file_debug.png
tweety_bert/imgs/decoder_specs_inference_test/17_full_file_debug.png
tweety_bert/imgs/decoder_specs_inference_test/372_full_file_debug.png
tweety_bert/imgs/decoder_specs_inference_test/223_full_file_debug.png
tweety_bert/imgs/decoder_specs_inference_test/108_full_file_debug.png
tweety_bert/imgs/decoder_specs_inference_test/127_full_file_debug.png
tweety_bert/imgs/decoder_specs_inference_test/261_full_file_debug.png
tweety_bert/imgs/decoder_specs_inference_test/208_full_file_debug.png
tweety_bert/imgs/decoder_specs_inference_test/397_full_file_debug.png
tweety_bert/imgs/decoder_specs_inference_test/84_full_file_debug.png
tweety_bert/imgs/decoder_specs_inference_test/336_full_file_debug.png
tweety_bert/imgs/decoder_specs_inference_test/427_full_file_debug.png
tweety_bert/imgs/decoder_specs_inference_test/205_full_file_debug.png
tweety_bert/imgs/decoder_specs_inference_test/168_full_file_debug.png
tweety_bert/imgs/decoder_specs_inference_test/94_full_file_debug.png
tweety_bert/imgs/decoder_specs_inference_test/98_full_file_debug.png
tweety_bert/imgs/decoder_specs_inference_test/44_full_file_debug.png
tweety_bert/imgs/decoder_specs_inference_test/291_full_file_debug.png
tweety_bert/imgs/decoder_specs_inference_test/337_full_file_debug.png
tweety_bert/imgs/decoder_specs_inference_test/321_full_file_debug.png
tweety_bert/imgs/decoder_specs_inference_test/232_full_file_debug.png
tweety_bert/imgs/decoder_specs_inference_test/371_full_file_debug.png
tweety_bert/imgs/decoder_specs_inference_test/145_full_file_debug.png
tweety_bert/imgs/decoder_specs_inference_test/248_full_file_debug.png
tweety_bert/imgs/decoder_specs_inference_test/66_full_file_debug.png
tweety_bert/imgs/decoder_specs_inference_test/1_full_file_debug.png
tweety_bert/imgs/decoder_specs_inference_test/32_full_file_debug.png
tweety_bert/imgs/decoder_specs_inference_test/274_full_file_debug.png
tweety_bert/imgs/decoder_specs_inference_test/268_full_file_debug.png
tweety_bert/imgs/decoder_specs_inference_test/195_full_file_debug.png
tweety_bert/imgs/decoder_specs_inference_test/24_full_file_debug.png
tweety_bert/imgs/decoder_specs_inference_test/422_full_file_debug.png
tweety_bert/imgs/decoder_specs_inference_test/262_full_file_debug.png
tweety_bert/imgs/decoder_specs_inference_test/360_full_file_debug.png
tweety_bert/imgs/decoder_specs_inference_test/292_full_file_debug.png
tweety_bert/imgs/decoder_specs_inference_test/440_full_file_debug.png
tweety_bert/imgs/decoder_specs_inference_test/394_full_file_debug.png
tweety_bert/imgs/decoder_specs_inference_test/6_full_file_debug.png
tweety_bert/imgs/decoder_specs_inference_test/245_full_file_debug.png
tweety_bert/imgs/umap_plots/
tweety_bert/imgs/umap_plots/Bird10_decoder/
tweety_bert/imgs/umap_plots/Bird10_decoder/hdbscan_labels.png
tweety_bert/imgs/umap_plots/Bird10_decoder/ground_truth_labels.png
tweety_bert/imgs/umap_plots/Bird3_decoder/
tweety_bert/imgs/umap_plots/Bird3_decoder/hdbscan_labels.png
tweety_bert/imgs/umap_plots/Bird3_decoder/ground_truth_labels.png
tweety_bert/imgs/umap_plots/Bird5_decoder/
tweety_bert/imgs/umap_plots/Bird5_decoder/hdbscan_labels.png
tweety_bert/imgs/umap_plots/Bird5_decoder/ground_truth_labels.png
tweety_bert/imgs/umap_plots/Bird2_decoder/
tweety_bert/imgs/umap_plots/Bird2_decoder/hdbscan_labels.png
tweety_bert/imgs/umap_plots/Bird2_decoder/ground_truth_labels.png
tweety_bert/imgs/umap_plots/Bird6_decoder/
tweety_bert/imgs/umap_plots/Bird6_decoder/hdbscan_labels.png
tweety_bert/imgs/umap_plots/Bird6_decoder/ground_truth_labels.png
tweety_bert/imgs/umap_plots/Bird4_decoder/
tweety_bert/imgs/umap_plots/Bird4_decoder/hdbscan_labels.png
tweety_bert/imgs/umap_plots/Bird4_decoder/ground_truth_labels.png
tweety_bert/imgs/umap_plots/Bird0_decoder/
tweety_bert/imgs/umap_plots/Bird0_decoder/hdbscan_labels.png
tweety_bert/imgs/umap_plots/Bird0_decoder/ground_truth_labels.png
tweety_bert/imgs/umap_plots/Bird1_decoder/
tweety_bert/imgs/umap_plots/Bird1_decoder/hdbscan_labels.png
tweety_bert/imgs/umap_plots/Bird1_decoder/ground_truth_labels.png
tweety_bert/imgs/umap_plots/Bird7_decoder/
tweety_bert/imgs/umap_plots/Bird7_decoder/hdbscan_labels.png
tweety_bert/imgs/umap_plots/Bird7_decoder/ground_truth_labels.png
tweety_bert/imgs/umap_plots/Bird9_decoder/
tweety_bert/imgs/umap_plots/Bird9_decoder/hdbscan_labels.png
tweety_bert/imgs/umap_plots/Bird9_decoder/ground_truth_labels.png
tweety_bert/imgs/umap_plots/Bird8_decoder/
tweety_bert/imgs/umap_plots/Bird8_decoder/hdbscan_labels.png
tweety_bert/imgs/umap_plots/Bird8_decoder/ground_truth_labels.png
tweety_bert/imgs/decoder_specs/
tweety_bert/imgs/decoder_specs/19.npz_chunk_.png
tweety_bert/imgs/decoder_specs/11.npz_chunk_.png
tweety_bert/imgs/decoder_specs/7.npz_chunk_.png
tweety_bert/imgs/decoder_specs/57.npz_chunk_.png
tweety_bert/imgs/decoder_specs/74.npz_chunk_.png
tweety_bert/imgs/decoder_specs/73.npz_chunk_.png
tweety_bert/imgs/decoder_specs/17.npz_chunk_.png
tweety_bert/imgs/decoder_specs/42.npz_chunk_.png
tweety_bert/imgs/decoder_specs/39.npz_chunk_.png
tweety_bert/imgs/decoder_specs/20.npz_chunk_.png
tweety_bert/imgs/decoder_specs/47.npz_chunk_.png
tweety_bert/imgs/decoder_specs/58.npz_chunk_.png
tweety_bert/imgs/decoder_specs/40.npz_chunk_.png
tweety_bert/imgs/decoder_specs/65.npz_chunk_.png
tweety_bert/imgs/decoder_specs/56.npz_chunk_.png
tweety_bert/imgs/decoder_specs/53.npz_chunk_.png
tweety_bert/imgs/decoder_specs/38.npz_chunk_.png
tweety_bert/imgs/decoder_specs/0.npz_chunk_.png
tweety_bert/imgs/decoder_specs/36.npz_chunk_.png
tweety_bert/imgs/decoder_specs/41.npz_chunk_.png
tweety_bert/imgs/decoder_specs/26.npz_chunk_.png
tweety_bert/imgs/decoder_specs/1.npz_chunk_.png
tweety_bert/imgs/decoder_specs/3.npz_chunk_.png
tweety_bert/imgs/decoder_specs/68.npz_chunk_.png
tweety_bert/imgs/decoder_specs/30.npz_chunk_.png
tweety_bert/imgs/decoder_specs/70.npz_chunk_.png
tweety_bert/imgs/decoder_specs/61.npz_chunk_.png
tweety_bert/imgs/decoder_specs/77.npz_chunk_.png
tweety_bert/imgs/decoder_specs/54.npz_chunk_.png
tweety_bert/imgs/decoder_specs/14.npz_chunk_.png
tweety_bert/imgs/decoder_specs/35.npz_chunk_.png
tweety_bert/imgs/decoder_specs/2.npz_chunk_.png
tweety_bert/imgs/decoder_specs/16.npz_chunk_.png
tweety_bert/imgs/decoder_specs/6.npz_chunk_.png
tweety_bert/imgs/decoder_specs/69.npz_chunk_.png
tweety_bert/imgs/decoder_specs/10.npz_chunk_.png
tweety_bert/imgs/decoder_specs/33.npz_chunk_.png
tweety_bert/imgs/decoder_specs/4.npz_chunk_.png
tweety_bert/imgs/decoder_specs/21.npz_chunk_.png
tweety_bert/imgs/decoder_specs/71.npz_chunk_.png
tweety_bert/imgs/decoder_specs/50.npz_chunk_.png
tweety_bert/imgs/decoder_specs/37.npz_chunk_.png
tweety_bert/imgs/decoder_specs/60.npz_chunk_.png
tweety_bert/imgs/decoder_specs/12.npz_chunk_.png
tweety_bert/imgs/decoder_specs/51.npz_chunk_.png
tweety_bert/imgs/decoder_specs/15.npz_chunk_.png
tweety_bert/imgs/decoder_specs/48.npz_chunk_.png
tweety_bert/imgs/decoder_specs/66.npz_chunk_.png
tweety_bert/imgs/decoder_specs/25.npz_chunk_.png
tweety_bert/imgs/decoder_specs/5.npz_chunk_.png
tweety_bert/imgs/decoder_specs/43.npz_chunk_.png
tweety_bert/imgs/decoder_specs/13.npz_chunk_.png
tweety_bert/imgs/decoder_specs/9.npz_chunk_.png
tweety_bert/imgs/decoder_specs/44.npz_chunk_.png
tweety_bert/imgs/decoder_specs/29.npz_chunk_.png
tweety_bert/imgs/decoder_specs/32.npz_chunk_.png
tweety_bert/imgs/decoder_specs/27.npz_chunk_.png
tweety_bert/imgs/decoder_specs/62.npz_chunk_.png
tweety_bert/imgs/decoder_specs/46.npz_chunk_.png
tweety_bert/imgs/decoder_specs/23.npz_chunk_.png
tweety_bert/imgs/decoder_specs/55.npz_chunk_.png
tweety_bert/imgs/decoder_specs/31.npz_chunk_.png
tweety_bert/imgs/decoder_specs/24.npz_chunk_.png
tweety_bert/imgs/decoder_specs/63.npz_chunk_.png
tweety_bert/imgs/decoder_specs/64.npz_chunk_.png
tweety_bert/imgs/decoder_specs/28.npz_chunk_.png
tweety_bert/imgs/decoder_specs/49.npz_chunk_.png
tweety_bert/imgs/decoder_specs/8.npz_chunk_.png
tweety_bert/imgs/decoder_specs/72.npz_chunk_.png
tweety_bert/imgs/decoder_specs/52.npz_chunk_.png
tweety_bert/imgs/decoder_specs/45.npz_chunk_.png
tweety_bert/imgs/decoder_specs/18.npz_chunk_.png
tweety_bert/imgs/decoder_specs/34.npz_chunk_.png
tweety_bert/imgs/decoder_specs/76.npz_chunk_.png
tweety_bert/imgs/decoder_specs/75.npz_chunk_.png
tweety_bert/imgs/decoder_specs/22.npz_chunk_.png
tweety_bert/imgs/decoder_specs/59.npz_chunk_.png
tweety_bert/imgs/decoder_specs/67.npz_chunk_.png
tweety_bert/.gitignore
tweety_bert/experiments/
tweety_bert/experiments/Bird10_decoder_linear_decoder/
tweety_bert/experiments/Bird10_decoder_linear_decoder/test/
tweety_bert/experiments/Bird10_decoder_linear_decoder/test/23.npz
tweety_bert/experiments/Bird10_decoder_linear_decoder/test/38.npz
tweety_bert/experiments/Bird10_decoder_linear_decoder/test/69.npz
tweety_bert/experiments/Bird10_decoder_linear_decoder/test/18.npz
tweety_bert/experiments/Bird10_decoder_linear_decoder/test/46.npz
tweety_bert/experiments/Bird10_decoder_linear_decoder/test/51.npz
tweety_bert/experiments/Bird10_decoder_linear_decoder/test/65.npz
tweety_bert/experiments/Bird10_decoder_linear_decoder/test/12.npz
tweety_bert/experiments/Bird10_decoder_linear_decoder/test/58.npz
tweety_bert/experiments/Bird10_decoder_linear_decoder/test/64.npz
tweety_bert/experiments/Bird10_decoder_linear_decoder/test/59.npz
tweety_bert/experiments/Bird10_decoder_linear_decoder/test/70.npz
tweety_bert/experiments/Bird10_decoder_linear_decoder/test/50.npz
tweety_bert/experiments/Bird10_decoder_linear_decoder/test/42.npz
tweety_bert/experiments/Bird10_decoder_linear_decoder/test/33.npz
tweety_bert/experiments/Bird10_decoder_linear_decoder/test/54.npz
tweety_bert/experiments/Bird10_decoder_linear_decoder/test/20.npz
tweety_bert/experiments/Bird10_decoder_linear_decoder/test/4.npz
tweety_bert/experiments/Bird10_decoder_linear_decoder/test/13.npz
tweety_bert/experiments/Bird10_decoder_linear_decoder/test/41.npz
tweety_bert/experiments/Bird10_decoder_linear_decoder/test/21.npz
tweety_bert/experiments/Bird10_decoder_linear_decoder/test/36.npz
tweety_bert/experiments/Bird10_decoder_linear_decoder/test/32.npz
tweety_bert/experiments/Bird10_decoder_linear_decoder/test/73.npz
tweety_bert/experiments/Bird10_decoder_linear_decoder/test/52.npz
tweety_bert/experiments/Bird10_decoder_linear_decoder/test/49.npz
tweety_bert/experiments/Bird10_decoder_linear_decoder/test/39.npz
tweety_bert/experiments/Bird10_decoder_linear_decoder/test/53.npz
tweety_bert/experiments/Bird10_decoder_linear_decoder/test/72.npz
tweety_bert/experiments/Bird10_decoder_linear_decoder/test/63.npz
tweety_bert/experiments/Bird10_decoder_linear_decoder/test/76.npz
tweety_bert/experiments/Bird10_decoder_linear_decoder/test/77.npz
tweety_bert/experiments/Bird10_decoder_linear_decoder/test/30.npz
tweety_bert/experiments/Bird10_decoder_linear_decoder/test/10.npz
tweety_bert/experiments/Bird10_decoder_linear_decoder/test/57.npz
tweety_bert/experiments/Bird10_decoder_linear_decoder/test/75.npz
tweety_bert/experiments/Bird10_decoder_linear_decoder/test/3.npz
tweety_bert/experiments/Bird10_decoder_linear_decoder/test/34.npz
tweety_bert/experiments/Bird10_decoder_linear_decoder/test/22.npz
tweety_bert/experiments/Bird10_decoder_linear_decoder/test/66.npz
tweety_bert/experiments/Bird10_decoder_linear_decoder/test/74.npz
tweety_bert/experiments/Bird10_decoder_linear_decoder/test/71.npz
tweety_bert/experiments/Bird10_decoder_linear_decoder/test/48.npz
tweety_bert/experiments/Bird10_decoder_linear_decoder/test/24.npz
tweety_bert/experiments/Bird10_decoder_linear_decoder/test/67.npz
tweety_bert/experiments/Bird10_decoder_linear_decoder/test/47.npz
tweety_bert/experiments/Bird10_decoder_linear_decoder/test/35.npz
tweety_bert/experiments/Bird10_decoder_linear_decoder/test/17.npz
tweety_bert/experiments/Bird10_decoder_linear_decoder/test/61.npz
tweety_bert/experiments/Bird10_decoder_linear_decoder/test/2.npz
tweety_bert/experiments/Bird10_decoder_linear_decoder/test/1.npz
tweety_bert/experiments/Bird10_decoder_linear_decoder/test/27.npz
tweety_bert/experiments/Bird10_decoder_linear_decoder/test/28.npz
tweety_bert/experiments/Bird10_decoder_linear_decoder/test/56.npz
tweety_bert/experiments/Bird10_decoder_linear_decoder/test/55.npz
tweety_bert/experiments/Bird10_decoder_linear_decoder/test/15.npz
tweety_bert/experiments/Bird10_decoder_linear_decoder/test/29.npz
tweety_bert/experiments/Bird10_decoder_linear_decoder/test/9.npz
tweety_bert/experiments/Bird10_decoder_linear_decoder/test/31.npz
tweety_bert/experiments/Bird10_decoder_linear_decoder/test/26.npz
tweety_bert/experiments/Bird10_decoder_linear_decoder/test/6.npz
tweety_bert/experiments/Bird10_decoder_linear_decoder/test/5.npz
tweety_bert/experiments/Bird10_decoder_linear_decoder/test/60.npz
tweety_bert/experiments/Bird10_decoder_linear_decoder/test/44.npz
tweety_bert/experiments/Bird10_decoder_linear_decoder/test/7.npz
tweety_bert/experiments/Bird10_decoder_linear_decoder/test/19.npz
tweety_bert/experiments/Bird10_decoder_linear_decoder/test/8.npz
tweety_bert/experiments/Bird10_decoder_linear_decoder/test/14.npz
tweety_bert/experiments/Bird10_decoder_linear_decoder/test/43.npz
tweety_bert/experiments/Bird10_decoder_linear_decoder/test/68.npz
tweety_bert/experiments/Bird10_decoder_linear_decoder/test/25.npz
tweety_bert/experiments/Bird10_decoder_linear_decoder/test/0.npz
tweety_bert/experiments/Bird10_decoder_linear_decoder/test/62.npz
tweety_bert/experiments/Bird10_decoder_linear_decoder/test/16.npz
tweety_bert/experiments/Bird10_decoder_linear_decoder/test/40.npz
tweety_bert/experiments/Bird10_decoder_linear_decoder/test/45.npz
tweety_bert/experiments/Bird10_decoder_linear_decoder/test/37.npz
tweety_bert/experiments/Bird10_decoder_linear_decoder/test/11.npz
tweety_bert/experiments/Bird10_decoder_linear_decoder/train/
tweety_bert/experiments/Bird10_decoder_linear_decoder/train/23.npz
tweety_bert/experiments/Bird10_decoder_linear_decoder/train/251.npz
tweety_bert/experiments/Bird10_decoder_linear_decoder/train/293.npz
tweety_bert/experiments/Bird10_decoder_linear_decoder/train/38.npz
tweety_bert/experiments/Bird10_decoder_linear_decoder/train/130.npz
tweety_bert/experiments/Bird10_decoder_linear_decoder/train/157.npz
tweety_bert/experiments/Bird10_decoder_linear_decoder/train/209.npz
tweety_bert/experiments/Bird10_decoder_linear_decoder/train/106.npz
tweety_bert/experiments/Bird10_decoder_linear_decoder/train/213.npz
tweety_bert/experiments/Bird10_decoder_linear_decoder/train/126.npz
tweety_bert/experiments/Bird10_decoder_linear_decoder/train/137.npz
tweety_bert/experiments/Bird10_decoder_linear_decoder/train/276.npz
tweety_bert/experiments/Bird10_decoder_linear_decoder/train/69.npz
tweety_bert/experiments/Bird10_decoder_linear_decoder/train/271.npz
tweety_bert/experiments/Bird10_decoder_linear_decoder/train/207.npz
tweety_bert/experiments/Bird10_decoder_linear_decoder/train/136.npz
tweety_bert/experiments/Bird10_decoder_linear_decoder/train/18.npz
tweety_bert/experiments/Bird10_decoder_linear_decoder/train/98.npz
tweety_bert/experiments/Bird10_decoder_linear_decoder/train/175.npz
tweety_bert/experiments/Bird10_decoder_linear_decoder/train/46.npz
tweety_bert/experiments/Bird10_decoder_linear_decoder/train/263.npz
tweety_bert/experiments/Bird10_decoder_linear_decoder/train/229.npz
tweety_bert/experiments/Bird10_decoder_linear_decoder/train/150.npz
tweety_bert/experiments/Bird10_decoder_linear_decoder/train/51.npz
tweety_bert/experiments/Bird10_decoder_linear_decoder/train/99.npz
tweety_bert/experiments/Bird10_decoder_linear_decoder/train/283.npz
tweety_bert/experiments/Bird10_decoder_linear_decoder/train/199.npz
tweety_bert/experiments/Bird10_decoder_linear_decoder/train/65.npz
tweety_bert/experiments/Bird10_decoder_linear_decoder/train/12.npz
tweety_bert/experiments/Bird10_decoder_linear_decoder/train/133.npz
tweety_bert/experiments/Bird10_decoder_linear_decoder/train/222.npz
tweety_bert/experiments/Bird10_decoder_linear_decoder/train/190.npz
tweety_bert/experiments/Bird10_decoder_linear_decoder/train/198.npz
tweety_bert/experiments/Bird10_decoder_linear_decoder/train/141.npz
tweety_bert/experiments/Bird10_decoder_linear_decoder/train/101.npz
tweety_bert/experiments/Bird10_decoder_linear_decoder/train/193.npz
tweety_bert/experiments/Bird10_decoder_linear_decoder/train/58.npz
tweety_bert/experiments/Bird10_decoder_linear_decoder/train/295.npz
tweety_bert/experiments/Bird10_decoder_linear_decoder/train/132.npz
tweety_bert/experiments/Bird10_decoder_linear_decoder/train/169.npz
tweety_bert/experiments/Bird10_decoder_linear_decoder/train/64.npz
tweety_bert/experiments/Bird10_decoder_linear_decoder/train/59.npz
tweety_bert/experiments/Bird10_decoder_linear_decoder/train/88.npz
tweety_bert/experiments/Bird10_decoder_linear_decoder/train/275.npz
tweety_bert/experiments/Bird10_decoder_linear_decoder/train/70.npz
tweety_bert/experiments/Bird10_decoder_linear_decoder/train/50.npz
tweety_bert/experiments/Bird10_decoder_linear_decoder/train/118.npz
tweety_bert/experiments/Bird10_decoder_linear_decoder/train/96.npz
tweety_bert/experiments/Bird10_decoder_linear_decoder/train/181.npz
tweety_bert/experiments/Bird10_decoder_linear_decoder/train/292.npz
tweety_bert/experiments/Bird10_decoder_linear_decoder/train/255.npz
tweety_bert/experiments/Bird10_decoder_linear_decoder/train/305.npz
tweety_bert/experiments/Bird10_decoder_linear_decoder/train/42.npz
tweety_bert/experiments/Bird10_decoder_linear_decoder/train/303.npz
tweety_bert/experiments/Bird10_decoder_linear_decoder/train/100.npz
tweety_bert/experiments/Bird10_decoder_linear_decoder/train/33.npz
tweety_bert/experiments/Bird10_decoder_linear_decoder/train/185.npz
tweety_bert/experiments/Bird10_decoder_linear_decoder/train/54.npz
tweety_bert/experiments/Bird10_decoder_linear_decoder/train/171.npz
tweety_bert/experiments/Bird10_decoder_linear_decoder/train/170.npz
tweety_bert/experiments/Bird10_decoder_linear_decoder/train/291.npz
tweety_bert/experiments/Bird10_decoder_linear_decoder/train/20.npz
tweety_bert/experiments/Bird10_decoder_linear_decoder/train/4.npz
tweety_bert/experiments/Bird10_decoder_linear_decoder/train/179.npz
tweety_bert/experiments/Bird10_decoder_linear_decoder/train/247.npz
tweety_bert/experiments/Bird10_decoder_linear_decoder/train/204.npz
tweety_bert/experiments/Bird10_decoder_linear_decoder/train/174.npz
tweety_bert/experiments/Bird10_decoder_linear_decoder/train/287.npz
tweety_bert/experiments/Bird10_decoder_linear_decoder/train/13.npz
tweety_bert/experiments/Bird10_decoder_linear_decoder/train/89.npz
tweety_bert/experiments/Bird10_decoder_linear_decoder/train/233.npz
tweety_bert/experiments/Bird10_decoder_linear_decoder/train/300.npz
tweety_bert/experiments/Bird10_decoder_linear_decoder/train/186.npz
tweety_bert/experiments/Bird10_decoder_linear_decoder/train/95.npz
tweety_bert/experiments/Bird10_decoder_linear_decoder/train/167.npz
tweety_bert/experiments/Bird10_decoder_linear_decoder/train/90.npz
tweety_bert/experiments/Bird10_decoder_linear_decoder/train/232.npz
tweety_bert/experiments/Bird10_decoder_linear_decoder/train/41.npz
tweety_bert/experiments/Bird10_decoder_linear_decoder/train/93.npz
tweety_bert/experiments/Bird10_decoder_linear_decoder/train/223.npz
tweety_bert/experiments/Bird10_decoder_linear_decoder/train/81.npz
tweety_bert/experiments/Bird10_decoder_linear_decoder/train/272.npz
tweety_bert/experiments/Bird10_decoder_linear_decoder/train/182.npz
tweety_bert/experiments/Bird10_decoder_linear_decoder/train/166.npz
tweety_bert/experiments/Bird10_decoder_linear_decoder/train/92.npz
tweety_bert/experiments/Bird10_decoder_linear_decoder/train/281.npz
tweety_bert/experiments/Bird10_decoder_linear_decoder/train/21.npz
tweety_bert/experiments/Bird10_decoder_linear_decoder/train/122.npz
tweety_bert/experiments/Bird10_decoder_linear_decoder/train/36.npz
tweety_bert/experiments/Bird10_decoder_linear_decoder/train/32.npz
tweety_bert/experiments/Bird10_decoder_linear_decoder/train/153.npz
tweety_bert/experiments/Bird10_decoder_linear_decoder/train/73.npz
tweety_bert/experiments/Bird10_decoder_linear_decoder/train/52.npz
tweety_bert/experiments/Bird10_decoder_linear_decoder/train/177.npz
tweety_bert/experiments/Bird10_decoder_linear_decoder/train/49.npz
tweety_bert/experiments/Bird10_decoder_linear_decoder/train/84.npz
tweety_bert/experiments/Bird10_decoder_linear_decoder/train/202.npz
tweety_bert/experiments/Bird10_decoder_linear_decoder/train/211.npz
tweety_bert/experiments/Bird10_decoder_linear_decoder/train/235.npz
tweety_bert/experiments/Bird10_decoder_linear_decoder/train/39.npz
tweety_bert/experiments/Bird10_decoder_linear_decoder/train/302.npz
tweety_bert/experiments/Bird10_decoder_linear_decoder/train/78.npz
tweety_bert/experiments/Bird10_decoder_linear_decoder/train/285.npz
tweety_bert/experiments/Bird10_decoder_linear_decoder/train/297.npz
tweety_bert/experiments/Bird10_decoder_linear_decoder/train/80.npz
tweety_bert/experiments/Bird10_decoder_linear_decoder/train/53.npz
tweety_bert/experiments/Bird10_decoder_linear_decoder/train/284.npz
tweety_bert/experiments/Bird10_decoder_linear_decoder/train/146.npz
tweety_bert/experiments/Bird10_decoder_linear_decoder/train/83.npz
tweety_bert/experiments/Bird10_decoder_linear_decoder/train/72.npz
tweety_bert/experiments/Bird10_decoder_linear_decoder/train/286.npz
tweety_bert/experiments/Bird10_decoder_linear_decoder/train/63.npz
tweety_bert/experiments/Bird10_decoder_linear_decoder/train/139.npz
tweety_bert/experiments/Bird10_decoder_linear_decoder/train/76.npz
tweety_bert/experiments/Bird10_decoder_linear_decoder/train/206.npz
tweety_bert/experiments/Bird10_decoder_linear_decoder/train/264.npz
tweety_bert/experiments/Bird10_decoder_linear_decoder/train/282.npz
tweety_bert/experiments/Bird10_decoder_linear_decoder/train/244.npz
tweety_bert/experiments/Bird10_decoder_linear_decoder/train/289.npz
tweety_bert/experiments/Bird10_decoder_linear_decoder/train/173.npz
tweety_bert/experiments/Bird10_decoder_linear_decoder/train/296.npz
tweety_bert/experiments/Bird10_decoder_linear_decoder/train/189.npz
tweety_bert/experiments/Bird10_decoder_linear_decoder/train/154.npz
tweety_bert/experiments/Bird10_decoder_linear_decoder/train/149.npz
tweety_bert/experiments/Bird10_decoder_linear_decoder/train/227.npz
tweety_bert/experiments/Bird10_decoder_linear_decoder/train/210.npz
tweety_bert/experiments/Bird10_decoder_linear_decoder/train/77.npz
tweety_bert/experiments/Bird10_decoder_linear_decoder/train/119.npz
tweety_bert/experiments/Bird10_decoder_linear_decoder/train/143.npz
tweety_bert/experiments/Bird10_decoder_linear_decoder/train/195.npz
tweety_bert/experiments/Bird10_decoder_linear_decoder/train/111.npz
tweety_bert/experiments/Bird10_decoder_linear_decoder/train/234.npz
tweety_bert/experiments/Bird10_decoder_linear_decoder/train/152.npz
tweety_bert/experiments/Bird10_decoder_linear_decoder/train/164.npz
tweety_bert/experiments/Bird10_decoder_linear_decoder/train/82.npz
tweety_bert/experiments/Bird10_decoder_linear_decoder/train/253.npz
tweety_bert/experiments/Bird10_decoder_linear_decoder/train/30.npz
tweety_bert/experiments/Bird10_decoder_linear_decoder/train/156.npz
tweety_bert/experiments/Bird10_decoder_linear_decoder/train/10.npz
tweety_bert/experiments/Bird10_decoder_linear_decoder/train/107.npz
tweety_bert/experiments/Bird10_decoder_linear_decoder/train/124.npz
tweety_bert/experiments/Bird10_decoder_linear_decoder/train/161.npz
tweety_bert/experiments/Bird10_decoder_linear_decoder/train/220.npz
tweety_bert/experiments/Bird10_decoder_linear_decoder/train/112.npz
tweety_bert/experiments/Bird10_decoder_linear_decoder/train/57.npz
tweety_bert/experiments/Bird10_decoder_linear_decoder/train/236.npz
tweety_bert/experiments/Bird10_decoder_linear_decoder/train/120.npz
tweety_bert/experiments/Bird10_decoder_linear_decoder/train/75.npz
tweety_bert/experiments/Bird10_decoder_linear_decoder/train/212.npz
tweety_bert/experiments/Bird10_decoder_linear_decoder/train/250.npz
tweety_bert/experiments/Bird10_decoder_linear_decoder/train/3.npz
tweety_bert/experiments/Bird10_decoder_linear_decoder/train/34.npz
tweety_bert/experiments/Bird10_decoder_linear_decoder/train/245.npz
tweety_bert/experiments/Bird10_decoder_linear_decoder/train/299.npz
tweety_bert/experiments/Bird10_decoder_linear_decoder/train/218.npz
tweety_bert/experiments/Bird10_decoder_linear_decoder/train/294.npz
tweety_bert/experiments/Bird10_decoder_linear_decoder/train/22.npz
tweety_bert/experiments/Bird10_decoder_linear_decoder/train/148.npz
tweety_bert/experiments/Bird10_decoder_linear_decoder/train/265.npz
tweety_bert/experiments/Bird10_decoder_linear_decoder/train/134.npz
tweety_bert/experiments/Bird10_decoder_linear_decoder/train/214.npz
tweety_bert/experiments/Bird10_decoder_linear_decoder/train/298.npz
tweety_bert/experiments/Bird10_decoder_linear_decoder/train/66.npz
tweety_bert/experiments/Bird10_decoder_linear_decoder/train/103.npz
tweety_bert/experiments/Bird10_decoder_linear_decoder/train/108.npz
tweety_bert/experiments/Bird10_decoder_linear_decoder/train/243.npz
tweety_bert/experiments/Bird10_decoder_linear_decoder/train/74.npz
tweety_bert/experiments/Bird10_decoder_linear_decoder/train/256.npz
tweety_bert/experiments/Bird10_decoder_linear_decoder/train/71.npz
tweety_bert/experiments/Bird10_decoder_linear_decoder/train/268.npz
tweety_bert/experiments/Bird10_decoder_linear_decoder/train/48.npz
tweety_bert/experiments/Bird10_decoder_linear_decoder/train/259.npz
tweety_bert/experiments/Bird10_decoder_linear_decoder/train/24.npz
tweety_bert/experiments/Bird10_decoder_linear_decoder/train/151.npz
tweety_bert/experiments/Bird10_decoder_linear_decoder/train/67.npz
tweety_bert/experiments/Bird10_decoder_linear_decoder/train/155.npz
tweety_bert/experiments/Bird10_decoder_linear_decoder/train/86.npz
tweety_bert/experiments/Bird10_decoder_linear_decoder/train/187.npz
tweety_bert/experiments/Bird10_decoder_linear_decoder/train/201.npz
tweety_bert/experiments/Bird10_decoder_linear_decoder/train/47.npz
tweety_bert/experiments/Bird10_decoder_linear_decoder/train/200.npz
tweety_bert/experiments/Bird10_decoder_linear_decoder/train/217.npz
tweety_bert/experiments/Bird10_decoder_linear_decoder/train/35.npz
tweety_bert/experiments/Bird10_decoder_linear_decoder/train/172.npz
tweety_bert/experiments/Bird10_decoder_linear_decoder/train/94.npz
tweety_bert/experiments/Bird10_decoder_linear_decoder/train/17.npz
tweety_bert/experiments/Bird10_decoder_linear_decoder/train/79.npz
tweety_bert/experiments/Bird10_decoder_linear_decoder/train/203.npz
tweety_bert/experiments/Bird10_decoder_linear_decoder/train/208.npz
tweety_bert/experiments/Bird10_decoder_linear_decoder/train/269.npz
tweety_bert/experiments/Bird10_decoder_linear_decoder/train/278.npz
tweety_bert/experiments/Bird10_decoder_linear_decoder/train/194.npz
tweety_bert/experiments/Bird10_decoder_linear_decoder/train/162.npz
tweety_bert/experiments/Bird10_decoder_linear_decoder/train/163.npz
tweety_bert/experiments/Bird10_decoder_linear_decoder/train/87.npz
tweety_bert/experiments/Bird10_decoder_linear_decoder/train/61.npz
tweety_bert/experiments/Bird10_decoder_linear_decoder/train/2.npz
tweety_bert/experiments/Bird10_decoder_linear_decoder/train/304.npz
tweety_bert/experiments/Bird10_decoder_linear_decoder/train/1.npz
tweety_bert/experiments/Bird10_decoder_linear_decoder/train/228.npz
tweety_bert/experiments/Bird10_decoder_linear_decoder/train/115.npz
tweety_bert/experiments/Bird10_decoder_linear_decoder/train/160.npz
tweety_bert/experiments/Bird10_decoder_linear_decoder/train/273.npz
tweety_bert/experiments/Bird10_decoder_linear_decoder/train/257.npz
tweety_bert/experiments/Bird10_decoder_linear_decoder/train/191.npz
tweety_bert/experiments/Bird10_decoder_linear_decoder/train/27.npz
tweety_bert/experiments/Bird10_decoder_linear_decoder/train/113.npz
tweety_bert/experiments/Bird10_decoder_linear_decoder/train/91.npz
tweety_bert/experiments/Bird10_decoder_linear_decoder/train/226.npz
tweety_bert/experiments/Bird10_decoder_linear_decoder/train/28.npz
tweety_bert/experiments/Bird10_decoder_linear_decoder/train/301.npz
tweety_bert/experiments/Bird10_decoder_linear_decoder/train/159.npz
tweety_bert/experiments/Bird10_decoder_linear_decoder/train/249.npz
tweety_bert/experiments/Bird10_decoder_linear_decoder/train/237.npz
tweety_bert/experiments/Bird10_decoder_linear_decoder/train/56.npz
tweety_bert/experiments/Bird10_decoder_linear_decoder/train/219.npz
tweety_bert/experiments/Bird10_decoder_linear_decoder/train/260.npz
tweety_bert/experiments/Bird10_decoder_linear_decoder/train/55.npz
tweety_bert/experiments/Bird10_decoder_linear_decoder/train/197.npz
tweety_bert/experiments/Bird10_decoder_linear_decoder/train/116.npz
tweety_bert/experiments/Bird10_decoder_linear_decoder/train/15.npz
tweety_bert/experiments/Bird10_decoder_linear_decoder/train/274.npz
tweety_bert/experiments/Bird10_decoder_linear_decoder/train/29.npz
tweety_bert/experiments/Bird10_decoder_linear_decoder/train/196.npz
tweety_bert/experiments/Bird10_decoder_linear_decoder/train/104.npz
tweety_bert/experiments/Bird10_decoder_linear_decoder/train/109.npz
tweety_bert/experiments/Bird10_decoder_linear_decoder/train/277.npz
tweety_bert/experiments/Bird10_decoder_linear_decoder/train/192.npz
tweety_bert/experiments/Bird10_decoder_linear_decoder/train/9.npz
tweety_bert/experiments/Bird10_decoder_linear_decoder/train/31.npz
tweety_bert/experiments/Bird10_decoder_linear_decoder/train/279.npz
tweety_bert/experiments/Bird10_decoder_linear_decoder/train/105.npz
tweety_bert/experiments/Bird10_decoder_linear_decoder/train/188.npz
tweety_bert/experiments/Bird10_decoder_linear_decoder/train/307.npz
tweety_bert/experiments/Bird10_decoder_linear_decoder/train/85.npz
tweety_bert/experiments/Bird10_decoder_linear_decoder/train/144.npz
tweety_bert/experiments/Bird10_decoder_linear_decoder/train/168.npz
tweety_bert/experiments/Bird10_decoder_linear_decoder/train/110.npz
tweety_bert/experiments/Bird10_decoder_linear_decoder/train/26.npz
tweety_bert/experiments/Bird10_decoder_linear_decoder/train/129.npz
tweety_bert/experiments/Bird10_decoder_linear_decoder/train/266.npz
tweety_bert/experiments/Bird10_decoder_linear_decoder/train/288.npz
tweety_bert/experiments/Bird10_decoder_linear_decoder/train/6.npz
tweety_bert/experiments/Bird10_decoder_linear_decoder/train/117.npz
tweety_bert/experiments/Bird10_decoder_linear_decoder/train/5.npz
tweety_bert/experiments/Bird10_decoder_linear_decoder/train/60.npz
tweety_bert/experiments/Bird10_decoder_linear_decoder/train/242.npz
tweety_bert/experiments/Bird10_decoder_linear_decoder/train/44.npz
tweety_bert/experiments/Bird10_decoder_linear_decoder/train/7.npz
tweety_bert/experiments/Bird10_decoder_linear_decoder/train/216.npz
tweety_bert/experiments/Bird10_decoder_linear_decoder/train/248.npz
tweety_bert/experiments/Bird10_decoder_linear_decoder/train/306.npz
tweety_bert/experiments/Bird10_decoder_linear_decoder/train/262.npz
tweety_bert/experiments/Bird10_decoder_linear_decoder/train/261.npz
tweety_bert/experiments/Bird10_decoder_linear_decoder/train/19.npz
tweety_bert/experiments/Bird10_decoder_linear_decoder/train/8.npz
tweety_bert/experiments/Bird10_decoder_linear_decoder/train/14.npz
tweety_bert/experiments/Bird10_decoder_linear_decoder/train/142.npz
tweety_bert/experiments/Bird10_decoder_linear_decoder/train/125.npz
tweety_bert/experiments/Bird10_decoder_linear_decoder/train/114.npz
tweety_bert/experiments/Bird10_decoder_linear_decoder/train/127.npz
tweety_bert/experiments/Bird10_decoder_linear_decoder/train/258.npz
tweety_bert/experiments/Bird10_decoder_linear_decoder/train/102.npz
tweety_bert/experiments/Bird10_decoder_linear_decoder/train/241.npz
tweety_bert/experiments/Bird10_decoder_linear_decoder/train/147.npz
tweety_bert/experiments/Bird10_decoder_linear_decoder/train/230.npz
tweety_bert/experiments/Bird10_decoder_linear_decoder/train/254.npz
tweety_bert/experiments/Bird10_decoder_linear_decoder/train/221.npz
tweety_bert/experiments/Bird10_decoder_linear_decoder/train/176.npz
tweety_bert/experiments/Bird10_decoder_linear_decoder/train/270.npz
tweety_bert/experiments/Bird10_decoder_linear_decoder/train/267.npz
tweety_bert/experiments/Bird10_decoder_linear_decoder/train/225.npz
tweety_bert/experiments/Bird10_decoder_linear_decoder/train/205.npz
tweety_bert/experiments/Bird10_decoder_linear_decoder/train/215.npz
tweety_bert/experiments/Bird10_decoder_linear_decoder/train/123.npz
tweety_bert/experiments/Bird10_decoder_linear_decoder/train/43.npz
tweety_bert/experiments/Bird10_decoder_linear_decoder/train/131.npz
tweety_bert/experiments/Bird10_decoder_linear_decoder/train/140.npz
tweety_bert/experiments/Bird10_decoder_linear_decoder/train/240.npz
tweety_bert/experiments/Bird10_decoder_linear_decoder/train/290.npz
tweety_bert/experiments/Bird10_decoder_linear_decoder/train/135.npz
tweety_bert/experiments/Bird10_decoder_linear_decoder/train/121.npz
tweety_bert/experiments/Bird10_decoder_linear_decoder/train/238.npz
tweety_bert/experiments/Bird10_decoder_linear_decoder/train/231.npz
tweety_bert/experiments/Bird10_decoder_linear_decoder/train/68.npz
tweety_bert/experiments/Bird10_decoder_linear_decoder/train/183.npz
tweety_bert/experiments/Bird10_decoder_linear_decoder/train/239.npz
tweety_bert/experiments/Bird10_decoder_linear_decoder/train/138.npz
tweety_bert/experiments/Bird10_decoder_linear_decoder/train/25.npz
tweety_bert/experiments/Bird10_decoder_linear_decoder/train/158.npz
tweety_bert/experiments/Bird10_decoder_linear_decoder/train/97.npz
tweety_bert/experiments/Bird10_decoder_linear_decoder/train/0.npz
tweety_bert/experiments/Bird10_decoder_linear_decoder/train/184.npz
tweety_bert/experiments/Bird10_decoder_linear_decoder/train/246.npz
tweety_bert/experiments/Bird10_decoder_linear_decoder/train/62.npz
tweety_bert/experiments/Bird10_decoder_linear_decoder/train/16.npz
tweety_bert/experiments/Bird10_decoder_linear_decoder/train/40.npz
tweety_bert/experiments/Bird10_decoder_linear_decoder/train/178.npz
tweety_bert/experiments/Bird10_decoder_linear_decoder/train/45.npz
tweety_bert/experiments/Bird10_decoder_linear_decoder/train/145.npz
tweety_bert/experiments/Bird10_decoder_linear_decoder/train/280.npz
tweety_bert/experiments/Bird10_decoder_linear_decoder/train/165.npz
tweety_bert/experiments/Bird10_decoder_linear_decoder/train/252.npz
tweety_bert/experiments/Bird10_decoder_linear_decoder/train/37.npz
tweety_bert/experiments/Bird10_decoder_linear_decoder/train/224.npz
tweety_bert/experiments/Bird10_decoder_linear_decoder/train/128.npz
tweety_bert/experiments/Bird10_decoder_linear_decoder/train/11.npz
tweety_bert/experiments/Bird10_decoder_linear_decoder/train/180.npz
tweety_bert/experiments/Bird10_decoder_linear_decoder/decoder_state/
tweety_bert/experiments/Bird10_decoder_linear_decoder/decoder_state/decoder_config.json
tweety_bert/experiments/Bird10_decoder_linear_decoder/decoder_state/original_data.npz
tweety_bert/experiments/Bird10_decoder_linear_decoder/decoder_state/decoder_weights.pth
tweety_bert/experiments/Bird7_decoder_linear_decoder/
tweety_bert/experiments/Bird7_decoder_linear_decoder/test/
tweety_bert/experiments/Bird7_decoder_linear_decoder/test/23.npz
tweety_bert/experiments/Bird7_decoder_linear_decoder/test/38.npz
tweety_bert/experiments/Bird7_decoder_linear_decoder/test/69.npz
tweety_bert/experiments/Bird7_decoder_linear_decoder/test/18.npz
tweety_bert/experiments/Bird7_decoder_linear_decoder/test/46.npz
tweety_bert/experiments/Bird7_decoder_linear_decoder/test/51.npz
tweety_bert/experiments/Bird7_decoder_linear_decoder/test/65.npz
tweety_bert/experiments/Bird7_decoder_linear_decoder/test/12.npz
tweety_bert/experiments/Bird7_decoder_linear_decoder/test/58.npz
tweety_bert/experiments/Bird7_decoder_linear_decoder/test/64.npz
tweety_bert/experiments/Bird7_decoder_linear_decoder/test/59.npz
tweety_bert/experiments/Bird7_decoder_linear_decoder/test/88.npz
tweety_bert/experiments/Bird7_decoder_linear_decoder/test/70.npz
tweety_bert/experiments/Bird7_decoder_linear_decoder/test/50.npz
tweety_bert/experiments/Bird7_decoder_linear_decoder/test/42.npz
tweety_bert/experiments/Bird7_decoder_linear_decoder/test/33.npz
tweety_bert/experiments/Bird7_decoder_linear_decoder/test/54.npz
tweety_bert/experiments/Bird7_decoder_linear_decoder/test/20.npz
tweety_bert/experiments/Bird7_decoder_linear_decoder/test/4.npz
tweety_bert/experiments/Bird7_decoder_linear_decoder/test/13.npz
tweety_bert/experiments/Bird7_decoder_linear_decoder/test/89.npz
tweety_bert/experiments/Bird7_decoder_linear_decoder/test/90.npz
tweety_bert/experiments/Bird7_decoder_linear_decoder/test/41.npz
tweety_bert/experiments/Bird7_decoder_linear_decoder/test/81.npz
tweety_bert/experiments/Bird7_decoder_linear_decoder/test/21.npz
tweety_bert/experiments/Bird7_decoder_linear_decoder/test/36.npz
tweety_bert/experiments/Bird7_decoder_linear_decoder/test/32.npz
tweety_bert/experiments/Bird7_decoder_linear_decoder/test/73.npz
tweety_bert/experiments/Bird7_decoder_linear_decoder/test/52.npz
tweety_bert/experiments/Bird7_decoder_linear_decoder/test/49.npz
tweety_bert/experiments/Bird7_decoder_linear_decoder/test/84.npz
tweety_bert/experiments/Bird7_decoder_linear_decoder/test/39.npz
tweety_bert/experiments/Bird7_decoder_linear_decoder/test/78.npz
tweety_bert/experiments/Bird7_decoder_linear_decoder/test/80.npz
tweety_bert/experiments/Bird7_decoder_linear_decoder/test/53.npz
tweety_bert/experiments/Bird7_decoder_linear_decoder/test/83.npz
tweety_bert/experiments/Bird7_decoder_linear_decoder/test/72.npz
tweety_bert/experiments/Bird7_decoder_linear_decoder/test/63.npz
tweety_bert/experiments/Bird7_decoder_linear_decoder/test/76.npz
tweety_bert/experiments/Bird7_decoder_linear_decoder/test/77.npz
tweety_bert/experiments/Bird7_decoder_linear_decoder/test/82.npz
tweety_bert/experiments/Bird7_decoder_linear_decoder/test/30.npz
tweety_bert/experiments/Bird7_decoder_linear_decoder/test/10.npz
tweety_bert/experiments/Bird7_decoder_linear_decoder/test/57.npz
tweety_bert/experiments/Bird7_decoder_linear_decoder/test/75.npz
tweety_bert/experiments/Bird7_decoder_linear_decoder/test/3.npz
tweety_bert/experiments/Bird7_decoder_linear_decoder/test/34.npz
tweety_bert/experiments/Bird7_decoder_linear_decoder/test/22.npz
tweety_bert/experiments/Bird7_decoder_linear_decoder/test/66.npz
tweety_bert/experiments/Bird7_decoder_linear_decoder/test/74.npz
tweety_bert/experiments/Bird7_decoder_linear_decoder/test/71.npz
tweety_bert/experiments/Bird7_decoder_linear_decoder/test/48.npz
tweety_bert/experiments/Bird7_decoder_linear_decoder/test/24.npz
tweety_bert/experiments/Bird7_decoder_linear_decoder/test/67.npz
tweety_bert/experiments/Bird7_decoder_linear_decoder/test/86.npz
tweety_bert/experiments/Bird7_decoder_linear_decoder/test/47.npz
tweety_bert/experiments/Bird7_decoder_linear_decoder/test/35.npz
tweety_bert/experiments/Bird7_decoder_linear_decoder/test/17.npz
tweety_bert/experiments/Bird7_decoder_linear_decoder/test/79.npz
tweety_bert/experiments/Bird7_decoder_linear_decoder/test/87.npz
tweety_bert/experiments/Bird7_decoder_linear_decoder/test/61.npz
tweety_bert/experiments/Bird7_decoder_linear_decoder/test/2.npz
tweety_bert/experiments/Bird7_decoder_linear_decoder/test/1.npz
tweety_bert/experiments/Bird7_decoder_linear_decoder/test/27.npz
tweety_bert/experiments/Bird7_decoder_linear_decoder/test/91.npz
tweety_bert/experiments/Bird7_decoder_linear_decoder/test/28.npz
tweety_bert/experiments/Bird7_decoder_linear_decoder/test/56.npz
tweety_bert/experiments/Bird7_decoder_linear_decoder/test/55.npz
tweety_bert/experiments/Bird7_decoder_linear_decoder/test/15.npz
tweety_bert/experiments/Bird7_decoder_linear_decoder/test/29.npz
tweety_bert/experiments/Bird7_decoder_linear_decoder/test/9.npz
tweety_bert/experiments/Bird7_decoder_linear_decoder/test/31.npz
tweety_bert/experiments/Bird7_decoder_linear_decoder/test/85.npz
tweety_bert/experiments/Bird7_decoder_linear_decoder/test/26.npz
tweety_bert/experiments/Bird7_decoder_linear_decoder/test/6.npz
tweety_bert/experiments/Bird7_decoder_linear_decoder/test/5.npz
tweety_bert/experiments/Bird7_decoder_linear_decoder/test/60.npz
tweety_bert/experiments/Bird7_decoder_linear_decoder/test/44.npz
tweety_bert/experiments/Bird7_decoder_linear_decoder/test/7.npz
tweety_bert/experiments/Bird7_decoder_linear_decoder/test/19.npz
tweety_bert/experiments/Bird7_decoder_linear_decoder/test/8.npz
tweety_bert/experiments/Bird7_decoder_linear_decoder/test/14.npz
tweety_bert/experiments/Bird7_decoder_linear_decoder/test/43.npz
tweety_bert/experiments/Bird7_decoder_linear_decoder/test/68.npz
tweety_bert/experiments/Bird7_decoder_linear_decoder/test/25.npz
tweety_bert/experiments/Bird7_decoder_linear_decoder/test/0.npz
tweety_bert/experiments/Bird7_decoder_linear_decoder/test/62.npz
tweety_bert/experiments/Bird7_decoder_linear_decoder/test/16.npz
tweety_bert/experiments/Bird7_decoder_linear_decoder/test/40.npz
tweety_bert/experiments/Bird7_decoder_linear_decoder/test/45.npz
tweety_bert/experiments/Bird7_decoder_linear_decoder/test/37.npz
tweety_bert/experiments/Bird7_decoder_linear_decoder/test/11.npz
tweety_bert/experiments/Bird7_decoder_linear_decoder/train/
tweety_bert/experiments/Bird7_decoder_linear_decoder/train/23.npz
tweety_bert/experiments/Bird7_decoder_linear_decoder/train/251.npz
tweety_bert/experiments/Bird7_decoder_linear_decoder/train/293.npz
tweety_bert/experiments/Bird7_decoder_linear_decoder/train/38.npz
tweety_bert/experiments/Bird7_decoder_linear_decoder/train/130.npz
tweety_bert/experiments/Bird7_decoder_linear_decoder/train/157.npz
tweety_bert/experiments/Bird7_decoder_linear_decoder/train/209.npz
tweety_bert/experiments/Bird7_decoder_linear_decoder/train/106.npz
tweety_bert/experiments/Bird7_decoder_linear_decoder/train/213.npz
tweety_bert/experiments/Bird7_decoder_linear_decoder/train/126.npz
tweety_bert/experiments/Bird7_decoder_linear_decoder/train/137.npz
tweety_bert/experiments/Bird7_decoder_linear_decoder/train/276.npz
tweety_bert/experiments/Bird7_decoder_linear_decoder/train/317.npz
tweety_bert/experiments/Bird7_decoder_linear_decoder/train/69.npz
tweety_bert/experiments/Bird7_decoder_linear_decoder/train/271.npz
tweety_bert/experiments/Bird7_decoder_linear_decoder/train/207.npz
tweety_bert/experiments/Bird7_decoder_linear_decoder/train/340.npz
tweety_bert/experiments/Bird7_decoder_linear_decoder/train/136.npz
tweety_bert/experiments/Bird7_decoder_linear_decoder/train/18.npz
tweety_bert/experiments/Bird7_decoder_linear_decoder/train/98.npz
tweety_bert/experiments/Bird7_decoder_linear_decoder/train/175.npz
tweety_bert/experiments/Bird7_decoder_linear_decoder/train/46.npz
tweety_bert/experiments/Bird7_decoder_linear_decoder/train/263.npz
tweety_bert/experiments/Bird7_decoder_linear_decoder/train/229.npz
tweety_bert/experiments/Bird7_decoder_linear_decoder/train/150.npz
tweety_bert/experiments/Bird7_decoder_linear_decoder/train/51.npz
tweety_bert/experiments/Bird7_decoder_linear_decoder/train/99.npz
tweety_bert/experiments/Bird7_decoder_linear_decoder/train/283.npz
tweety_bert/experiments/Bird7_decoder_linear_decoder/train/199.npz
tweety_bert/experiments/Bird7_decoder_linear_decoder/train/65.npz
tweety_bert/experiments/Bird7_decoder_linear_decoder/train/12.npz
tweety_bert/experiments/Bird7_decoder_linear_decoder/train/133.npz
tweety_bert/experiments/Bird7_decoder_linear_decoder/train/222.npz
tweety_bert/experiments/Bird7_decoder_linear_decoder/train/190.npz
tweety_bert/experiments/Bird7_decoder_linear_decoder/train/309.npz
tweety_bert/experiments/Bird7_decoder_linear_decoder/train/341.npz
tweety_bert/experiments/Bird7_decoder_linear_decoder/train/198.npz
tweety_bert/experiments/Bird7_decoder_linear_decoder/train/141.npz
tweety_bert/experiments/Bird7_decoder_linear_decoder/train/101.npz
tweety_bert/experiments/Bird7_decoder_linear_decoder/train/321.npz
tweety_bert/experiments/Bird7_decoder_linear_decoder/train/193.npz
tweety_bert/experiments/Bird7_decoder_linear_decoder/train/58.npz
tweety_bert/experiments/Bird7_decoder_linear_decoder/train/295.npz
tweety_bert/experiments/Bird7_decoder_linear_decoder/train/132.npz
tweety_bert/experiments/Bird7_decoder_linear_decoder/train/169.npz
tweety_bert/experiments/Bird7_decoder_linear_decoder/train/64.npz
tweety_bert/experiments/Bird7_decoder_linear_decoder/train/59.npz
tweety_bert/experiments/Bird7_decoder_linear_decoder/train/88.npz
tweety_bert/experiments/Bird7_decoder_linear_decoder/train/360.npz
tweety_bert/experiments/Bird7_decoder_linear_decoder/train/326.npz
tweety_bert/experiments/Bird7_decoder_linear_decoder/train/343.npz
tweety_bert/experiments/Bird7_decoder_linear_decoder/train/275.npz
tweety_bert/experiments/Bird7_decoder_linear_decoder/train/70.npz
tweety_bert/experiments/Bird7_decoder_linear_decoder/train/50.npz
tweety_bert/experiments/Bird7_decoder_linear_decoder/train/118.npz
tweety_bert/experiments/Bird7_decoder_linear_decoder/train/96.npz
tweety_bert/experiments/Bird7_decoder_linear_decoder/train/339.npz
tweety_bert/experiments/Bird7_decoder_linear_decoder/train/181.npz
tweety_bert/experiments/Bird7_decoder_linear_decoder/train/292.npz
tweety_bert/experiments/Bird7_decoder_linear_decoder/train/255.npz
tweety_bert/experiments/Bird7_decoder_linear_decoder/train/305.npz
tweety_bert/experiments/Bird7_decoder_linear_decoder/train/42.npz
tweety_bert/experiments/Bird7_decoder_linear_decoder/train/303.npz
tweety_bert/experiments/Bird7_decoder_linear_decoder/train/100.npz
tweety_bert/experiments/Bird7_decoder_linear_decoder/train/33.npz
tweety_bert/experiments/Bird7_decoder_linear_decoder/train/185.npz
tweety_bert/experiments/Bird7_decoder_linear_decoder/train/54.npz
tweety_bert/experiments/Bird7_decoder_linear_decoder/train/171.npz
tweety_bert/experiments/Bird7_decoder_linear_decoder/train/170.npz
tweety_bert/experiments/Bird7_decoder_linear_decoder/train/291.npz
tweety_bert/experiments/Bird7_decoder_linear_decoder/train/20.npz
tweety_bert/experiments/Bird7_decoder_linear_decoder/train/4.npz
tweety_bert/experiments/Bird7_decoder_linear_decoder/train/179.npz
tweety_bert/experiments/Bird7_decoder_linear_decoder/train/247.npz
tweety_bert/experiments/Bird7_decoder_linear_decoder/train/204.npz
tweety_bert/experiments/Bird7_decoder_linear_decoder/train/174.npz
tweety_bert/experiments/Bird7_decoder_linear_decoder/train/338.npz
tweety_bert/experiments/Bird7_decoder_linear_decoder/train/287.npz
tweety_bert/experiments/Bird7_decoder_linear_decoder/train/344.npz
tweety_bert/experiments/Bird7_decoder_linear_decoder/train/13.npz
tweety_bert/experiments/Bird7_decoder_linear_decoder/train/89.npz
tweety_bert/experiments/Bird7_decoder_linear_decoder/train/233.npz
tweety_bert/experiments/Bird7_decoder_linear_decoder/train/335.npz
tweety_bert/experiments/Bird7_decoder_linear_decoder/train/300.npz
tweety_bert/experiments/Bird7_decoder_linear_decoder/train/186.npz
tweety_bert/experiments/Bird7_decoder_linear_decoder/train/95.npz
tweety_bert/experiments/Bird7_decoder_linear_decoder/train/167.npz
tweety_bert/experiments/Bird7_decoder_linear_decoder/train/90.npz
tweety_bert/experiments/Bird7_decoder_linear_decoder/train/232.npz
tweety_bert/experiments/Bird7_decoder_linear_decoder/train/41.npz
tweety_bert/experiments/Bird7_decoder_linear_decoder/train/93.npz
tweety_bert/experiments/Bird7_decoder_linear_decoder/train/223.npz
tweety_bert/experiments/Bird7_decoder_linear_decoder/train/328.npz
tweety_bert/experiments/Bird7_decoder_linear_decoder/train/81.npz
tweety_bert/experiments/Bird7_decoder_linear_decoder/train/337.npz
tweety_bert/experiments/Bird7_decoder_linear_decoder/train/272.npz
tweety_bert/experiments/Bird7_decoder_linear_decoder/train/182.npz
tweety_bert/experiments/Bird7_decoder_linear_decoder/train/166.npz
tweety_bert/experiments/Bird7_decoder_linear_decoder/train/330.npz
tweety_bert/experiments/Bird7_decoder_linear_decoder/train/92.npz
tweety_bert/experiments/Bird7_decoder_linear_decoder/train/281.npz
tweety_bert/experiments/Bird7_decoder_linear_decoder/train/21.npz
tweety_bert/experiments/Bird7_decoder_linear_decoder/train/122.npz
tweety_bert/experiments/Bird7_decoder_linear_decoder/train/36.npz
tweety_bert/experiments/Bird7_decoder_linear_decoder/train/345.npz
tweety_bert/experiments/Bird7_decoder_linear_decoder/train/32.npz
tweety_bert/experiments/Bird7_decoder_linear_decoder/train/153.npz
tweety_bert/experiments/Bird7_decoder_linear_decoder/train/73.npz
tweety_bert/experiments/Bird7_decoder_linear_decoder/train/52.npz
tweety_bert/experiments/Bird7_decoder_linear_decoder/train/347.npz
tweety_bert/experiments/Bird7_decoder_linear_decoder/train/320.npz
tweety_bert/experiments/Bird7_decoder_linear_decoder/train/177.npz
tweety_bert/experiments/Bird7_decoder_linear_decoder/train/49.npz
tweety_bert/experiments/Bird7_decoder_linear_decoder/train/84.npz
tweety_bert/experiments/Bird7_decoder_linear_decoder/train/202.npz
tweety_bert/experiments/Bird7_decoder_linear_decoder/train/211.npz
tweety_bert/experiments/Bird7_decoder_linear_decoder/train/235.npz
tweety_bert/experiments/Bird7_decoder_linear_decoder/train/39.npz
tweety_bert/experiments/Bird7_decoder_linear_decoder/train/302.npz
tweety_bert/experiments/Bird7_decoder_linear_decoder/train/78.npz
tweety_bert/experiments/Bird7_decoder_linear_decoder/train/285.npz
tweety_bert/experiments/Bird7_decoder_linear_decoder/train/297.npz
tweety_bert/experiments/Bird7_decoder_linear_decoder/train/80.npz
tweety_bert/experiments/Bird7_decoder_linear_decoder/train/53.npz
tweety_bert/experiments/Bird7_decoder_linear_decoder/train/284.npz
tweety_bert/experiments/Bird7_decoder_linear_decoder/train/146.npz
tweety_bert/experiments/Bird7_decoder_linear_decoder/train/342.npz
tweety_bert/experiments/Bird7_decoder_linear_decoder/train/83.npz
tweety_bert/experiments/Bird7_decoder_linear_decoder/train/72.npz
tweety_bert/experiments/Bird7_decoder_linear_decoder/train/286.npz
tweety_bert/experiments/Bird7_decoder_linear_decoder/train/355.npz
tweety_bert/experiments/Bird7_decoder_linear_decoder/train/63.npz
tweety_bert/experiments/Bird7_decoder_linear_decoder/train/139.npz
tweety_bert/experiments/Bird7_decoder_linear_decoder/train/76.npz
tweety_bert/experiments/Bird7_decoder_linear_decoder/train/206.npz
tweety_bert/experiments/Bird7_decoder_linear_decoder/train/264.npz
tweety_bert/experiments/Bird7_decoder_linear_decoder/train/316.npz
tweety_bert/experiments/Bird7_decoder_linear_decoder/train/282.npz
tweety_bert/experiments/Bird7_decoder_linear_decoder/train/244.npz
tweety_bert/experiments/Bird7_decoder_linear_decoder/train/289.npz
tweety_bert/experiments/Bird7_decoder_linear_decoder/train/348.npz
tweety_bert/experiments/Bird7_decoder_linear_decoder/train/173.npz
tweety_bert/experiments/Bird7_decoder_linear_decoder/train/296.npz
tweety_bert/experiments/Bird7_decoder_linear_decoder/train/312.npz
tweety_bert/experiments/Bird7_decoder_linear_decoder/train/189.npz
tweety_bert/experiments/Bird7_decoder_linear_decoder/train/154.npz
tweety_bert/experiments/Bird7_decoder_linear_decoder/train/149.npz
tweety_bert/experiments/Bird7_decoder_linear_decoder/train/227.npz
tweety_bert/experiments/Bird7_decoder_linear_decoder/train/210.npz
tweety_bert/experiments/Bird7_decoder_linear_decoder/train/77.npz
tweety_bert/experiments/Bird7_decoder_linear_decoder/train/351.npz
tweety_bert/experiments/Bird7_decoder_linear_decoder/train/119.npz
tweety_bert/experiments/Bird7_decoder_linear_decoder/train/143.npz
tweety_bert/experiments/Bird7_decoder_linear_decoder/train/195.npz
tweety_bert/experiments/Bird7_decoder_linear_decoder/train/111.npz
tweety_bert/experiments/Bird7_decoder_linear_decoder/train/234.npz
tweety_bert/experiments/Bird7_decoder_linear_decoder/train/152.npz
tweety_bert/experiments/Bird7_decoder_linear_decoder/train/164.npz
tweety_bert/experiments/Bird7_decoder_linear_decoder/train/82.npz
tweety_bert/experiments/Bird7_decoder_linear_decoder/train/313.npz
tweety_bert/experiments/Bird7_decoder_linear_decoder/train/253.npz
tweety_bert/experiments/Bird7_decoder_linear_decoder/train/30.npz
tweety_bert/experiments/Bird7_decoder_linear_decoder/train/156.npz
tweety_bert/experiments/Bird7_decoder_linear_decoder/train/10.npz
tweety_bert/experiments/Bird7_decoder_linear_decoder/train/107.npz
tweety_bert/experiments/Bird7_decoder_linear_decoder/train/124.npz
tweety_bert/experiments/Bird7_decoder_linear_decoder/train/161.npz
tweety_bert/experiments/Bird7_decoder_linear_decoder/train/220.npz
tweety_bert/experiments/Bird7_decoder_linear_decoder/train/353.npz
tweety_bert/experiments/Bird7_decoder_linear_decoder/train/314.npz
tweety_bert/experiments/Bird7_decoder_linear_decoder/train/112.npz
tweety_bert/experiments/Bird7_decoder_linear_decoder/train/57.npz
tweety_bert/experiments/Bird7_decoder_linear_decoder/train/236.npz
tweety_bert/experiments/Bird7_decoder_linear_decoder/train/120.npz
tweety_bert/experiments/Bird7_decoder_linear_decoder/train/75.npz
tweety_bert/experiments/Bird7_decoder_linear_decoder/train/357.npz
tweety_bert/experiments/Bird7_decoder_linear_decoder/train/212.npz
tweety_bert/experiments/Bird7_decoder_linear_decoder/train/250.npz
tweety_bert/experiments/Bird7_decoder_linear_decoder/train/3.npz
tweety_bert/experiments/Bird7_decoder_linear_decoder/train/34.npz
tweety_bert/experiments/Bird7_decoder_linear_decoder/train/245.npz
tweety_bert/experiments/Bird7_decoder_linear_decoder/train/299.npz
tweety_bert/experiments/Bird7_decoder_linear_decoder/train/361.npz
tweety_bert/experiments/Bird7_decoder_linear_decoder/train/358.npz
tweety_bert/experiments/Bird7_decoder_linear_decoder/train/218.npz
tweety_bert/experiments/Bird7_decoder_linear_decoder/train/308.npz
tweety_bert/experiments/Bird7_decoder_linear_decoder/train/294.npz
tweety_bert/experiments/Bird7_decoder_linear_decoder/train/22.npz
tweety_bert/experiments/Bird7_decoder_linear_decoder/train/148.npz
tweety_bert/experiments/Bird7_decoder_linear_decoder/train/265.npz
tweety_bert/experiments/Bird7_decoder_linear_decoder/train/134.npz
tweety_bert/experiments/Bird7_decoder_linear_decoder/train/214.npz
tweety_bert/experiments/Bird7_decoder_linear_decoder/train/324.npz
tweety_bert/experiments/Bird7_decoder_linear_decoder/train/298.npz
tweety_bert/experiments/Bird7_decoder_linear_decoder/train/66.npz
tweety_bert/experiments/Bird7_decoder_linear_decoder/train/103.npz
tweety_bert/experiments/Bird7_decoder_linear_decoder/train/108.npz
tweety_bert/experiments/Bird7_decoder_linear_decoder/train/243.npz
tweety_bert/experiments/Bird7_decoder_linear_decoder/train/74.npz
tweety_bert/experiments/Bird7_decoder_linear_decoder/train/256.npz
tweety_bert/experiments/Bird7_decoder_linear_decoder/train/354.npz
tweety_bert/experiments/Bird7_decoder_linear_decoder/train/71.npz
tweety_bert/experiments/Bird7_decoder_linear_decoder/train/310.npz
tweety_bert/experiments/Bird7_decoder_linear_decoder/train/268.npz
tweety_bert/experiments/Bird7_decoder_linear_decoder/train/48.npz
tweety_bert/experiments/Bird7_decoder_linear_decoder/train/364.npz
tweety_bert/experiments/Bird7_decoder_linear_decoder/train/259.npz
tweety_bert/experiments/Bird7_decoder_linear_decoder/train/24.npz
tweety_bert/experiments/Bird7_decoder_linear_decoder/train/151.npz
tweety_bert/experiments/Bird7_decoder_linear_decoder/train/67.npz
tweety_bert/experiments/Bird7_decoder_linear_decoder/train/155.npz
tweety_bert/experiments/Bird7_decoder_linear_decoder/train/86.npz
tweety_bert/experiments/Bird7_decoder_linear_decoder/train/187.npz
tweety_bert/experiments/Bird7_decoder_linear_decoder/train/201.npz
tweety_bert/experiments/Bird7_decoder_linear_decoder/train/47.npz
tweety_bert/experiments/Bird7_decoder_linear_decoder/train/200.npz
tweety_bert/experiments/Bird7_decoder_linear_decoder/train/217.npz
tweety_bert/experiments/Bird7_decoder_linear_decoder/train/35.npz
tweety_bert/experiments/Bird7_decoder_linear_decoder/train/172.npz
tweety_bert/experiments/Bird7_decoder_linear_decoder/train/322.npz
tweety_bert/experiments/Bird7_decoder_linear_decoder/train/94.npz
tweety_bert/experiments/Bird7_decoder_linear_decoder/train/17.npz
tweety_bert/experiments/Bird7_decoder_linear_decoder/train/79.npz
tweety_bert/experiments/Bird7_decoder_linear_decoder/train/365.npz
tweety_bert/experiments/Bird7_decoder_linear_decoder/train/203.npz
tweety_bert/experiments/Bird7_decoder_linear_decoder/train/208.npz
tweety_bert/experiments/Bird7_decoder_linear_decoder/train/269.npz
tweety_bert/experiments/Bird7_decoder_linear_decoder/train/278.npz
tweety_bert/experiments/Bird7_decoder_linear_decoder/train/194.npz
tweety_bert/experiments/Bird7_decoder_linear_decoder/train/352.npz
tweety_bert/experiments/Bird7_decoder_linear_decoder/train/162.npz
tweety_bert/experiments/Bird7_decoder_linear_decoder/train/163.npz
tweety_bert/experiments/Bird7_decoder_linear_decoder/train/87.npz
tweety_bert/experiments/Bird7_decoder_linear_decoder/train/61.npz
tweety_bert/experiments/Bird7_decoder_linear_decoder/train/2.npz
tweety_bert/experiments/Bird7_decoder_linear_decoder/train/304.npz
tweety_bert/experiments/Bird7_decoder_linear_decoder/train/1.npz
tweety_bert/experiments/Bird7_decoder_linear_decoder/train/228.npz
tweety_bert/experiments/Bird7_decoder_linear_decoder/train/115.npz
tweety_bert/experiments/Bird7_decoder_linear_decoder/train/332.npz
tweety_bert/experiments/Bird7_decoder_linear_decoder/train/160.npz
tweety_bert/experiments/Bird7_decoder_linear_decoder/train/273.npz
tweety_bert/experiments/Bird7_decoder_linear_decoder/train/257.npz
tweety_bert/experiments/Bird7_decoder_linear_decoder/train/359.npz
tweety_bert/experiments/Bird7_decoder_linear_decoder/train/191.npz
tweety_bert/experiments/Bird7_decoder_linear_decoder/train/27.npz
tweety_bert/experiments/Bird7_decoder_linear_decoder/train/113.npz
tweety_bert/experiments/Bird7_decoder_linear_decoder/train/91.npz
tweety_bert/experiments/Bird7_decoder_linear_decoder/train/226.npz
tweety_bert/experiments/Bird7_decoder_linear_decoder/train/28.npz
tweety_bert/experiments/Bird7_decoder_linear_decoder/train/301.npz
tweety_bert/experiments/Bird7_decoder_linear_decoder/train/323.npz
tweety_bert/experiments/Bird7_decoder_linear_decoder/train/349.npz
tweety_bert/experiments/Bird7_decoder_linear_decoder/train/159.npz
tweety_bert/experiments/Bird7_decoder_linear_decoder/train/249.npz
tweety_bert/experiments/Bird7_decoder_linear_decoder/train/237.npz
tweety_bert/experiments/Bird7_decoder_linear_decoder/train/56.npz
tweety_bert/experiments/Bird7_decoder_linear_decoder/train/219.npz
tweety_bert/experiments/Bird7_decoder_linear_decoder/train/260.npz
tweety_bert/experiments/Bird7_decoder_linear_decoder/train/319.npz
tweety_bert/experiments/Bird7_decoder_linear_decoder/train/55.npz
tweety_bert/experiments/Bird7_decoder_linear_decoder/train/197.npz
tweety_bert/experiments/Bird7_decoder_linear_decoder/train/116.npz
tweety_bert/experiments/Bird7_decoder_linear_decoder/train/15.npz
tweety_bert/experiments/Bird7_decoder_linear_decoder/train/274.npz
tweety_bert/experiments/Bird7_decoder_linear_decoder/train/29.npz
tweety_bert/experiments/Bird7_decoder_linear_decoder/train/196.npz
tweety_bert/experiments/Bird7_decoder_linear_decoder/train/104.npz
tweety_bert/experiments/Bird7_decoder_linear_decoder/train/109.npz
tweety_bert/experiments/Bird7_decoder_linear_decoder/train/277.npz
tweety_bert/experiments/Bird7_decoder_linear_decoder/train/192.npz
tweety_bert/experiments/Bird7_decoder_linear_decoder/train/9.npz
tweety_bert/experiments/Bird7_decoder_linear_decoder/train/31.npz
tweety_bert/experiments/Bird7_decoder_linear_decoder/train/279.npz
tweety_bert/experiments/Bird7_decoder_linear_decoder/train/327.npz
tweety_bert/experiments/Bird7_decoder_linear_decoder/train/105.npz
tweety_bert/experiments/Bird7_decoder_linear_decoder/train/188.npz
tweety_bert/experiments/Bird7_decoder_linear_decoder/train/350.npz
tweety_bert/experiments/Bird7_decoder_linear_decoder/train/307.npz
tweety_bert/experiments/Bird7_decoder_linear_decoder/train/362.npz
tweety_bert/experiments/Bird7_decoder_linear_decoder/train/85.npz
tweety_bert/experiments/Bird7_decoder_linear_decoder/train/144.npz
tweety_bert/experiments/Bird7_decoder_linear_decoder/train/168.npz
tweety_bert/experiments/Bird7_decoder_linear_decoder/train/110.npz
tweety_bert/experiments/Bird7_decoder_linear_decoder/train/26.npz
tweety_bert/experiments/Bird7_decoder_linear_decoder/train/129.npz
tweety_bert/experiments/Bird7_decoder_linear_decoder/train/266.npz
tweety_bert/experiments/Bird7_decoder_linear_decoder/train/288.npz
tweety_bert/experiments/Bird7_decoder_linear_decoder/train/6.npz
tweety_bert/experiments/Bird7_decoder_linear_decoder/train/117.npz
tweety_bert/experiments/Bird7_decoder_linear_decoder/train/5.npz
tweety_bert/experiments/Bird7_decoder_linear_decoder/train/329.npz
tweety_bert/experiments/Bird7_decoder_linear_decoder/train/60.npz
tweety_bert/experiments/Bird7_decoder_linear_decoder/train/242.npz
tweety_bert/experiments/Bird7_decoder_linear_decoder/train/44.npz
tweety_bert/experiments/Bird7_decoder_linear_decoder/train/318.npz
tweety_bert/experiments/Bird7_decoder_linear_decoder/train/7.npz
tweety_bert/experiments/Bird7_decoder_linear_decoder/train/216.npz
tweety_bert/experiments/Bird7_decoder_linear_decoder/train/248.npz
tweety_bert/experiments/Bird7_decoder_linear_decoder/train/306.npz
tweety_bert/experiments/Bird7_decoder_linear_decoder/train/262.npz
tweety_bert/experiments/Bird7_decoder_linear_decoder/train/363.npz
tweety_bert/experiments/Bird7_decoder_linear_decoder/train/261.npz
tweety_bert/experiments/Bird7_decoder_linear_decoder/train/19.npz
tweety_bert/experiments/Bird7_decoder_linear_decoder/train/8.npz
tweety_bert/experiments/Bird7_decoder_linear_decoder/train/14.npz
tweety_bert/experiments/Bird7_decoder_linear_decoder/train/142.npz
tweety_bert/experiments/Bird7_decoder_linear_decoder/train/125.npz
tweety_bert/experiments/Bird7_decoder_linear_decoder/train/114.npz
tweety_bert/experiments/Bird7_decoder_linear_decoder/train/127.npz
tweety_bert/experiments/Bird7_decoder_linear_decoder/train/334.npz
tweety_bert/experiments/Bird7_decoder_linear_decoder/train/258.npz
tweety_bert/experiments/Bird7_decoder_linear_decoder/train/102.npz
tweety_bert/experiments/Bird7_decoder_linear_decoder/train/241.npz
tweety_bert/experiments/Bird7_decoder_linear_decoder/train/147.npz
tweety_bert/experiments/Bird7_decoder_linear_decoder/train/325.npz
tweety_bert/experiments/Bird7_decoder_linear_decoder/train/230.npz
tweety_bert/experiments/Bird7_decoder_linear_decoder/train/315.npz
tweety_bert/experiments/Bird7_decoder_linear_decoder/train/254.npz
tweety_bert/experiments/Bird7_decoder_linear_decoder/train/221.npz
tweety_bert/experiments/Bird7_decoder_linear_decoder/train/176.npz
tweety_bert/experiments/Bird7_decoder_linear_decoder/train/270.npz
tweety_bert/experiments/Bird7_decoder_linear_decoder/train/267.npz
tweety_bert/experiments/Bird7_decoder_linear_decoder/train/225.npz
tweety_bert/experiments/Bird7_decoder_linear_decoder/train/205.npz
tweety_bert/experiments/Bird7_decoder_linear_decoder/train/346.npz
tweety_bert/experiments/Bird7_decoder_linear_decoder/train/215.npz
tweety_bert/experiments/Bird7_decoder_linear_decoder/train/123.npz
tweety_bert/experiments/Bird7_decoder_linear_decoder/train/43.npz
tweety_bert/experiments/Bird7_decoder_linear_decoder/train/131.npz
tweety_bert/experiments/Bird7_decoder_linear_decoder/train/140.npz
tweety_bert/experiments/Bird7_decoder_linear_decoder/train/240.npz
tweety_bert/experiments/Bird7_decoder_linear_decoder/train/290.npz
tweety_bert/experiments/Bird7_decoder_linear_decoder/train/356.npz
tweety_bert/experiments/Bird7_decoder_linear_decoder/train/135.npz
tweety_bert/experiments/Bird7_decoder_linear_decoder/train/121.npz
tweety_bert/experiments/Bird7_decoder_linear_decoder/train/238.npz
tweety_bert/experiments/Bird7_decoder_linear_decoder/train/231.npz
tweety_bert/experiments/Bird7_decoder_linear_decoder/train/336.npz
tweety_bert/experiments/Bird7_decoder_linear_decoder/train/311.npz
tweety_bert/experiments/Bird7_decoder_linear_decoder/train/68.npz
tweety_bert/experiments/Bird7_decoder_linear_decoder/train/183.npz
tweety_bert/experiments/Bird7_decoder_linear_decoder/train/239.npz
tweety_bert/experiments/Bird7_decoder_linear_decoder/train/138.npz
tweety_bert/experiments/Bird7_decoder_linear_decoder/train/25.npz
tweety_bert/experiments/Bird7_decoder_linear_decoder/train/158.npz
tweety_bert/experiments/Bird7_decoder_linear_decoder/train/331.npz
tweety_bert/experiments/Bird7_decoder_linear_decoder/train/97.npz
tweety_bert/experiments/Bird7_decoder_linear_decoder/train/0.npz
tweety_bert/experiments/Bird7_decoder_linear_decoder/train/184.npz
tweety_bert/experiments/Bird7_decoder_linear_decoder/train/246.npz
tweety_bert/experiments/Bird7_decoder_linear_decoder/train/62.npz
tweety_bert/experiments/Bird7_decoder_linear_decoder/train/16.npz
tweety_bert/experiments/Bird7_decoder_linear_decoder/train/40.npz
tweety_bert/experiments/Bird7_decoder_linear_decoder/train/333.npz
tweety_bert/experiments/Bird7_decoder_linear_decoder/train/178.npz
tweety_bert/experiments/Bird7_decoder_linear_decoder/train/45.npz
tweety_bert/experiments/Bird7_decoder_linear_decoder/train/145.npz
tweety_bert/experiments/Bird7_decoder_linear_decoder/train/280.npz
tweety_bert/experiments/Bird7_decoder_linear_decoder/train/165.npz
tweety_bert/experiments/Bird7_decoder_linear_decoder/train/252.npz
tweety_bert/experiments/Bird7_decoder_linear_decoder/train/37.npz
tweety_bert/experiments/Bird7_decoder_linear_decoder/train/224.npz
tweety_bert/experiments/Bird7_decoder_linear_decoder/train/128.npz
tweety_bert/experiments/Bird7_decoder_linear_decoder/train/11.npz
tweety_bert/experiments/Bird7_decoder_linear_decoder/train/180.npz
tweety_bert/experiments/Bird7_decoder_linear_decoder/decoder_state/
tweety_bert/experiments/Bird7_decoder_linear_decoder/decoder_state/decoder_config.json
tweety_bert/experiments/Bird7_decoder_linear_decoder/decoder_state/original_data.npz
tweety_bert/experiments/Bird7_decoder_linear_decoder/decoder_state/decoder_weights.pth
tweety_bert/experiments/Bird4_decoder_linear_decoder/
tweety_bert/experiments/Bird4_decoder_linear_decoder/test/
tweety_bert/experiments/Bird4_decoder_linear_decoder/test/23.npz
tweety_bert/experiments/Bird4_decoder_linear_decoder/test/38.npz
tweety_bert/experiments/Bird4_decoder_linear_decoder/test/69.npz
tweety_bert/experiments/Bird4_decoder_linear_decoder/test/18.npz
tweety_bert/experiments/Bird4_decoder_linear_decoder/test/46.npz
tweety_bert/experiments/Bird4_decoder_linear_decoder/test/51.npz
tweety_bert/experiments/Bird4_decoder_linear_decoder/test/65.npz
tweety_bert/experiments/Bird4_decoder_linear_decoder/test/12.npz
tweety_bert/experiments/Bird4_decoder_linear_decoder/test/58.npz
tweety_bert/experiments/Bird4_decoder_linear_decoder/test/64.npz
tweety_bert/experiments/Bird4_decoder_linear_decoder/test/59.npz
tweety_bert/experiments/Bird4_decoder_linear_decoder/test/70.npz
tweety_bert/experiments/Bird4_decoder_linear_decoder/test/50.npz
tweety_bert/experiments/Bird4_decoder_linear_decoder/test/42.npz
tweety_bert/experiments/Bird4_decoder_linear_decoder/test/33.npz
tweety_bert/experiments/Bird4_decoder_linear_decoder/test/54.npz
tweety_bert/experiments/Bird4_decoder_linear_decoder/test/20.npz
tweety_bert/experiments/Bird4_decoder_linear_decoder/test/4.npz
tweety_bert/experiments/Bird4_decoder_linear_decoder/test/13.npz
tweety_bert/experiments/Bird4_decoder_linear_decoder/test/41.npz
tweety_bert/experiments/Bird4_decoder_linear_decoder/test/21.npz
tweety_bert/experiments/Bird4_decoder_linear_decoder/test/36.npz
tweety_bert/experiments/Bird4_decoder_linear_decoder/test/32.npz
tweety_bert/experiments/Bird4_decoder_linear_decoder/test/73.npz
tweety_bert/experiments/Bird4_decoder_linear_decoder/test/52.npz
tweety_bert/experiments/Bird4_decoder_linear_decoder/test/49.npz
tweety_bert/experiments/Bird4_decoder_linear_decoder/test/39.npz
tweety_bert/experiments/Bird4_decoder_linear_decoder/test/53.npz
tweety_bert/experiments/Bird4_decoder_linear_decoder/test/72.npz
tweety_bert/experiments/Bird4_decoder_linear_decoder/test/63.npz
tweety_bert/experiments/Bird4_decoder_linear_decoder/test/76.npz
tweety_bert/experiments/Bird4_decoder_linear_decoder/test/30.npz
tweety_bert/experiments/Bird4_decoder_linear_decoder/test/10.npz
tweety_bert/experiments/Bird4_decoder_linear_decoder/test/57.npz
tweety_bert/experiments/Bird4_decoder_linear_decoder/test/75.npz
tweety_bert/experiments/Bird4_decoder_linear_decoder/test/3.npz
tweety_bert/experiments/Bird4_decoder_linear_decoder/test/34.npz
tweety_bert/experiments/Bird4_decoder_linear_decoder/test/22.npz
tweety_bert/experiments/Bird4_decoder_linear_decoder/test/66.npz
tweety_bert/experiments/Bird4_decoder_linear_decoder/test/74.npz
tweety_bert/experiments/Bird4_decoder_linear_decoder/test/71.npz
tweety_bert/experiments/Bird4_decoder_linear_decoder/test/48.npz
tweety_bert/experiments/Bird4_decoder_linear_decoder/test/24.npz
tweety_bert/experiments/Bird4_decoder_linear_decoder/test/67.npz
tweety_bert/experiments/Bird4_decoder_linear_decoder/test/47.npz
tweety_bert/experiments/Bird4_decoder_linear_decoder/test/35.npz
tweety_bert/experiments/Bird4_decoder_linear_decoder/test/17.npz
tweety_bert/experiments/Bird4_decoder_linear_decoder/test/61.npz
tweety_bert/experiments/Bird4_decoder_linear_decoder/test/2.npz
tweety_bert/experiments/Bird4_decoder_linear_decoder/test/1.npz
tweety_bert/experiments/Bird4_decoder_linear_decoder/test/27.npz
tweety_bert/experiments/Bird4_decoder_linear_decoder/test/28.npz
tweety_bert/experiments/Bird4_decoder_linear_decoder/test/56.npz
tweety_bert/experiments/Bird4_decoder_linear_decoder/test/55.npz
tweety_bert/experiments/Bird4_decoder_linear_decoder/test/15.npz
tweety_bert/experiments/Bird4_decoder_linear_decoder/test/29.npz
tweety_bert/experiments/Bird4_decoder_linear_decoder/test/9.npz
tweety_bert/experiments/Bird4_decoder_linear_decoder/test/31.npz
tweety_bert/experiments/Bird4_decoder_linear_decoder/test/26.npz
tweety_bert/experiments/Bird4_decoder_linear_decoder/test/6.npz
tweety_bert/experiments/Bird4_decoder_linear_decoder/test/5.npz
tweety_bert/experiments/Bird4_decoder_linear_decoder/test/60.npz
tweety_bert/experiments/Bird4_decoder_linear_decoder/test/44.npz
tweety_bert/experiments/Bird4_decoder_linear_decoder/test/7.npz
tweety_bert/experiments/Bird4_decoder_linear_decoder/test/19.npz
tweety_bert/experiments/Bird4_decoder_linear_decoder/test/8.npz
tweety_bert/experiments/Bird4_decoder_linear_decoder/test/14.npz
tweety_bert/experiments/Bird4_decoder_linear_decoder/test/43.npz
tweety_bert/experiments/Bird4_decoder_linear_decoder/test/68.npz
tweety_bert/experiments/Bird4_decoder_linear_decoder/test/25.npz
tweety_bert/experiments/Bird4_decoder_linear_decoder/test/0.npz
tweety_bert/experiments/Bird4_decoder_linear_decoder/test/62.npz
tweety_bert/experiments/Bird4_decoder_linear_decoder/test/16.npz
tweety_bert/experiments/Bird4_decoder_linear_decoder/test/40.npz
tweety_bert/experiments/Bird4_decoder_linear_decoder/test/45.npz
tweety_bert/experiments/Bird4_decoder_linear_decoder/test/37.npz
tweety_bert/experiments/Bird4_decoder_linear_decoder/test/11.npz
tweety_bert/experiments/Bird4_decoder_linear_decoder/train/
tweety_bert/experiments/Bird4_decoder_linear_decoder/train/23.npz
tweety_bert/experiments/Bird4_decoder_linear_decoder/train/251.npz
tweety_bert/experiments/Bird4_decoder_linear_decoder/train/293.npz
tweety_bert/experiments/Bird4_decoder_linear_decoder/train/38.npz
tweety_bert/experiments/Bird4_decoder_linear_decoder/train/130.npz
tweety_bert/experiments/Bird4_decoder_linear_decoder/train/157.npz
tweety_bert/experiments/Bird4_decoder_linear_decoder/train/209.npz
tweety_bert/experiments/Bird4_decoder_linear_decoder/train/106.npz
tweety_bert/experiments/Bird4_decoder_linear_decoder/train/213.npz
tweety_bert/experiments/Bird4_decoder_linear_decoder/train/126.npz
tweety_bert/experiments/Bird4_decoder_linear_decoder/train/137.npz
tweety_bert/experiments/Bird4_decoder_linear_decoder/train/276.npz
tweety_bert/experiments/Bird4_decoder_linear_decoder/train/69.npz
tweety_bert/experiments/Bird4_decoder_linear_decoder/train/271.npz
tweety_bert/experiments/Bird4_decoder_linear_decoder/train/207.npz
tweety_bert/experiments/Bird4_decoder_linear_decoder/train/136.npz
tweety_bert/experiments/Bird4_decoder_linear_decoder/train/18.npz
tweety_bert/experiments/Bird4_decoder_linear_decoder/train/98.npz
tweety_bert/experiments/Bird4_decoder_linear_decoder/train/175.npz
tweety_bert/experiments/Bird4_decoder_linear_decoder/train/46.npz
tweety_bert/experiments/Bird4_decoder_linear_decoder/train/263.npz
tweety_bert/experiments/Bird4_decoder_linear_decoder/train/229.npz
tweety_bert/experiments/Bird4_decoder_linear_decoder/train/150.npz
tweety_bert/experiments/Bird4_decoder_linear_decoder/train/51.npz
tweety_bert/experiments/Bird4_decoder_linear_decoder/train/99.npz
tweety_bert/experiments/Bird4_decoder_linear_decoder/train/283.npz
tweety_bert/experiments/Bird4_decoder_linear_decoder/train/199.npz
tweety_bert/experiments/Bird4_decoder_linear_decoder/train/65.npz
tweety_bert/experiments/Bird4_decoder_linear_decoder/train/12.npz
tweety_bert/experiments/Bird4_decoder_linear_decoder/train/133.npz
tweety_bert/experiments/Bird4_decoder_linear_decoder/train/222.npz
tweety_bert/experiments/Bird4_decoder_linear_decoder/train/190.npz
tweety_bert/experiments/Bird4_decoder_linear_decoder/train/198.npz
tweety_bert/experiments/Bird4_decoder_linear_decoder/train/141.npz
tweety_bert/experiments/Bird4_decoder_linear_decoder/train/101.npz
tweety_bert/experiments/Bird4_decoder_linear_decoder/train/193.npz
tweety_bert/experiments/Bird4_decoder_linear_decoder/train/58.npz
tweety_bert/experiments/Bird4_decoder_linear_decoder/train/295.npz
tweety_bert/experiments/Bird4_decoder_linear_decoder/train/132.npz
tweety_bert/experiments/Bird4_decoder_linear_decoder/train/169.npz
tweety_bert/experiments/Bird4_decoder_linear_decoder/train/64.npz
tweety_bert/experiments/Bird4_decoder_linear_decoder/train/59.npz
tweety_bert/experiments/Bird4_decoder_linear_decoder/train/88.npz
tweety_bert/experiments/Bird4_decoder_linear_decoder/train/275.npz
tweety_bert/experiments/Bird4_decoder_linear_decoder/train/70.npz
tweety_bert/experiments/Bird4_decoder_linear_decoder/train/50.npz
tweety_bert/experiments/Bird4_decoder_linear_decoder/train/118.npz
tweety_bert/experiments/Bird4_decoder_linear_decoder/train/96.npz
tweety_bert/experiments/Bird4_decoder_linear_decoder/train/181.npz
tweety_bert/experiments/Bird4_decoder_linear_decoder/train/292.npz
tweety_bert/experiments/Bird4_decoder_linear_decoder/train/255.npz
tweety_bert/experiments/Bird4_decoder_linear_decoder/train/305.npz
tweety_bert/experiments/Bird4_decoder_linear_decoder/train/42.npz
tweety_bert/experiments/Bird4_decoder_linear_decoder/train/303.npz
tweety_bert/experiments/Bird4_decoder_linear_decoder/train/100.npz
tweety_bert/experiments/Bird4_decoder_linear_decoder/train/33.npz
tweety_bert/experiments/Bird4_decoder_linear_decoder/train/185.npz
tweety_bert/experiments/Bird4_decoder_linear_decoder/train/54.npz
tweety_bert/experiments/Bird4_decoder_linear_decoder/train/171.npz
tweety_bert/experiments/Bird4_decoder_linear_decoder/train/170.npz
tweety_bert/experiments/Bird4_decoder_linear_decoder/train/291.npz
tweety_bert/experiments/Bird4_decoder_linear_decoder/train/20.npz
tweety_bert/experiments/Bird4_decoder_linear_decoder/train/4.npz
tweety_bert/experiments/Bird4_decoder_linear_decoder/train/179.npz
tweety_bert/experiments/Bird4_decoder_linear_decoder/train/247.npz
tweety_bert/experiments/Bird4_decoder_linear_decoder/train/204.npz
tweety_bert/experiments/Bird4_decoder_linear_decoder/train/174.npz
tweety_bert/experiments/Bird4_decoder_linear_decoder/train/287.npz
tweety_bert/experiments/Bird4_decoder_linear_decoder/train/13.npz
tweety_bert/experiments/Bird4_decoder_linear_decoder/train/89.npz
tweety_bert/experiments/Bird4_decoder_linear_decoder/train/233.npz
tweety_bert/experiments/Bird4_decoder_linear_decoder/train/300.npz
tweety_bert/experiments/Bird4_decoder_linear_decoder/train/186.npz
tweety_bert/experiments/Bird4_decoder_linear_decoder/train/95.npz
tweety_bert/experiments/Bird4_decoder_linear_decoder/train/167.npz
tweety_bert/experiments/Bird4_decoder_linear_decoder/train/90.npz
tweety_bert/experiments/Bird4_decoder_linear_decoder/train/232.npz
tweety_bert/experiments/Bird4_decoder_linear_decoder/train/41.npz
tweety_bert/experiments/Bird4_decoder_linear_decoder/train/93.npz
tweety_bert/experiments/Bird4_decoder_linear_decoder/train/223.npz
tweety_bert/experiments/Bird4_decoder_linear_decoder/train/81.npz
tweety_bert/experiments/Bird4_decoder_linear_decoder/train/272.npz
tweety_bert/experiments/Bird4_decoder_linear_decoder/train/182.npz
tweety_bert/experiments/Bird4_decoder_linear_decoder/train/166.npz
tweety_bert/experiments/Bird4_decoder_linear_decoder/train/92.npz
tweety_bert/experiments/Bird4_decoder_linear_decoder/train/281.npz
tweety_bert/experiments/Bird4_decoder_linear_decoder/train/21.npz
tweety_bert/experiments/Bird4_decoder_linear_decoder/train/122.npz
tweety_bert/experiments/Bird4_decoder_linear_decoder/train/36.npz
tweety_bert/experiments/Bird4_decoder_linear_decoder/train/32.npz
tweety_bert/experiments/Bird4_decoder_linear_decoder/train/153.npz
tweety_bert/experiments/Bird4_decoder_linear_decoder/train/73.npz
tweety_bert/experiments/Bird4_decoder_linear_decoder/train/52.npz
tweety_bert/experiments/Bird4_decoder_linear_decoder/train/177.npz
tweety_bert/experiments/Bird4_decoder_linear_decoder/train/49.npz
tweety_bert/experiments/Bird4_decoder_linear_decoder/train/84.npz
tweety_bert/experiments/Bird4_decoder_linear_decoder/train/202.npz
tweety_bert/experiments/Bird4_decoder_linear_decoder/train/211.npz
tweety_bert/experiments/Bird4_decoder_linear_decoder/train/235.npz
tweety_bert/experiments/Bird4_decoder_linear_decoder/train/39.npz
tweety_bert/experiments/Bird4_decoder_linear_decoder/train/302.npz
tweety_bert/experiments/Bird4_decoder_linear_decoder/train/78.npz
tweety_bert/experiments/Bird4_decoder_linear_decoder/train/285.npz
tweety_bert/experiments/Bird4_decoder_linear_decoder/train/297.npz
tweety_bert/experiments/Bird4_decoder_linear_decoder/train/80.npz
tweety_bert/experiments/Bird4_decoder_linear_decoder/train/53.npz
tweety_bert/experiments/Bird4_decoder_linear_decoder/train/284.npz
tweety_bert/experiments/Bird4_decoder_linear_decoder/train/146.npz
tweety_bert/experiments/Bird4_decoder_linear_decoder/train/83.npz
tweety_bert/experiments/Bird4_decoder_linear_decoder/train/72.npz
tweety_bert/experiments/Bird4_decoder_linear_decoder/train/286.npz
tweety_bert/experiments/Bird4_decoder_linear_decoder/train/63.npz
tweety_bert/experiments/Bird4_decoder_linear_decoder/train/139.npz
tweety_bert/experiments/Bird4_decoder_linear_decoder/train/76.npz
tweety_bert/experiments/Bird4_decoder_linear_decoder/train/206.npz
tweety_bert/experiments/Bird4_decoder_linear_decoder/train/264.npz
tweety_bert/experiments/Bird4_decoder_linear_decoder/train/282.npz
tweety_bert/experiments/Bird4_decoder_linear_decoder/train/244.npz
tweety_bert/experiments/Bird4_decoder_linear_decoder/train/289.npz
tweety_bert/experiments/Bird4_decoder_linear_decoder/train/173.npz
tweety_bert/experiments/Bird4_decoder_linear_decoder/train/296.npz
tweety_bert/experiments/Bird4_decoder_linear_decoder/train/189.npz
tweety_bert/experiments/Bird4_decoder_linear_decoder/train/154.npz
tweety_bert/experiments/Bird4_decoder_linear_decoder/train/149.npz
tweety_bert/experiments/Bird4_decoder_linear_decoder/train/227.npz
tweety_bert/experiments/Bird4_decoder_linear_decoder/train/210.npz
tweety_bert/experiments/Bird4_decoder_linear_decoder/train/77.npz
tweety_bert/experiments/Bird4_decoder_linear_decoder/train/119.npz
tweety_bert/experiments/Bird4_decoder_linear_decoder/train/143.npz
tweety_bert/experiments/Bird4_decoder_linear_decoder/train/195.npz
tweety_bert/experiments/Bird4_decoder_linear_decoder/train/111.npz
tweety_bert/experiments/Bird4_decoder_linear_decoder/train/234.npz
tweety_bert/experiments/Bird4_decoder_linear_decoder/train/152.npz
tweety_bert/experiments/Bird4_decoder_linear_decoder/train/164.npz
tweety_bert/experiments/Bird4_decoder_linear_decoder/train/82.npz
tweety_bert/experiments/Bird4_decoder_linear_decoder/train/253.npz
tweety_bert/experiments/Bird4_decoder_linear_decoder/train/30.npz
tweety_bert/experiments/Bird4_decoder_linear_decoder/train/156.npz
tweety_bert/experiments/Bird4_decoder_linear_decoder/train/10.npz
tweety_bert/experiments/Bird4_decoder_linear_decoder/train/107.npz
tweety_bert/experiments/Bird4_decoder_linear_decoder/train/124.npz
tweety_bert/experiments/Bird4_decoder_linear_decoder/train/161.npz
tweety_bert/experiments/Bird4_decoder_linear_decoder/train/220.npz
tweety_bert/experiments/Bird4_decoder_linear_decoder/train/112.npz
tweety_bert/experiments/Bird4_decoder_linear_decoder/train/57.npz
tweety_bert/experiments/Bird4_decoder_linear_decoder/train/236.npz
tweety_bert/experiments/Bird4_decoder_linear_decoder/train/120.npz
tweety_bert/experiments/Bird4_decoder_linear_decoder/train/75.npz
tweety_bert/experiments/Bird4_decoder_linear_decoder/train/212.npz
tweety_bert/experiments/Bird4_decoder_linear_decoder/train/250.npz
tweety_bert/experiments/Bird4_decoder_linear_decoder/train/3.npz
tweety_bert/experiments/Bird4_decoder_linear_decoder/train/34.npz
tweety_bert/experiments/Bird4_decoder_linear_decoder/train/245.npz
tweety_bert/experiments/Bird4_decoder_linear_decoder/train/299.npz
tweety_bert/experiments/Bird4_decoder_linear_decoder/train/218.npz
tweety_bert/experiments/Bird4_decoder_linear_decoder/train/294.npz
tweety_bert/experiments/Bird4_decoder_linear_decoder/train/22.npz
tweety_bert/experiments/Bird4_decoder_linear_decoder/train/148.npz
tweety_bert/experiments/Bird4_decoder_linear_decoder/train/265.npz
tweety_bert/experiments/Bird4_decoder_linear_decoder/train/134.npz
tweety_bert/experiments/Bird4_decoder_linear_decoder/train/214.npz
tweety_bert/experiments/Bird4_decoder_linear_decoder/train/298.npz
tweety_bert/experiments/Bird4_decoder_linear_decoder/train/66.npz
tweety_bert/experiments/Bird4_decoder_linear_decoder/train/103.npz
tweety_bert/experiments/Bird4_decoder_linear_decoder/train/108.npz
tweety_bert/experiments/Bird4_decoder_linear_decoder/train/243.npz
tweety_bert/experiments/Bird4_decoder_linear_decoder/train/74.npz
tweety_bert/experiments/Bird4_decoder_linear_decoder/train/256.npz
tweety_bert/experiments/Bird4_decoder_linear_decoder/train/71.npz
tweety_bert/experiments/Bird4_decoder_linear_decoder/train/268.npz
tweety_bert/experiments/Bird4_decoder_linear_decoder/train/48.npz
tweety_bert/experiments/Bird4_decoder_linear_decoder/train/259.npz
tweety_bert/experiments/Bird4_decoder_linear_decoder/train/24.npz
tweety_bert/experiments/Bird4_decoder_linear_decoder/train/151.npz
tweety_bert/experiments/Bird4_decoder_linear_decoder/train/67.npz
tweety_bert/experiments/Bird4_decoder_linear_decoder/train/155.npz
tweety_bert/experiments/Bird4_decoder_linear_decoder/train/86.npz
tweety_bert/experiments/Bird4_decoder_linear_decoder/train/187.npz
tweety_bert/experiments/Bird4_decoder_linear_decoder/train/201.npz
tweety_bert/experiments/Bird4_decoder_linear_decoder/train/47.npz
tweety_bert/experiments/Bird4_decoder_linear_decoder/train/200.npz
tweety_bert/experiments/Bird4_decoder_linear_decoder/train/217.npz
tweety_bert/experiments/Bird4_decoder_linear_decoder/train/35.npz
tweety_bert/experiments/Bird4_decoder_linear_decoder/train/172.npz
tweety_bert/experiments/Bird4_decoder_linear_decoder/train/94.npz
tweety_bert/experiments/Bird4_decoder_linear_decoder/train/17.npz
tweety_bert/experiments/Bird4_decoder_linear_decoder/train/79.npz
tweety_bert/experiments/Bird4_decoder_linear_decoder/train/203.npz
tweety_bert/experiments/Bird4_decoder_linear_decoder/train/208.npz
tweety_bert/experiments/Bird4_decoder_linear_decoder/train/269.npz
tweety_bert/experiments/Bird4_decoder_linear_decoder/train/278.npz
tweety_bert/experiments/Bird4_decoder_linear_decoder/train/194.npz
tweety_bert/experiments/Bird4_decoder_linear_decoder/train/162.npz
tweety_bert/experiments/Bird4_decoder_linear_decoder/train/163.npz
tweety_bert/experiments/Bird4_decoder_linear_decoder/train/87.npz
tweety_bert/experiments/Bird4_decoder_linear_decoder/train/61.npz
tweety_bert/experiments/Bird4_decoder_linear_decoder/train/2.npz
tweety_bert/experiments/Bird4_decoder_linear_decoder/train/304.npz
tweety_bert/experiments/Bird4_decoder_linear_decoder/train/1.npz
tweety_bert/experiments/Bird4_decoder_linear_decoder/train/228.npz
tweety_bert/experiments/Bird4_decoder_linear_decoder/train/115.npz
tweety_bert/experiments/Bird4_decoder_linear_decoder/train/160.npz
tweety_bert/experiments/Bird4_decoder_linear_decoder/train/273.npz
tweety_bert/experiments/Bird4_decoder_linear_decoder/train/257.npz
tweety_bert/experiments/Bird4_decoder_linear_decoder/train/191.npz
tweety_bert/experiments/Bird4_decoder_linear_decoder/train/27.npz
tweety_bert/experiments/Bird4_decoder_linear_decoder/train/113.npz
tweety_bert/experiments/Bird4_decoder_linear_decoder/train/91.npz
tweety_bert/experiments/Bird4_decoder_linear_decoder/train/226.npz
tweety_bert/experiments/Bird4_decoder_linear_decoder/train/28.npz
tweety_bert/experiments/Bird4_decoder_linear_decoder/train/301.npz
tweety_bert/experiments/Bird4_decoder_linear_decoder/train/159.npz
tweety_bert/experiments/Bird4_decoder_linear_decoder/train/249.npz
tweety_bert/experiments/Bird4_decoder_linear_decoder/train/237.npz
tweety_bert/experiments/Bird4_decoder_linear_decoder/train/56.npz
tweety_bert/experiments/Bird4_decoder_linear_decoder/train/219.npz
tweety_bert/experiments/Bird4_decoder_linear_decoder/train/260.npz
tweety_bert/experiments/Bird4_decoder_linear_decoder/train/55.npz
tweety_bert/experiments/Bird4_decoder_linear_decoder/train/197.npz
tweety_bert/experiments/Bird4_decoder_linear_decoder/train/116.npz
tweety_bert/experiments/Bird4_decoder_linear_decoder/train/15.npz
tweety_bert/experiments/Bird4_decoder_linear_decoder/train/274.npz
tweety_bert/experiments/Bird4_decoder_linear_decoder/train/29.npz
tweety_bert/experiments/Bird4_decoder_linear_decoder/train/196.npz
tweety_bert/experiments/Bird4_decoder_linear_decoder/train/104.npz
tweety_bert/experiments/Bird4_decoder_linear_decoder/train/109.npz
tweety_bert/experiments/Bird4_decoder_linear_decoder/train/277.npz
tweety_bert/experiments/Bird4_decoder_linear_decoder/train/192.npz
tweety_bert/experiments/Bird4_decoder_linear_decoder/train/9.npz
tweety_bert/experiments/Bird4_decoder_linear_decoder/train/31.npz
tweety_bert/experiments/Bird4_decoder_linear_decoder/train/279.npz
tweety_bert/experiments/Bird4_decoder_linear_decoder/train/105.npz
tweety_bert/experiments/Bird4_decoder_linear_decoder/train/188.npz
tweety_bert/experiments/Bird4_decoder_linear_decoder/train/307.npz
tweety_bert/experiments/Bird4_decoder_linear_decoder/train/85.npz
tweety_bert/experiments/Bird4_decoder_linear_decoder/train/144.npz
tweety_bert/experiments/Bird4_decoder_linear_decoder/train/168.npz
tweety_bert/experiments/Bird4_decoder_linear_decoder/train/110.npz
tweety_bert/experiments/Bird4_decoder_linear_decoder/train/26.npz
tweety_bert/experiments/Bird4_decoder_linear_decoder/train/129.npz
tweety_bert/experiments/Bird4_decoder_linear_decoder/train/266.npz
tweety_bert/experiments/Bird4_decoder_linear_decoder/train/288.npz
tweety_bert/experiments/Bird4_decoder_linear_decoder/train/6.npz
tweety_bert/experiments/Bird4_decoder_linear_decoder/train/117.npz
tweety_bert/experiments/Bird4_decoder_linear_decoder/train/5.npz
tweety_bert/experiments/Bird4_decoder_linear_decoder/train/60.npz
tweety_bert/experiments/Bird4_decoder_linear_decoder/train/242.npz
tweety_bert/experiments/Bird4_decoder_linear_decoder/train/44.npz
tweety_bert/experiments/Bird4_decoder_linear_decoder/train/7.npz
tweety_bert/experiments/Bird4_decoder_linear_decoder/train/216.npz
tweety_bert/experiments/Bird4_decoder_linear_decoder/train/248.npz
tweety_bert/experiments/Bird4_decoder_linear_decoder/train/306.npz
tweety_bert/experiments/Bird4_decoder_linear_decoder/train/262.npz
tweety_bert/experiments/Bird4_decoder_linear_decoder/train/261.npz
tweety_bert/experiments/Bird4_decoder_linear_decoder/train/19.npz
tweety_bert/experiments/Bird4_decoder_linear_decoder/train/8.npz
tweety_bert/experiments/Bird4_decoder_linear_decoder/train/14.npz
tweety_bert/experiments/Bird4_decoder_linear_decoder/train/142.npz
tweety_bert/experiments/Bird4_decoder_linear_decoder/train/125.npz
tweety_bert/experiments/Bird4_decoder_linear_decoder/train/114.npz
tweety_bert/experiments/Bird4_decoder_linear_decoder/train/127.npz
tweety_bert/experiments/Bird4_decoder_linear_decoder/train/258.npz
tweety_bert/experiments/Bird4_decoder_linear_decoder/train/102.npz
tweety_bert/experiments/Bird4_decoder_linear_decoder/train/241.npz
tweety_bert/experiments/Bird4_decoder_linear_decoder/train/147.npz
tweety_bert/experiments/Bird4_decoder_linear_decoder/train/230.npz
tweety_bert/experiments/Bird4_decoder_linear_decoder/train/254.npz
tweety_bert/experiments/Bird4_decoder_linear_decoder/train/221.npz
tweety_bert/experiments/Bird4_decoder_linear_decoder/train/176.npz
tweety_bert/experiments/Bird4_decoder_linear_decoder/train/270.npz
tweety_bert/experiments/Bird4_decoder_linear_decoder/train/267.npz
tweety_bert/experiments/Bird4_decoder_linear_decoder/train/225.npz
tweety_bert/experiments/Bird4_decoder_linear_decoder/train/205.npz
tweety_bert/experiments/Bird4_decoder_linear_decoder/train/215.npz
tweety_bert/experiments/Bird4_decoder_linear_decoder/train/123.npz
tweety_bert/experiments/Bird4_decoder_linear_decoder/train/43.npz
tweety_bert/experiments/Bird4_decoder_linear_decoder/train/131.npz
tweety_bert/experiments/Bird4_decoder_linear_decoder/train/140.npz
tweety_bert/experiments/Bird4_decoder_linear_decoder/train/240.npz
tweety_bert/experiments/Bird4_decoder_linear_decoder/train/290.npz
tweety_bert/experiments/Bird4_decoder_linear_decoder/train/135.npz
tweety_bert/experiments/Bird4_decoder_linear_decoder/train/121.npz
tweety_bert/experiments/Bird4_decoder_linear_decoder/train/238.npz
tweety_bert/experiments/Bird4_decoder_linear_decoder/train/231.npz
tweety_bert/experiments/Bird4_decoder_linear_decoder/train/68.npz
tweety_bert/experiments/Bird4_decoder_linear_decoder/train/183.npz
tweety_bert/experiments/Bird4_decoder_linear_decoder/train/239.npz
tweety_bert/experiments/Bird4_decoder_linear_decoder/train/138.npz
tweety_bert/experiments/Bird4_decoder_linear_decoder/train/25.npz
tweety_bert/experiments/Bird4_decoder_linear_decoder/train/158.npz
tweety_bert/experiments/Bird4_decoder_linear_decoder/train/97.npz
tweety_bert/experiments/Bird4_decoder_linear_decoder/train/0.npz
tweety_bert/experiments/Bird4_decoder_linear_decoder/train/184.npz
tweety_bert/experiments/Bird4_decoder_linear_decoder/train/246.npz
tweety_bert/experiments/Bird4_decoder_linear_decoder/train/62.npz
tweety_bert/experiments/Bird4_decoder_linear_decoder/train/16.npz
tweety_bert/experiments/Bird4_decoder_linear_decoder/train/40.npz
tweety_bert/experiments/Bird4_decoder_linear_decoder/train/178.npz
tweety_bert/experiments/Bird4_decoder_linear_decoder/train/45.npz
tweety_bert/experiments/Bird4_decoder_linear_decoder/train/145.npz
tweety_bert/experiments/Bird4_decoder_linear_decoder/train/280.npz
tweety_bert/experiments/Bird4_decoder_linear_decoder/train/165.npz
tweety_bert/experiments/Bird4_decoder_linear_decoder/train/252.npz
tweety_bert/experiments/Bird4_decoder_linear_decoder/train/37.npz
tweety_bert/experiments/Bird4_decoder_linear_decoder/train/224.npz
tweety_bert/experiments/Bird4_decoder_linear_decoder/train/128.npz
tweety_bert/experiments/Bird4_decoder_linear_decoder/train/11.npz
tweety_bert/experiments/Bird4_decoder_linear_decoder/train/180.npz
tweety_bert/experiments/Bird4_decoder_linear_decoder/decoder_state/
tweety_bert/experiments/Bird4_decoder_linear_decoder/decoder_state/decoder_config.json
tweety_bert/experiments/Bird4_decoder_linear_decoder/decoder_state/original_data.npz
tweety_bert/experiments/Bird4_decoder_linear_decoder/decoder_state/decoder_weights.pth
tweety_bert/experiments/Bird9_decoder_linear_decoder/
tweety_bert/experiments/Bird9_decoder_linear_decoder/test/
tweety_bert/experiments/Bird9_decoder_linear_decoder/test/23.npz
tweety_bert/experiments/Bird9_decoder_linear_decoder/test/38.npz
tweety_bert/experiments/Bird9_decoder_linear_decoder/test/69.npz
tweety_bert/experiments/Bird9_decoder_linear_decoder/test/18.npz
tweety_bert/experiments/Bird9_decoder_linear_decoder/test/46.npz
tweety_bert/experiments/Bird9_decoder_linear_decoder/test/51.npz
tweety_bert/experiments/Bird9_decoder_linear_decoder/test/65.npz
tweety_bert/experiments/Bird9_decoder_linear_decoder/test/12.npz
tweety_bert/experiments/Bird9_decoder_linear_decoder/test/58.npz
tweety_bert/experiments/Bird9_decoder_linear_decoder/test/64.npz
tweety_bert/experiments/Bird9_decoder_linear_decoder/test/59.npz
tweety_bert/experiments/Bird9_decoder_linear_decoder/test/88.npz
tweety_bert/experiments/Bird9_decoder_linear_decoder/test/70.npz
tweety_bert/experiments/Bird9_decoder_linear_decoder/test/50.npz
tweety_bert/experiments/Bird9_decoder_linear_decoder/test/96.npz
tweety_bert/experiments/Bird9_decoder_linear_decoder/test/42.npz
tweety_bert/experiments/Bird9_decoder_linear_decoder/test/33.npz
tweety_bert/experiments/Bird9_decoder_linear_decoder/test/54.npz
tweety_bert/experiments/Bird9_decoder_linear_decoder/test/20.npz
tweety_bert/experiments/Bird9_decoder_linear_decoder/test/4.npz
tweety_bert/experiments/Bird9_decoder_linear_decoder/test/13.npz
tweety_bert/experiments/Bird9_decoder_linear_decoder/test/89.npz
tweety_bert/experiments/Bird9_decoder_linear_decoder/test/95.npz
tweety_bert/experiments/Bird9_decoder_linear_decoder/test/90.npz
tweety_bert/experiments/Bird9_decoder_linear_decoder/test/41.npz
tweety_bert/experiments/Bird9_decoder_linear_decoder/test/93.npz
tweety_bert/experiments/Bird9_decoder_linear_decoder/test/81.npz
tweety_bert/experiments/Bird9_decoder_linear_decoder/test/92.npz
tweety_bert/experiments/Bird9_decoder_linear_decoder/test/21.npz
tweety_bert/experiments/Bird9_decoder_linear_decoder/test/36.npz
tweety_bert/experiments/Bird9_decoder_linear_decoder/test/32.npz
tweety_bert/experiments/Bird9_decoder_linear_decoder/test/73.npz
tweety_bert/experiments/Bird9_decoder_linear_decoder/test/52.npz
tweety_bert/experiments/Bird9_decoder_linear_decoder/test/49.npz
tweety_bert/experiments/Bird9_decoder_linear_decoder/test/84.npz
tweety_bert/experiments/Bird9_decoder_linear_decoder/test/39.npz
tweety_bert/experiments/Bird9_decoder_linear_decoder/test/78.npz
tweety_bert/experiments/Bird9_decoder_linear_decoder/test/80.npz
tweety_bert/experiments/Bird9_decoder_linear_decoder/test/53.npz
tweety_bert/experiments/Bird9_decoder_linear_decoder/test/83.npz
tweety_bert/experiments/Bird9_decoder_linear_decoder/test/72.npz
tweety_bert/experiments/Bird9_decoder_linear_decoder/test/63.npz
tweety_bert/experiments/Bird9_decoder_linear_decoder/test/76.npz
tweety_bert/experiments/Bird9_decoder_linear_decoder/test/77.npz
tweety_bert/experiments/Bird9_decoder_linear_decoder/test/82.npz
tweety_bert/experiments/Bird9_decoder_linear_decoder/test/30.npz
tweety_bert/experiments/Bird9_decoder_linear_decoder/test/10.npz
tweety_bert/experiments/Bird9_decoder_linear_decoder/test/57.npz
tweety_bert/experiments/Bird9_decoder_linear_decoder/test/75.npz
tweety_bert/experiments/Bird9_decoder_linear_decoder/test/3.npz
tweety_bert/experiments/Bird9_decoder_linear_decoder/test/34.npz
tweety_bert/experiments/Bird9_decoder_linear_decoder/test/22.npz
tweety_bert/experiments/Bird9_decoder_linear_decoder/test/66.npz
tweety_bert/experiments/Bird9_decoder_linear_decoder/test/74.npz
tweety_bert/experiments/Bird9_decoder_linear_decoder/test/71.npz
tweety_bert/experiments/Bird9_decoder_linear_decoder/test/48.npz
tweety_bert/experiments/Bird9_decoder_linear_decoder/test/24.npz
tweety_bert/experiments/Bird9_decoder_linear_decoder/test/67.npz
tweety_bert/experiments/Bird9_decoder_linear_decoder/test/86.npz
tweety_bert/experiments/Bird9_decoder_linear_decoder/test/47.npz
tweety_bert/experiments/Bird9_decoder_linear_decoder/test/35.npz
tweety_bert/experiments/Bird9_decoder_linear_decoder/test/94.npz
tweety_bert/experiments/Bird9_decoder_linear_decoder/test/17.npz
tweety_bert/experiments/Bird9_decoder_linear_decoder/test/79.npz
tweety_bert/experiments/Bird9_decoder_linear_decoder/test/87.npz
tweety_bert/experiments/Bird9_decoder_linear_decoder/test/61.npz
tweety_bert/experiments/Bird9_decoder_linear_decoder/test/2.npz
tweety_bert/experiments/Bird9_decoder_linear_decoder/test/1.npz
tweety_bert/experiments/Bird9_decoder_linear_decoder/test/27.npz
tweety_bert/experiments/Bird9_decoder_linear_decoder/test/91.npz
tweety_bert/experiments/Bird9_decoder_linear_decoder/test/28.npz
tweety_bert/experiments/Bird9_decoder_linear_decoder/test/56.npz
tweety_bert/experiments/Bird9_decoder_linear_decoder/test/55.npz
tweety_bert/experiments/Bird9_decoder_linear_decoder/test/15.npz
tweety_bert/experiments/Bird9_decoder_linear_decoder/test/29.npz
tweety_bert/experiments/Bird9_decoder_linear_decoder/test/9.npz
tweety_bert/experiments/Bird9_decoder_linear_decoder/test/31.npz
tweety_bert/experiments/Bird9_decoder_linear_decoder/test/85.npz
tweety_bert/experiments/Bird9_decoder_linear_decoder/test/26.npz
tweety_bert/experiments/Bird9_decoder_linear_decoder/test/6.npz
tweety_bert/experiments/Bird9_decoder_linear_decoder/test/5.npz
tweety_bert/experiments/Bird9_decoder_linear_decoder/test/60.npz
tweety_bert/experiments/Bird9_decoder_linear_decoder/test/44.npz
tweety_bert/experiments/Bird9_decoder_linear_decoder/test/7.npz
tweety_bert/experiments/Bird9_decoder_linear_decoder/test/19.npz
tweety_bert/experiments/Bird9_decoder_linear_decoder/test/8.npz
tweety_bert/experiments/Bird9_decoder_linear_decoder/test/14.npz
tweety_bert/experiments/Bird9_decoder_linear_decoder/test/43.npz
tweety_bert/experiments/Bird9_decoder_linear_decoder/test/68.npz
tweety_bert/experiments/Bird9_decoder_linear_decoder/test/25.npz
tweety_bert/experiments/Bird9_decoder_linear_decoder/test/97.npz
tweety_bert/experiments/Bird9_decoder_linear_decoder/test/0.npz
tweety_bert/experiments/Bird9_decoder_linear_decoder/test/62.npz
tweety_bert/experiments/Bird9_decoder_linear_decoder/test/16.npz
tweety_bert/experiments/Bird9_decoder_linear_decoder/test/40.npz
tweety_bert/experiments/Bird9_decoder_linear_decoder/test/45.npz
tweety_bert/experiments/Bird9_decoder_linear_decoder/test/37.npz
tweety_bert/experiments/Bird9_decoder_linear_decoder/test/11.npz
tweety_bert/experiments/Bird9_decoder_linear_decoder/train/
tweety_bert/experiments/Bird9_decoder_linear_decoder/train/23.npz
tweety_bert/experiments/Bird9_decoder_linear_decoder/train/251.npz
tweety_bert/experiments/Bird9_decoder_linear_decoder/train/293.npz
tweety_bert/experiments/Bird9_decoder_linear_decoder/train/38.npz
tweety_bert/experiments/Bird9_decoder_linear_decoder/train/130.npz
tweety_bert/experiments/Bird9_decoder_linear_decoder/train/378.npz
tweety_bert/experiments/Bird9_decoder_linear_decoder/train/157.npz
tweety_bert/experiments/Bird9_decoder_linear_decoder/train/209.npz
tweety_bert/experiments/Bird9_decoder_linear_decoder/train/106.npz
tweety_bert/experiments/Bird9_decoder_linear_decoder/train/213.npz
tweety_bert/experiments/Bird9_decoder_linear_decoder/train/126.npz
tweety_bert/experiments/Bird9_decoder_linear_decoder/train/137.npz
tweety_bert/experiments/Bird9_decoder_linear_decoder/train/276.npz
tweety_bert/experiments/Bird9_decoder_linear_decoder/train/317.npz
tweety_bert/experiments/Bird9_decoder_linear_decoder/train/69.npz
tweety_bert/experiments/Bird9_decoder_linear_decoder/train/271.npz
tweety_bert/experiments/Bird9_decoder_linear_decoder/train/207.npz
tweety_bert/experiments/Bird9_decoder_linear_decoder/train/340.npz
tweety_bert/experiments/Bird9_decoder_linear_decoder/train/136.npz
tweety_bert/experiments/Bird9_decoder_linear_decoder/train/18.npz
tweety_bert/experiments/Bird9_decoder_linear_decoder/train/98.npz
tweety_bert/experiments/Bird9_decoder_linear_decoder/train/175.npz
tweety_bert/experiments/Bird9_decoder_linear_decoder/train/46.npz
tweety_bert/experiments/Bird9_decoder_linear_decoder/train/263.npz
tweety_bert/experiments/Bird9_decoder_linear_decoder/train/229.npz
tweety_bert/experiments/Bird9_decoder_linear_decoder/train/150.npz
tweety_bert/experiments/Bird9_decoder_linear_decoder/train/51.npz
tweety_bert/experiments/Bird9_decoder_linear_decoder/train/99.npz
tweety_bert/experiments/Bird9_decoder_linear_decoder/train/283.npz
tweety_bert/experiments/Bird9_decoder_linear_decoder/train/199.npz
tweety_bert/experiments/Bird9_decoder_linear_decoder/train/367.npz
tweety_bert/experiments/Bird9_decoder_linear_decoder/train/65.npz
tweety_bert/experiments/Bird9_decoder_linear_decoder/train/374.npz
tweety_bert/experiments/Bird9_decoder_linear_decoder/train/12.npz
tweety_bert/experiments/Bird9_decoder_linear_decoder/train/133.npz
tweety_bert/experiments/Bird9_decoder_linear_decoder/train/376.npz
tweety_bert/experiments/Bird9_decoder_linear_decoder/train/222.npz
tweety_bert/experiments/Bird9_decoder_linear_decoder/train/190.npz
tweety_bert/experiments/Bird9_decoder_linear_decoder/train/309.npz
tweety_bert/experiments/Bird9_decoder_linear_decoder/train/341.npz
tweety_bert/experiments/Bird9_decoder_linear_decoder/train/198.npz
tweety_bert/experiments/Bird9_decoder_linear_decoder/train/141.npz
tweety_bert/experiments/Bird9_decoder_linear_decoder/train/101.npz
tweety_bert/experiments/Bird9_decoder_linear_decoder/train/321.npz
tweety_bert/experiments/Bird9_decoder_linear_decoder/train/193.npz
tweety_bert/experiments/Bird9_decoder_linear_decoder/train/58.npz
tweety_bert/experiments/Bird9_decoder_linear_decoder/train/295.npz
tweety_bert/experiments/Bird9_decoder_linear_decoder/train/132.npz
tweety_bert/experiments/Bird9_decoder_linear_decoder/train/169.npz
tweety_bert/experiments/Bird9_decoder_linear_decoder/train/64.npz
tweety_bert/experiments/Bird9_decoder_linear_decoder/train/59.npz
tweety_bert/experiments/Bird9_decoder_linear_decoder/train/88.npz
tweety_bert/experiments/Bird9_decoder_linear_decoder/train/360.npz
tweety_bert/experiments/Bird9_decoder_linear_decoder/train/326.npz
tweety_bert/experiments/Bird9_decoder_linear_decoder/train/343.npz
tweety_bert/experiments/Bird9_decoder_linear_decoder/train/380.npz
tweety_bert/experiments/Bird9_decoder_linear_decoder/train/275.npz
tweety_bert/experiments/Bird9_decoder_linear_decoder/train/70.npz
tweety_bert/experiments/Bird9_decoder_linear_decoder/train/50.npz
tweety_bert/experiments/Bird9_decoder_linear_decoder/train/118.npz
tweety_bert/experiments/Bird9_decoder_linear_decoder/train/96.npz
tweety_bert/experiments/Bird9_decoder_linear_decoder/train/339.npz
tweety_bert/experiments/Bird9_decoder_linear_decoder/train/181.npz
tweety_bert/experiments/Bird9_decoder_linear_decoder/train/292.npz
tweety_bert/experiments/Bird9_decoder_linear_decoder/train/371.npz
tweety_bert/experiments/Bird9_decoder_linear_decoder/train/255.npz
tweety_bert/experiments/Bird9_decoder_linear_decoder/train/305.npz
tweety_bert/experiments/Bird9_decoder_linear_decoder/train/42.npz
tweety_bert/experiments/Bird9_decoder_linear_decoder/train/303.npz
tweety_bert/experiments/Bird9_decoder_linear_decoder/train/100.npz
tweety_bert/experiments/Bird9_decoder_linear_decoder/train/33.npz
tweety_bert/experiments/Bird9_decoder_linear_decoder/train/185.npz
tweety_bert/experiments/Bird9_decoder_linear_decoder/train/54.npz
tweety_bert/experiments/Bird9_decoder_linear_decoder/train/171.npz
tweety_bert/experiments/Bird9_decoder_linear_decoder/train/170.npz
tweety_bert/experiments/Bird9_decoder_linear_decoder/train/385.npz
tweety_bert/experiments/Bird9_decoder_linear_decoder/train/291.npz
tweety_bert/experiments/Bird9_decoder_linear_decoder/train/20.npz
tweety_bert/experiments/Bird9_decoder_linear_decoder/train/4.npz
tweety_bert/experiments/Bird9_decoder_linear_decoder/train/179.npz
tweety_bert/experiments/Bird9_decoder_linear_decoder/train/247.npz
tweety_bert/experiments/Bird9_decoder_linear_decoder/train/204.npz
tweety_bert/experiments/Bird9_decoder_linear_decoder/train/174.npz
tweety_bert/experiments/Bird9_decoder_linear_decoder/train/338.npz
tweety_bert/experiments/Bird9_decoder_linear_decoder/train/287.npz
tweety_bert/experiments/Bird9_decoder_linear_decoder/train/344.npz
tweety_bert/experiments/Bird9_decoder_linear_decoder/train/13.npz
tweety_bert/experiments/Bird9_decoder_linear_decoder/train/89.npz
tweety_bert/experiments/Bird9_decoder_linear_decoder/train/233.npz
tweety_bert/experiments/Bird9_decoder_linear_decoder/train/335.npz
tweety_bert/experiments/Bird9_decoder_linear_decoder/train/300.npz
tweety_bert/experiments/Bird9_decoder_linear_decoder/train/186.npz
tweety_bert/experiments/Bird9_decoder_linear_decoder/train/95.npz
tweety_bert/experiments/Bird9_decoder_linear_decoder/train/167.npz
tweety_bert/experiments/Bird9_decoder_linear_decoder/train/90.npz
tweety_bert/experiments/Bird9_decoder_linear_decoder/train/232.npz
tweety_bert/experiments/Bird9_decoder_linear_decoder/train/41.npz
tweety_bert/experiments/Bird9_decoder_linear_decoder/train/93.npz
tweety_bert/experiments/Bird9_decoder_linear_decoder/train/223.npz
tweety_bert/experiments/Bird9_decoder_linear_decoder/train/328.npz
tweety_bert/experiments/Bird9_decoder_linear_decoder/train/81.npz
tweety_bert/experiments/Bird9_decoder_linear_decoder/train/337.npz
tweety_bert/experiments/Bird9_decoder_linear_decoder/train/272.npz
tweety_bert/experiments/Bird9_decoder_linear_decoder/train/182.npz
tweety_bert/experiments/Bird9_decoder_linear_decoder/train/166.npz
tweety_bert/experiments/Bird9_decoder_linear_decoder/train/330.npz
tweety_bert/experiments/Bird9_decoder_linear_decoder/train/92.npz
tweety_bert/experiments/Bird9_decoder_linear_decoder/train/281.npz
tweety_bert/experiments/Bird9_decoder_linear_decoder/train/21.npz
tweety_bert/experiments/Bird9_decoder_linear_decoder/train/122.npz
tweety_bert/experiments/Bird9_decoder_linear_decoder/train/36.npz
tweety_bert/experiments/Bird9_decoder_linear_decoder/train/345.npz
tweety_bert/experiments/Bird9_decoder_linear_decoder/train/32.npz
tweety_bert/experiments/Bird9_decoder_linear_decoder/train/153.npz
tweety_bert/experiments/Bird9_decoder_linear_decoder/train/73.npz
tweety_bert/experiments/Bird9_decoder_linear_decoder/train/52.npz
tweety_bert/experiments/Bird9_decoder_linear_decoder/train/347.npz
tweety_bert/experiments/Bird9_decoder_linear_decoder/train/320.npz
tweety_bert/experiments/Bird9_decoder_linear_decoder/train/177.npz
tweety_bert/experiments/Bird9_decoder_linear_decoder/train/49.npz
tweety_bert/experiments/Bird9_decoder_linear_decoder/train/84.npz
tweety_bert/experiments/Bird9_decoder_linear_decoder/train/202.npz
tweety_bert/experiments/Bird9_decoder_linear_decoder/train/211.npz
tweety_bert/experiments/Bird9_decoder_linear_decoder/train/235.npz
tweety_bert/experiments/Bird9_decoder_linear_decoder/train/39.npz
tweety_bert/experiments/Bird9_decoder_linear_decoder/train/302.npz
tweety_bert/experiments/Bird9_decoder_linear_decoder/train/78.npz
tweety_bert/experiments/Bird9_decoder_linear_decoder/train/285.npz
tweety_bert/experiments/Bird9_decoder_linear_decoder/train/297.npz
tweety_bert/experiments/Bird9_decoder_linear_decoder/train/80.npz
tweety_bert/experiments/Bird9_decoder_linear_decoder/train/53.npz
tweety_bert/experiments/Bird9_decoder_linear_decoder/train/284.npz
tweety_bert/experiments/Bird9_decoder_linear_decoder/train/146.npz
tweety_bert/experiments/Bird9_decoder_linear_decoder/train/342.npz
tweety_bert/experiments/Bird9_decoder_linear_decoder/train/83.npz
tweety_bert/experiments/Bird9_decoder_linear_decoder/train/72.npz
tweety_bert/experiments/Bird9_decoder_linear_decoder/train/286.npz
tweety_bert/experiments/Bird9_decoder_linear_decoder/train/355.npz
tweety_bert/experiments/Bird9_decoder_linear_decoder/train/63.npz
tweety_bert/experiments/Bird9_decoder_linear_decoder/train/375.npz
tweety_bert/experiments/Bird9_decoder_linear_decoder/train/139.npz
tweety_bert/experiments/Bird9_decoder_linear_decoder/train/76.npz
tweety_bert/experiments/Bird9_decoder_linear_decoder/train/206.npz
tweety_bert/experiments/Bird9_decoder_linear_decoder/train/264.npz
tweety_bert/experiments/Bird9_decoder_linear_decoder/train/316.npz
tweety_bert/experiments/Bird9_decoder_linear_decoder/train/282.npz
tweety_bert/experiments/Bird9_decoder_linear_decoder/train/244.npz
tweety_bert/experiments/Bird9_decoder_linear_decoder/train/289.npz
tweety_bert/experiments/Bird9_decoder_linear_decoder/train/348.npz
tweety_bert/experiments/Bird9_decoder_linear_decoder/train/173.npz
tweety_bert/experiments/Bird9_decoder_linear_decoder/train/296.npz
tweety_bert/experiments/Bird9_decoder_linear_decoder/train/312.npz
tweety_bert/experiments/Bird9_decoder_linear_decoder/train/189.npz
tweety_bert/experiments/Bird9_decoder_linear_decoder/train/154.npz
tweety_bert/experiments/Bird9_decoder_linear_decoder/train/149.npz
tweety_bert/experiments/Bird9_decoder_linear_decoder/train/387.npz
tweety_bert/experiments/Bird9_decoder_linear_decoder/train/227.npz
tweety_bert/experiments/Bird9_decoder_linear_decoder/train/210.npz
tweety_bert/experiments/Bird9_decoder_linear_decoder/train/379.npz
tweety_bert/experiments/Bird9_decoder_linear_decoder/train/77.npz
tweety_bert/experiments/Bird9_decoder_linear_decoder/train/351.npz
tweety_bert/experiments/Bird9_decoder_linear_decoder/train/119.npz
tweety_bert/experiments/Bird9_decoder_linear_decoder/train/143.npz
tweety_bert/experiments/Bird9_decoder_linear_decoder/train/195.npz
tweety_bert/experiments/Bird9_decoder_linear_decoder/train/111.npz
tweety_bert/experiments/Bird9_decoder_linear_decoder/train/234.npz
tweety_bert/experiments/Bird9_decoder_linear_decoder/train/377.npz
tweety_bert/experiments/Bird9_decoder_linear_decoder/train/152.npz
tweety_bert/experiments/Bird9_decoder_linear_decoder/train/164.npz
tweety_bert/experiments/Bird9_decoder_linear_decoder/train/82.npz
tweety_bert/experiments/Bird9_decoder_linear_decoder/train/313.npz
tweety_bert/experiments/Bird9_decoder_linear_decoder/train/253.npz
tweety_bert/experiments/Bird9_decoder_linear_decoder/train/30.npz
tweety_bert/experiments/Bird9_decoder_linear_decoder/train/156.npz
tweety_bert/experiments/Bird9_decoder_linear_decoder/train/10.npz
tweety_bert/experiments/Bird9_decoder_linear_decoder/train/107.npz
tweety_bert/experiments/Bird9_decoder_linear_decoder/train/124.npz
tweety_bert/experiments/Bird9_decoder_linear_decoder/train/161.npz
tweety_bert/experiments/Bird9_decoder_linear_decoder/train/220.npz
tweety_bert/experiments/Bird9_decoder_linear_decoder/train/353.npz
tweety_bert/experiments/Bird9_decoder_linear_decoder/train/314.npz
tweety_bert/experiments/Bird9_decoder_linear_decoder/train/112.npz
tweety_bert/experiments/Bird9_decoder_linear_decoder/train/368.npz
tweety_bert/experiments/Bird9_decoder_linear_decoder/train/57.npz
tweety_bert/experiments/Bird9_decoder_linear_decoder/train/236.npz
tweety_bert/experiments/Bird9_decoder_linear_decoder/train/120.npz
tweety_bert/experiments/Bird9_decoder_linear_decoder/train/75.npz
tweety_bert/experiments/Bird9_decoder_linear_decoder/train/372.npz
tweety_bert/experiments/Bird9_decoder_linear_decoder/train/357.npz
tweety_bert/experiments/Bird9_decoder_linear_decoder/train/212.npz
tweety_bert/experiments/Bird9_decoder_linear_decoder/train/250.npz
tweety_bert/experiments/Bird9_decoder_linear_decoder/train/3.npz
tweety_bert/experiments/Bird9_decoder_linear_decoder/train/34.npz
tweety_bert/experiments/Bird9_decoder_linear_decoder/train/245.npz
tweety_bert/experiments/Bird9_decoder_linear_decoder/train/299.npz
tweety_bert/experiments/Bird9_decoder_linear_decoder/train/361.npz
tweety_bert/experiments/Bird9_decoder_linear_decoder/train/358.npz
tweety_bert/experiments/Bird9_decoder_linear_decoder/train/218.npz
tweety_bert/experiments/Bird9_decoder_linear_decoder/train/308.npz
tweety_bert/experiments/Bird9_decoder_linear_decoder/train/294.npz
tweety_bert/experiments/Bird9_decoder_linear_decoder/train/22.npz
tweety_bert/experiments/Bird9_decoder_linear_decoder/train/148.npz
tweety_bert/experiments/Bird9_decoder_linear_decoder/train/265.npz
tweety_bert/experiments/Bird9_decoder_linear_decoder/train/134.npz
tweety_bert/experiments/Bird9_decoder_linear_decoder/train/214.npz
tweety_bert/experiments/Bird9_decoder_linear_decoder/train/324.npz
tweety_bert/experiments/Bird9_decoder_linear_decoder/train/298.npz
tweety_bert/experiments/Bird9_decoder_linear_decoder/train/386.npz
tweety_bert/experiments/Bird9_decoder_linear_decoder/train/66.npz
tweety_bert/experiments/Bird9_decoder_linear_decoder/train/103.npz
tweety_bert/experiments/Bird9_decoder_linear_decoder/train/108.npz
tweety_bert/experiments/Bird9_decoder_linear_decoder/train/243.npz
tweety_bert/experiments/Bird9_decoder_linear_decoder/train/74.npz
tweety_bert/experiments/Bird9_decoder_linear_decoder/train/256.npz
tweety_bert/experiments/Bird9_decoder_linear_decoder/train/354.npz
tweety_bert/experiments/Bird9_decoder_linear_decoder/train/71.npz
tweety_bert/experiments/Bird9_decoder_linear_decoder/train/366.npz
tweety_bert/experiments/Bird9_decoder_linear_decoder/train/310.npz
tweety_bert/experiments/Bird9_decoder_linear_decoder/train/268.npz
tweety_bert/experiments/Bird9_decoder_linear_decoder/train/48.npz
tweety_bert/experiments/Bird9_decoder_linear_decoder/train/364.npz
tweety_bert/experiments/Bird9_decoder_linear_decoder/train/259.npz
tweety_bert/experiments/Bird9_decoder_linear_decoder/train/24.npz
tweety_bert/experiments/Bird9_decoder_linear_decoder/train/151.npz
tweety_bert/experiments/Bird9_decoder_linear_decoder/train/67.npz
tweety_bert/experiments/Bird9_decoder_linear_decoder/train/155.npz
tweety_bert/experiments/Bird9_decoder_linear_decoder/train/86.npz
tweety_bert/experiments/Bird9_decoder_linear_decoder/train/187.npz
tweety_bert/experiments/Bird9_decoder_linear_decoder/train/201.npz
tweety_bert/experiments/Bird9_decoder_linear_decoder/train/47.npz
tweety_bert/experiments/Bird9_decoder_linear_decoder/train/200.npz
tweety_bert/experiments/Bird9_decoder_linear_decoder/train/217.npz
tweety_bert/experiments/Bird9_decoder_linear_decoder/train/35.npz
tweety_bert/experiments/Bird9_decoder_linear_decoder/train/172.npz
tweety_bert/experiments/Bird9_decoder_linear_decoder/train/322.npz
tweety_bert/experiments/Bird9_decoder_linear_decoder/train/94.npz
tweety_bert/experiments/Bird9_decoder_linear_decoder/train/17.npz
tweety_bert/experiments/Bird9_decoder_linear_decoder/train/79.npz
tweety_bert/experiments/Bird9_decoder_linear_decoder/train/365.npz
tweety_bert/experiments/Bird9_decoder_linear_decoder/train/203.npz
tweety_bert/experiments/Bird9_decoder_linear_decoder/train/208.npz
tweety_bert/experiments/Bird9_decoder_linear_decoder/train/269.npz
tweety_bert/experiments/Bird9_decoder_linear_decoder/train/278.npz
tweety_bert/experiments/Bird9_decoder_linear_decoder/train/194.npz
tweety_bert/experiments/Bird9_decoder_linear_decoder/train/352.npz
tweety_bert/experiments/Bird9_decoder_linear_decoder/train/162.npz
tweety_bert/experiments/Bird9_decoder_linear_decoder/train/163.npz
tweety_bert/experiments/Bird9_decoder_linear_decoder/train/87.npz
tweety_bert/experiments/Bird9_decoder_linear_decoder/train/61.npz
tweety_bert/experiments/Bird9_decoder_linear_decoder/train/2.npz
tweety_bert/experiments/Bird9_decoder_linear_decoder/train/304.npz
tweety_bert/experiments/Bird9_decoder_linear_decoder/train/1.npz
tweety_bert/experiments/Bird9_decoder_linear_decoder/train/228.npz
tweety_bert/experiments/Bird9_decoder_linear_decoder/train/115.npz
tweety_bert/experiments/Bird9_decoder_linear_decoder/train/332.npz
tweety_bert/experiments/Bird9_decoder_linear_decoder/train/160.npz
tweety_bert/experiments/Bird9_decoder_linear_decoder/train/273.npz
tweety_bert/experiments/Bird9_decoder_linear_decoder/train/257.npz
tweety_bert/experiments/Bird9_decoder_linear_decoder/train/359.npz
tweety_bert/experiments/Bird9_decoder_linear_decoder/train/191.npz
tweety_bert/experiments/Bird9_decoder_linear_decoder/train/27.npz
tweety_bert/experiments/Bird9_decoder_linear_decoder/train/113.npz
tweety_bert/experiments/Bird9_decoder_linear_decoder/train/91.npz
tweety_bert/experiments/Bird9_decoder_linear_decoder/train/226.npz
tweety_bert/experiments/Bird9_decoder_linear_decoder/train/28.npz
tweety_bert/experiments/Bird9_decoder_linear_decoder/train/301.npz
tweety_bert/experiments/Bird9_decoder_linear_decoder/train/323.npz
tweety_bert/experiments/Bird9_decoder_linear_decoder/train/349.npz
tweety_bert/experiments/Bird9_decoder_linear_decoder/train/159.npz
tweety_bert/experiments/Bird9_decoder_linear_decoder/train/249.npz
tweety_bert/experiments/Bird9_decoder_linear_decoder/train/237.npz
tweety_bert/experiments/Bird9_decoder_linear_decoder/train/56.npz
tweety_bert/experiments/Bird9_decoder_linear_decoder/train/219.npz
tweety_bert/experiments/Bird9_decoder_linear_decoder/train/260.npz
tweety_bert/experiments/Bird9_decoder_linear_decoder/train/319.npz
tweety_bert/experiments/Bird9_decoder_linear_decoder/train/55.npz
tweety_bert/experiments/Bird9_decoder_linear_decoder/train/197.npz
tweety_bert/experiments/Bird9_decoder_linear_decoder/train/116.npz
tweety_bert/experiments/Bird9_decoder_linear_decoder/train/384.npz
tweety_bert/experiments/Bird9_decoder_linear_decoder/train/15.npz
tweety_bert/experiments/Bird9_decoder_linear_decoder/train/274.npz
tweety_bert/experiments/Bird9_decoder_linear_decoder/train/29.npz
tweety_bert/experiments/Bird9_decoder_linear_decoder/train/196.npz
tweety_bert/experiments/Bird9_decoder_linear_decoder/train/104.npz
tweety_bert/experiments/Bird9_decoder_linear_decoder/train/109.npz
tweety_bert/experiments/Bird9_decoder_linear_decoder/train/277.npz
tweety_bert/experiments/Bird9_decoder_linear_decoder/train/192.npz
tweety_bert/experiments/Bird9_decoder_linear_decoder/train/9.npz
tweety_bert/experiments/Bird9_decoder_linear_decoder/train/370.npz
tweety_bert/experiments/Bird9_decoder_linear_decoder/train/373.npz
tweety_bert/experiments/Bird9_decoder_linear_decoder/train/31.npz
tweety_bert/experiments/Bird9_decoder_linear_decoder/train/279.npz
tweety_bert/experiments/Bird9_decoder_linear_decoder/train/327.npz
tweety_bert/experiments/Bird9_decoder_linear_decoder/train/105.npz
tweety_bert/experiments/Bird9_decoder_linear_decoder/train/188.npz
tweety_bert/experiments/Bird9_decoder_linear_decoder/train/350.npz
tweety_bert/experiments/Bird9_decoder_linear_decoder/train/307.npz
tweety_bert/experiments/Bird9_decoder_linear_decoder/train/362.npz
tweety_bert/experiments/Bird9_decoder_linear_decoder/train/85.npz
tweety_bert/experiments/Bird9_decoder_linear_decoder/train/144.npz
tweety_bert/experiments/Bird9_decoder_linear_decoder/train/168.npz
tweety_bert/experiments/Bird9_decoder_linear_decoder/train/110.npz
tweety_bert/experiments/Bird9_decoder_linear_decoder/train/26.npz
tweety_bert/experiments/Bird9_decoder_linear_decoder/train/369.npz
tweety_bert/experiments/Bird9_decoder_linear_decoder/train/129.npz
tweety_bert/experiments/Bird9_decoder_linear_decoder/train/266.npz
tweety_bert/experiments/Bird9_decoder_linear_decoder/train/288.npz
tweety_bert/experiments/Bird9_decoder_linear_decoder/train/6.npz
tweety_bert/experiments/Bird9_decoder_linear_decoder/train/117.npz
tweety_bert/experiments/Bird9_decoder_linear_decoder/train/5.npz
tweety_bert/experiments/Bird9_decoder_linear_decoder/train/329.npz
tweety_bert/experiments/Bird9_decoder_linear_decoder/train/60.npz
tweety_bert/experiments/Bird9_decoder_linear_decoder/train/242.npz
tweety_bert/experiments/Bird9_decoder_linear_decoder/train/44.npz
tweety_bert/experiments/Bird9_decoder_linear_decoder/train/318.npz
tweety_bert/experiments/Bird9_decoder_linear_decoder/train/7.npz
tweety_bert/experiments/Bird9_decoder_linear_decoder/train/216.npz
tweety_bert/experiments/Bird9_decoder_linear_decoder/train/382.npz
tweety_bert/experiments/Bird9_decoder_linear_decoder/train/248.npz
tweety_bert/experiments/Bird9_decoder_linear_decoder/train/306.npz
tweety_bert/experiments/Bird9_decoder_linear_decoder/train/262.npz
tweety_bert/experiments/Bird9_decoder_linear_decoder/train/363.npz
tweety_bert/experiments/Bird9_decoder_linear_decoder/train/261.npz
tweety_bert/experiments/Bird9_decoder_linear_decoder/train/19.npz
tweety_bert/experiments/Bird9_decoder_linear_decoder/train/8.npz
tweety_bert/experiments/Bird9_decoder_linear_decoder/train/14.npz
tweety_bert/experiments/Bird9_decoder_linear_decoder/train/142.npz
tweety_bert/experiments/Bird9_decoder_linear_decoder/train/125.npz
tweety_bert/experiments/Bird9_decoder_linear_decoder/train/114.npz
tweety_bert/experiments/Bird9_decoder_linear_decoder/train/127.npz
tweety_bert/experiments/Bird9_decoder_linear_decoder/train/334.npz
tweety_bert/experiments/Bird9_decoder_linear_decoder/train/258.npz
tweety_bert/experiments/Bird9_decoder_linear_decoder/train/102.npz
tweety_bert/experiments/Bird9_decoder_linear_decoder/train/241.npz
tweety_bert/experiments/Bird9_decoder_linear_decoder/train/147.npz
tweety_bert/experiments/Bird9_decoder_linear_decoder/train/325.npz
tweety_bert/experiments/Bird9_decoder_linear_decoder/train/230.npz
tweety_bert/experiments/Bird9_decoder_linear_decoder/train/315.npz
tweety_bert/experiments/Bird9_decoder_linear_decoder/train/254.npz
tweety_bert/experiments/Bird9_decoder_linear_decoder/train/221.npz
tweety_bert/experiments/Bird9_decoder_linear_decoder/train/176.npz
tweety_bert/experiments/Bird9_decoder_linear_decoder/train/270.npz
tweety_bert/experiments/Bird9_decoder_linear_decoder/train/267.npz
tweety_bert/experiments/Bird9_decoder_linear_decoder/train/225.npz
tweety_bert/experiments/Bird9_decoder_linear_decoder/train/205.npz
tweety_bert/experiments/Bird9_decoder_linear_decoder/train/346.npz
tweety_bert/experiments/Bird9_decoder_linear_decoder/train/215.npz
tweety_bert/experiments/Bird9_decoder_linear_decoder/train/123.npz
tweety_bert/experiments/Bird9_decoder_linear_decoder/train/43.npz
tweety_bert/experiments/Bird9_decoder_linear_decoder/train/131.npz
tweety_bert/experiments/Bird9_decoder_linear_decoder/train/140.npz
tweety_bert/experiments/Bird9_decoder_linear_decoder/train/240.npz
tweety_bert/experiments/Bird9_decoder_linear_decoder/train/290.npz
tweety_bert/experiments/Bird9_decoder_linear_decoder/train/356.npz
tweety_bert/experiments/Bird9_decoder_linear_decoder/train/135.npz
tweety_bert/experiments/Bird9_decoder_linear_decoder/train/121.npz
tweety_bert/experiments/Bird9_decoder_linear_decoder/train/238.npz
tweety_bert/experiments/Bird9_decoder_linear_decoder/train/231.npz
tweety_bert/experiments/Bird9_decoder_linear_decoder/train/336.npz
tweety_bert/experiments/Bird9_decoder_linear_decoder/train/311.npz
tweety_bert/experiments/Bird9_decoder_linear_decoder/train/68.npz
tweety_bert/experiments/Bird9_decoder_linear_decoder/train/183.npz
tweety_bert/experiments/Bird9_decoder_linear_decoder/train/239.npz
tweety_bert/experiments/Bird9_decoder_linear_decoder/train/138.npz
tweety_bert/experiments/Bird9_decoder_linear_decoder/train/383.npz
tweety_bert/experiments/Bird9_decoder_linear_decoder/train/25.npz
tweety_bert/experiments/Bird9_decoder_linear_decoder/train/158.npz
tweety_bert/experiments/Bird9_decoder_linear_decoder/train/331.npz
tweety_bert/experiments/Bird9_decoder_linear_decoder/train/97.npz
tweety_bert/experiments/Bird9_decoder_linear_decoder/train/0.npz
tweety_bert/experiments/Bird9_decoder_linear_decoder/train/184.npz
tweety_bert/experiments/Bird9_decoder_linear_decoder/train/246.npz
tweety_bert/experiments/Bird9_decoder_linear_decoder/train/62.npz
tweety_bert/experiments/Bird9_decoder_linear_decoder/train/16.npz
tweety_bert/experiments/Bird9_decoder_linear_decoder/train/40.npz
tweety_bert/experiments/Bird9_decoder_linear_decoder/train/333.npz
tweety_bert/experiments/Bird9_decoder_linear_decoder/train/178.npz
tweety_bert/experiments/Bird9_decoder_linear_decoder/train/45.npz
tweety_bert/experiments/Bird9_decoder_linear_decoder/train/145.npz
tweety_bert/experiments/Bird9_decoder_linear_decoder/train/280.npz
tweety_bert/experiments/Bird9_decoder_linear_decoder/train/165.npz
tweety_bert/experiments/Bird9_decoder_linear_decoder/train/252.npz
tweety_bert/experiments/Bird9_decoder_linear_decoder/train/381.npz
tweety_bert/experiments/Bird9_decoder_linear_decoder/train/37.npz
tweety_bert/experiments/Bird9_decoder_linear_decoder/train/224.npz
tweety_bert/experiments/Bird9_decoder_linear_decoder/train/128.npz
tweety_bert/experiments/Bird9_decoder_linear_decoder/train/11.npz
tweety_bert/experiments/Bird9_decoder_linear_decoder/train/180.npz
tweety_bert/experiments/Bird9_decoder_linear_decoder/decoder_state/
tweety_bert/experiments/Bird9_decoder_linear_decoder/decoder_state/decoder_config.json
tweety_bert/experiments/Bird9_decoder_linear_decoder/decoder_state/original_data.npz
tweety_bert/experiments/Bird9_decoder_linear_decoder/decoder_state/decoder_weights.pth
tweety_bert/experiments/Bird8_decoder_linear_decoder/
tweety_bert/experiments/Bird8_decoder_linear_decoder/test/
tweety_bert/experiments/Bird8_decoder_linear_decoder/test/23.npz
tweety_bert/experiments/Bird8_decoder_linear_decoder/test/38.npz
tweety_bert/experiments/Bird8_decoder_linear_decoder/test/18.npz
tweety_bert/experiments/Bird8_decoder_linear_decoder/test/46.npz
tweety_bert/experiments/Bird8_decoder_linear_decoder/test/51.npz
tweety_bert/experiments/Bird8_decoder_linear_decoder/test/12.npz
tweety_bert/experiments/Bird8_decoder_linear_decoder/test/50.npz
tweety_bert/experiments/Bird8_decoder_linear_decoder/test/42.npz
tweety_bert/experiments/Bird8_decoder_linear_decoder/test/33.npz
tweety_bert/experiments/Bird8_decoder_linear_decoder/test/54.npz
tweety_bert/experiments/Bird8_decoder_linear_decoder/test/20.npz
tweety_bert/experiments/Bird8_decoder_linear_decoder/test/4.npz
tweety_bert/experiments/Bird8_decoder_linear_decoder/test/13.npz
tweety_bert/experiments/Bird8_decoder_linear_decoder/test/41.npz
tweety_bert/experiments/Bird8_decoder_linear_decoder/test/21.npz
tweety_bert/experiments/Bird8_decoder_linear_decoder/test/36.npz
tweety_bert/experiments/Bird8_decoder_linear_decoder/test/32.npz
tweety_bert/experiments/Bird8_decoder_linear_decoder/test/52.npz
tweety_bert/experiments/Bird8_decoder_linear_decoder/test/49.npz
tweety_bert/experiments/Bird8_decoder_linear_decoder/test/39.npz
tweety_bert/experiments/Bird8_decoder_linear_decoder/test/53.npz
tweety_bert/experiments/Bird8_decoder_linear_decoder/test/30.npz
tweety_bert/experiments/Bird8_decoder_linear_decoder/test/10.npz
tweety_bert/experiments/Bird8_decoder_linear_decoder/test/3.npz
tweety_bert/experiments/Bird8_decoder_linear_decoder/test/34.npz
tweety_bert/experiments/Bird8_decoder_linear_decoder/test/22.npz
tweety_bert/experiments/Bird8_decoder_linear_decoder/test/48.npz
tweety_bert/experiments/Bird8_decoder_linear_decoder/test/24.npz
tweety_bert/experiments/Bird8_decoder_linear_decoder/test/47.npz
tweety_bert/experiments/Bird8_decoder_linear_decoder/test/35.npz
tweety_bert/experiments/Bird8_decoder_linear_decoder/test/17.npz
tweety_bert/experiments/Bird8_decoder_linear_decoder/test/2.npz
tweety_bert/experiments/Bird8_decoder_linear_decoder/test/1.npz
tweety_bert/experiments/Bird8_decoder_linear_decoder/test/27.npz
tweety_bert/experiments/Bird8_decoder_linear_decoder/test/28.npz
tweety_bert/experiments/Bird8_decoder_linear_decoder/test/56.npz
tweety_bert/experiments/Bird8_decoder_linear_decoder/test/55.npz
tweety_bert/experiments/Bird8_decoder_linear_decoder/test/15.npz
tweety_bert/experiments/Bird8_decoder_linear_decoder/test/29.npz
tweety_bert/experiments/Bird8_decoder_linear_decoder/test/9.npz
tweety_bert/experiments/Bird8_decoder_linear_decoder/test/31.npz
tweety_bert/experiments/Bird8_decoder_linear_decoder/test/26.npz
tweety_bert/experiments/Bird8_decoder_linear_decoder/test/6.npz
tweety_bert/experiments/Bird8_decoder_linear_decoder/test/5.npz
tweety_bert/experiments/Bird8_decoder_linear_decoder/test/44.npz
tweety_bert/experiments/Bird8_decoder_linear_decoder/test/7.npz
tweety_bert/experiments/Bird8_decoder_linear_decoder/test/19.npz
tweety_bert/experiments/Bird8_decoder_linear_decoder/test/8.npz
tweety_bert/experiments/Bird8_decoder_linear_decoder/test/14.npz
tweety_bert/experiments/Bird8_decoder_linear_decoder/test/43.npz
tweety_bert/experiments/Bird8_decoder_linear_decoder/test/25.npz
tweety_bert/experiments/Bird8_decoder_linear_decoder/test/0.npz
tweety_bert/experiments/Bird8_decoder_linear_decoder/test/16.npz
tweety_bert/experiments/Bird8_decoder_linear_decoder/test/40.npz
tweety_bert/experiments/Bird8_decoder_linear_decoder/test/45.npz
tweety_bert/experiments/Bird8_decoder_linear_decoder/test/37.npz
tweety_bert/experiments/Bird8_decoder_linear_decoder/test/11.npz
tweety_bert/experiments/Bird8_decoder_linear_decoder/train/
tweety_bert/experiments/Bird8_decoder_linear_decoder/train/23.npz
tweety_bert/experiments/Bird8_decoder_linear_decoder/train/38.npz
tweety_bert/experiments/Bird8_decoder_linear_decoder/train/130.npz
tweety_bert/experiments/Bird8_decoder_linear_decoder/train/157.npz
tweety_bert/experiments/Bird8_decoder_linear_decoder/train/209.npz
tweety_bert/experiments/Bird8_decoder_linear_decoder/train/106.npz
tweety_bert/experiments/Bird8_decoder_linear_decoder/train/213.npz
tweety_bert/experiments/Bird8_decoder_linear_decoder/train/126.npz
tweety_bert/experiments/Bird8_decoder_linear_decoder/train/137.npz
tweety_bert/experiments/Bird8_decoder_linear_decoder/train/69.npz
tweety_bert/experiments/Bird8_decoder_linear_decoder/train/207.npz
tweety_bert/experiments/Bird8_decoder_linear_decoder/train/136.npz
tweety_bert/experiments/Bird8_decoder_linear_decoder/train/18.npz
tweety_bert/experiments/Bird8_decoder_linear_decoder/train/98.npz
tweety_bert/experiments/Bird8_decoder_linear_decoder/train/175.npz
tweety_bert/experiments/Bird8_decoder_linear_decoder/train/46.npz
tweety_bert/experiments/Bird8_decoder_linear_decoder/train/150.npz
tweety_bert/experiments/Bird8_decoder_linear_decoder/train/51.npz
tweety_bert/experiments/Bird8_decoder_linear_decoder/train/99.npz
tweety_bert/experiments/Bird8_decoder_linear_decoder/train/199.npz
tweety_bert/experiments/Bird8_decoder_linear_decoder/train/65.npz
tweety_bert/experiments/Bird8_decoder_linear_decoder/train/12.npz
tweety_bert/experiments/Bird8_decoder_linear_decoder/train/133.npz
tweety_bert/experiments/Bird8_decoder_linear_decoder/train/222.npz
tweety_bert/experiments/Bird8_decoder_linear_decoder/train/190.npz
tweety_bert/experiments/Bird8_decoder_linear_decoder/train/198.npz
tweety_bert/experiments/Bird8_decoder_linear_decoder/train/141.npz
tweety_bert/experiments/Bird8_decoder_linear_decoder/train/101.npz
tweety_bert/experiments/Bird8_decoder_linear_decoder/train/193.npz
tweety_bert/experiments/Bird8_decoder_linear_decoder/train/58.npz
tweety_bert/experiments/Bird8_decoder_linear_decoder/train/132.npz
tweety_bert/experiments/Bird8_decoder_linear_decoder/train/169.npz
tweety_bert/experiments/Bird8_decoder_linear_decoder/train/64.npz
tweety_bert/experiments/Bird8_decoder_linear_decoder/train/59.npz
tweety_bert/experiments/Bird8_decoder_linear_decoder/train/88.npz
tweety_bert/experiments/Bird8_decoder_linear_decoder/train/70.npz
tweety_bert/experiments/Bird8_decoder_linear_decoder/train/50.npz
tweety_bert/experiments/Bird8_decoder_linear_decoder/train/118.npz
tweety_bert/experiments/Bird8_decoder_linear_decoder/train/96.npz
tweety_bert/experiments/Bird8_decoder_linear_decoder/train/181.npz
tweety_bert/experiments/Bird8_decoder_linear_decoder/train/42.npz
tweety_bert/experiments/Bird8_decoder_linear_decoder/train/100.npz
tweety_bert/experiments/Bird8_decoder_linear_decoder/train/33.npz
tweety_bert/experiments/Bird8_decoder_linear_decoder/train/185.npz
tweety_bert/experiments/Bird8_decoder_linear_decoder/train/54.npz
tweety_bert/experiments/Bird8_decoder_linear_decoder/train/171.npz
tweety_bert/experiments/Bird8_decoder_linear_decoder/train/170.npz
tweety_bert/experiments/Bird8_decoder_linear_decoder/train/20.npz
tweety_bert/experiments/Bird8_decoder_linear_decoder/train/4.npz
tweety_bert/experiments/Bird8_decoder_linear_decoder/train/179.npz
tweety_bert/experiments/Bird8_decoder_linear_decoder/train/204.npz
tweety_bert/experiments/Bird8_decoder_linear_decoder/train/174.npz
tweety_bert/experiments/Bird8_decoder_linear_decoder/train/13.npz
tweety_bert/experiments/Bird8_decoder_linear_decoder/train/89.npz
tweety_bert/experiments/Bird8_decoder_linear_decoder/train/186.npz
tweety_bert/experiments/Bird8_decoder_linear_decoder/train/95.npz
tweety_bert/experiments/Bird8_decoder_linear_decoder/train/167.npz
tweety_bert/experiments/Bird8_decoder_linear_decoder/train/90.npz
tweety_bert/experiments/Bird8_decoder_linear_decoder/train/41.npz
tweety_bert/experiments/Bird8_decoder_linear_decoder/train/93.npz
tweety_bert/experiments/Bird8_decoder_linear_decoder/train/223.npz
tweety_bert/experiments/Bird8_decoder_linear_decoder/train/81.npz
tweety_bert/experiments/Bird8_decoder_linear_decoder/train/182.npz
tweety_bert/experiments/Bird8_decoder_linear_decoder/train/166.npz
tweety_bert/experiments/Bird8_decoder_linear_decoder/train/92.npz
tweety_bert/experiments/Bird8_decoder_linear_decoder/train/21.npz
tweety_bert/experiments/Bird8_decoder_linear_decoder/train/122.npz
tweety_bert/experiments/Bird8_decoder_linear_decoder/train/36.npz
tweety_bert/experiments/Bird8_decoder_linear_decoder/train/32.npz
tweety_bert/experiments/Bird8_decoder_linear_decoder/train/153.npz
tweety_bert/experiments/Bird8_decoder_linear_decoder/train/73.npz
tweety_bert/experiments/Bird8_decoder_linear_decoder/train/52.npz
tweety_bert/experiments/Bird8_decoder_linear_decoder/train/177.npz
tweety_bert/experiments/Bird8_decoder_linear_decoder/train/49.npz
tweety_bert/experiments/Bird8_decoder_linear_decoder/train/84.npz
tweety_bert/experiments/Bird8_decoder_linear_decoder/train/202.npz
tweety_bert/experiments/Bird8_decoder_linear_decoder/train/211.npz
tweety_bert/experiments/Bird8_decoder_linear_decoder/train/39.npz
tweety_bert/experiments/Bird8_decoder_linear_decoder/train/78.npz
tweety_bert/experiments/Bird8_decoder_linear_decoder/train/80.npz
tweety_bert/experiments/Bird8_decoder_linear_decoder/train/53.npz
tweety_bert/experiments/Bird8_decoder_linear_decoder/train/146.npz
tweety_bert/experiments/Bird8_decoder_linear_decoder/train/83.npz
tweety_bert/experiments/Bird8_decoder_linear_decoder/train/72.npz
tweety_bert/experiments/Bird8_decoder_linear_decoder/train/63.npz
tweety_bert/experiments/Bird8_decoder_linear_decoder/train/139.npz
tweety_bert/experiments/Bird8_decoder_linear_decoder/train/76.npz
tweety_bert/experiments/Bird8_decoder_linear_decoder/train/206.npz
tweety_bert/experiments/Bird8_decoder_linear_decoder/train/173.npz
tweety_bert/experiments/Bird8_decoder_linear_decoder/train/189.npz
tweety_bert/experiments/Bird8_decoder_linear_decoder/train/154.npz
tweety_bert/experiments/Bird8_decoder_linear_decoder/train/149.npz
tweety_bert/experiments/Bird8_decoder_linear_decoder/train/210.npz
tweety_bert/experiments/Bird8_decoder_linear_decoder/train/77.npz
tweety_bert/experiments/Bird8_decoder_linear_decoder/train/119.npz
tweety_bert/experiments/Bird8_decoder_linear_decoder/train/143.npz
tweety_bert/experiments/Bird8_decoder_linear_decoder/train/195.npz
tweety_bert/experiments/Bird8_decoder_linear_decoder/train/111.npz
tweety_bert/experiments/Bird8_decoder_linear_decoder/train/152.npz
tweety_bert/experiments/Bird8_decoder_linear_decoder/train/164.npz
tweety_bert/experiments/Bird8_decoder_linear_decoder/train/82.npz
tweety_bert/experiments/Bird8_decoder_linear_decoder/train/30.npz
tweety_bert/experiments/Bird8_decoder_linear_decoder/train/156.npz
tweety_bert/experiments/Bird8_decoder_linear_decoder/train/10.npz
tweety_bert/experiments/Bird8_decoder_linear_decoder/train/107.npz
tweety_bert/experiments/Bird8_decoder_linear_decoder/train/124.npz
tweety_bert/experiments/Bird8_decoder_linear_decoder/train/161.npz
tweety_bert/experiments/Bird8_decoder_linear_decoder/train/220.npz
tweety_bert/experiments/Bird8_decoder_linear_decoder/train/112.npz
tweety_bert/experiments/Bird8_decoder_linear_decoder/train/57.npz
tweety_bert/experiments/Bird8_decoder_linear_decoder/train/120.npz
tweety_bert/experiments/Bird8_decoder_linear_decoder/train/75.npz
tweety_bert/experiments/Bird8_decoder_linear_decoder/train/212.npz
tweety_bert/experiments/Bird8_decoder_linear_decoder/train/3.npz
tweety_bert/experiments/Bird8_decoder_linear_decoder/train/34.npz
tweety_bert/experiments/Bird8_decoder_linear_decoder/train/218.npz
tweety_bert/experiments/Bird8_decoder_linear_decoder/train/22.npz
tweety_bert/experiments/Bird8_decoder_linear_decoder/train/148.npz
tweety_bert/experiments/Bird8_decoder_linear_decoder/train/134.npz
tweety_bert/experiments/Bird8_decoder_linear_decoder/train/214.npz
tweety_bert/experiments/Bird8_decoder_linear_decoder/train/66.npz
tweety_bert/experiments/Bird8_decoder_linear_decoder/train/103.npz
tweety_bert/experiments/Bird8_decoder_linear_decoder/train/108.npz
tweety_bert/experiments/Bird8_decoder_linear_decoder/train/74.npz
tweety_bert/experiments/Bird8_decoder_linear_decoder/train/71.npz
tweety_bert/experiments/Bird8_decoder_linear_decoder/train/48.npz
tweety_bert/experiments/Bird8_decoder_linear_decoder/train/24.npz
tweety_bert/experiments/Bird8_decoder_linear_decoder/train/151.npz
tweety_bert/experiments/Bird8_decoder_linear_decoder/train/67.npz
tweety_bert/experiments/Bird8_decoder_linear_decoder/train/155.npz
tweety_bert/experiments/Bird8_decoder_linear_decoder/train/86.npz
tweety_bert/experiments/Bird8_decoder_linear_decoder/train/187.npz
tweety_bert/experiments/Bird8_decoder_linear_decoder/train/201.npz
tweety_bert/experiments/Bird8_decoder_linear_decoder/train/47.npz
tweety_bert/experiments/Bird8_decoder_linear_decoder/train/200.npz
tweety_bert/experiments/Bird8_decoder_linear_decoder/train/217.npz
tweety_bert/experiments/Bird8_decoder_linear_decoder/train/35.npz
tweety_bert/experiments/Bird8_decoder_linear_decoder/train/172.npz
tweety_bert/experiments/Bird8_decoder_linear_decoder/train/94.npz
tweety_bert/experiments/Bird8_decoder_linear_decoder/train/17.npz
tweety_bert/experiments/Bird8_decoder_linear_decoder/train/79.npz
tweety_bert/experiments/Bird8_decoder_linear_decoder/train/203.npz
tweety_bert/experiments/Bird8_decoder_linear_decoder/train/208.npz
tweety_bert/experiments/Bird8_decoder_linear_decoder/train/194.npz
tweety_bert/experiments/Bird8_decoder_linear_decoder/train/162.npz
tweety_bert/experiments/Bird8_decoder_linear_decoder/train/163.npz
tweety_bert/experiments/Bird8_decoder_linear_decoder/train/87.npz
tweety_bert/experiments/Bird8_decoder_linear_decoder/train/61.npz
tweety_bert/experiments/Bird8_decoder_linear_decoder/train/2.npz
tweety_bert/experiments/Bird8_decoder_linear_decoder/train/1.npz
tweety_bert/experiments/Bird8_decoder_linear_decoder/train/115.npz
tweety_bert/experiments/Bird8_decoder_linear_decoder/train/160.npz
tweety_bert/experiments/Bird8_decoder_linear_decoder/train/191.npz
tweety_bert/experiments/Bird8_decoder_linear_decoder/train/27.npz
tweety_bert/experiments/Bird8_decoder_linear_decoder/train/113.npz
tweety_bert/experiments/Bird8_decoder_linear_decoder/train/91.npz
tweety_bert/experiments/Bird8_decoder_linear_decoder/train/28.npz
tweety_bert/experiments/Bird8_decoder_linear_decoder/train/159.npz
tweety_bert/experiments/Bird8_decoder_linear_decoder/train/56.npz
tweety_bert/experiments/Bird8_decoder_linear_decoder/train/219.npz
tweety_bert/experiments/Bird8_decoder_linear_decoder/train/55.npz
tweety_bert/experiments/Bird8_decoder_linear_decoder/train/197.npz
tweety_bert/experiments/Bird8_decoder_linear_decoder/train/116.npz
tweety_bert/experiments/Bird8_decoder_linear_decoder/train/15.npz
tweety_bert/experiments/Bird8_decoder_linear_decoder/train/29.npz
tweety_bert/experiments/Bird8_decoder_linear_decoder/train/196.npz
tweety_bert/experiments/Bird8_decoder_linear_decoder/train/104.npz
tweety_bert/experiments/Bird8_decoder_linear_decoder/train/109.npz
tweety_bert/experiments/Bird8_decoder_linear_decoder/train/192.npz
tweety_bert/experiments/Bird8_decoder_linear_decoder/train/9.npz
tweety_bert/experiments/Bird8_decoder_linear_decoder/train/31.npz
tweety_bert/experiments/Bird8_decoder_linear_decoder/train/105.npz
tweety_bert/experiments/Bird8_decoder_linear_decoder/train/188.npz
tweety_bert/experiments/Bird8_decoder_linear_decoder/train/85.npz
tweety_bert/experiments/Bird8_decoder_linear_decoder/train/144.npz
tweety_bert/experiments/Bird8_decoder_linear_decoder/train/168.npz
tweety_bert/experiments/Bird8_decoder_linear_decoder/train/110.npz
tweety_bert/experiments/Bird8_decoder_linear_decoder/train/26.npz
tweety_bert/experiments/Bird8_decoder_linear_decoder/train/129.npz
tweety_bert/experiments/Bird8_decoder_linear_decoder/train/6.npz
tweety_bert/experiments/Bird8_decoder_linear_decoder/train/117.npz
tweety_bert/experiments/Bird8_decoder_linear_decoder/train/5.npz
tweety_bert/experiments/Bird8_decoder_linear_decoder/train/60.npz
tweety_bert/experiments/Bird8_decoder_linear_decoder/train/44.npz
tweety_bert/experiments/Bird8_decoder_linear_decoder/train/7.npz
tweety_bert/experiments/Bird8_decoder_linear_decoder/train/216.npz
tweety_bert/experiments/Bird8_decoder_linear_decoder/train/19.npz
tweety_bert/experiments/Bird8_decoder_linear_decoder/train/8.npz
tweety_bert/experiments/Bird8_decoder_linear_decoder/train/14.npz
tweety_bert/experiments/Bird8_decoder_linear_decoder/train/142.npz
tweety_bert/experiments/Bird8_decoder_linear_decoder/train/125.npz
tweety_bert/experiments/Bird8_decoder_linear_decoder/train/114.npz
tweety_bert/experiments/Bird8_decoder_linear_decoder/train/127.npz
tweety_bert/experiments/Bird8_decoder_linear_decoder/train/102.npz
tweety_bert/experiments/Bird8_decoder_linear_decoder/train/147.npz
tweety_bert/experiments/Bird8_decoder_linear_decoder/train/221.npz
tweety_bert/experiments/Bird8_decoder_linear_decoder/train/176.npz
tweety_bert/experiments/Bird8_decoder_linear_decoder/train/205.npz
tweety_bert/experiments/Bird8_decoder_linear_decoder/train/215.npz
tweety_bert/experiments/Bird8_decoder_linear_decoder/train/123.npz
tweety_bert/experiments/Bird8_decoder_linear_decoder/train/43.npz
tweety_bert/experiments/Bird8_decoder_linear_decoder/train/131.npz
tweety_bert/experiments/Bird8_decoder_linear_decoder/train/140.npz
tweety_bert/experiments/Bird8_decoder_linear_decoder/train/135.npz
tweety_bert/experiments/Bird8_decoder_linear_decoder/train/121.npz
tweety_bert/experiments/Bird8_decoder_linear_decoder/train/68.npz
tweety_bert/experiments/Bird8_decoder_linear_decoder/train/183.npz
tweety_bert/experiments/Bird8_decoder_linear_decoder/train/138.npz
tweety_bert/experiments/Bird8_decoder_linear_decoder/train/25.npz
tweety_bert/experiments/Bird8_decoder_linear_decoder/train/158.npz
tweety_bert/experiments/Bird8_decoder_linear_decoder/train/97.npz
tweety_bert/experiments/Bird8_decoder_linear_decoder/train/0.npz
tweety_bert/experiments/Bird8_decoder_linear_decoder/train/184.npz
tweety_bert/experiments/Bird8_decoder_linear_decoder/train/62.npz
tweety_bert/experiments/Bird8_decoder_linear_decoder/train/16.npz
tweety_bert/experiments/Bird8_decoder_linear_decoder/train/40.npz
tweety_bert/experiments/Bird8_decoder_linear_decoder/train/178.npz
tweety_bert/experiments/Bird8_decoder_linear_decoder/train/45.npz
tweety_bert/experiments/Bird8_decoder_linear_decoder/train/145.npz
tweety_bert/experiments/Bird8_decoder_linear_decoder/train/165.npz
tweety_bert/experiments/Bird8_decoder_linear_decoder/train/37.npz
tweety_bert/experiments/Bird8_decoder_linear_decoder/train/128.npz
tweety_bert/experiments/Bird8_decoder_linear_decoder/train/11.npz
tweety_bert/experiments/Bird8_decoder_linear_decoder/train/180.npz
tweety_bert/experiments/Bird8_decoder_linear_decoder/decoder_state/
tweety_bert/experiments/Bird8_decoder_linear_decoder/decoder_state/decoder_config.json
tweety_bert/experiments/Bird8_decoder_linear_decoder/decoder_state/original_data.npz
tweety_bert/experiments/Bird8_decoder_linear_decoder/decoder_state/decoder_weights.pth
tweety_bert/experiments/Bird1_decoder_linear_decoder/
tweety_bert/experiments/Bird1_decoder_linear_decoder/test/
tweety_bert/experiments/Bird1_decoder_linear_decoder/test/23.npz
tweety_bert/experiments/Bird1_decoder_linear_decoder/test/38.npz
tweety_bert/experiments/Bird1_decoder_linear_decoder/test/69.npz
tweety_bert/experiments/Bird1_decoder_linear_decoder/test/18.npz
tweety_bert/experiments/Bird1_decoder_linear_decoder/test/98.npz
tweety_bert/experiments/Bird1_decoder_linear_decoder/test/46.npz
tweety_bert/experiments/Bird1_decoder_linear_decoder/test/51.npz
tweety_bert/experiments/Bird1_decoder_linear_decoder/test/99.npz
tweety_bert/experiments/Bird1_decoder_linear_decoder/test/65.npz
tweety_bert/experiments/Bird1_decoder_linear_decoder/test/12.npz
tweety_bert/experiments/Bird1_decoder_linear_decoder/test/101.npz
tweety_bert/experiments/Bird1_decoder_linear_decoder/test/58.npz
tweety_bert/experiments/Bird1_decoder_linear_decoder/test/64.npz
tweety_bert/experiments/Bird1_decoder_linear_decoder/test/59.npz
tweety_bert/experiments/Bird1_decoder_linear_decoder/test/88.npz
tweety_bert/experiments/Bird1_decoder_linear_decoder/test/70.npz
tweety_bert/experiments/Bird1_decoder_linear_decoder/test/50.npz
tweety_bert/experiments/Bird1_decoder_linear_decoder/test/96.npz
tweety_bert/experiments/Bird1_decoder_linear_decoder/test/42.npz
tweety_bert/experiments/Bird1_decoder_linear_decoder/test/100.npz
tweety_bert/experiments/Bird1_decoder_linear_decoder/test/33.npz
tweety_bert/experiments/Bird1_decoder_linear_decoder/test/54.npz
tweety_bert/experiments/Bird1_decoder_linear_decoder/test/20.npz
tweety_bert/experiments/Bird1_decoder_linear_decoder/test/4.npz
tweety_bert/experiments/Bird1_decoder_linear_decoder/test/13.npz
tweety_bert/experiments/Bird1_decoder_linear_decoder/test/89.npz
tweety_bert/experiments/Bird1_decoder_linear_decoder/test/95.npz
tweety_bert/experiments/Bird1_decoder_linear_decoder/test/90.npz
tweety_bert/experiments/Bird1_decoder_linear_decoder/test/41.npz
tweety_bert/experiments/Bird1_decoder_linear_decoder/test/93.npz
tweety_bert/experiments/Bird1_decoder_linear_decoder/test/81.npz
tweety_bert/experiments/Bird1_decoder_linear_decoder/test/92.npz
tweety_bert/experiments/Bird1_decoder_linear_decoder/test/21.npz
tweety_bert/experiments/Bird1_decoder_linear_decoder/test/36.npz
tweety_bert/experiments/Bird1_decoder_linear_decoder/test/32.npz
tweety_bert/experiments/Bird1_decoder_linear_decoder/test/73.npz
tweety_bert/experiments/Bird1_decoder_linear_decoder/test/52.npz
tweety_bert/experiments/Bird1_decoder_linear_decoder/test/49.npz
tweety_bert/experiments/Bird1_decoder_linear_decoder/test/84.npz
tweety_bert/experiments/Bird1_decoder_linear_decoder/test/39.npz
tweety_bert/experiments/Bird1_decoder_linear_decoder/test/78.npz
tweety_bert/experiments/Bird1_decoder_linear_decoder/test/80.npz
tweety_bert/experiments/Bird1_decoder_linear_decoder/test/53.npz
tweety_bert/experiments/Bird1_decoder_linear_decoder/test/83.npz
tweety_bert/experiments/Bird1_decoder_linear_decoder/test/72.npz
tweety_bert/experiments/Bird1_decoder_linear_decoder/test/63.npz
tweety_bert/experiments/Bird1_decoder_linear_decoder/test/76.npz
tweety_bert/experiments/Bird1_decoder_linear_decoder/test/77.npz
tweety_bert/experiments/Bird1_decoder_linear_decoder/test/82.npz
tweety_bert/experiments/Bird1_decoder_linear_decoder/test/30.npz
tweety_bert/experiments/Bird1_decoder_linear_decoder/test/10.npz
tweety_bert/experiments/Bird1_decoder_linear_decoder/test/57.npz
tweety_bert/experiments/Bird1_decoder_linear_decoder/test/75.npz
tweety_bert/experiments/Bird1_decoder_linear_decoder/test/3.npz
tweety_bert/experiments/Bird1_decoder_linear_decoder/test/34.npz
tweety_bert/experiments/Bird1_decoder_linear_decoder/test/22.npz
tweety_bert/experiments/Bird1_decoder_linear_decoder/test/66.npz
tweety_bert/experiments/Bird1_decoder_linear_decoder/test/74.npz
tweety_bert/experiments/Bird1_decoder_linear_decoder/test/71.npz
tweety_bert/experiments/Bird1_decoder_linear_decoder/test/48.npz
tweety_bert/experiments/Bird1_decoder_linear_decoder/test/24.npz
tweety_bert/experiments/Bird1_decoder_linear_decoder/test/67.npz
tweety_bert/experiments/Bird1_decoder_linear_decoder/test/86.npz
tweety_bert/experiments/Bird1_decoder_linear_decoder/test/47.npz
tweety_bert/experiments/Bird1_decoder_linear_decoder/test/35.npz
tweety_bert/experiments/Bird1_decoder_linear_decoder/test/94.npz
tweety_bert/experiments/Bird1_decoder_linear_decoder/test/17.npz
tweety_bert/experiments/Bird1_decoder_linear_decoder/test/79.npz
tweety_bert/experiments/Bird1_decoder_linear_decoder/test/87.npz
tweety_bert/experiments/Bird1_decoder_linear_decoder/test/61.npz
tweety_bert/experiments/Bird1_decoder_linear_decoder/test/2.npz
tweety_bert/experiments/Bird1_decoder_linear_decoder/test/1.npz
tweety_bert/experiments/Bird1_decoder_linear_decoder/test/27.npz
tweety_bert/experiments/Bird1_decoder_linear_decoder/test/91.npz
tweety_bert/experiments/Bird1_decoder_linear_decoder/test/28.npz
tweety_bert/experiments/Bird1_decoder_linear_decoder/test/56.npz
tweety_bert/experiments/Bird1_decoder_linear_decoder/test/55.npz
tweety_bert/experiments/Bird1_decoder_linear_decoder/test/15.npz
tweety_bert/experiments/Bird1_decoder_linear_decoder/test/29.npz
tweety_bert/experiments/Bird1_decoder_linear_decoder/test/9.npz
tweety_bert/experiments/Bird1_decoder_linear_decoder/test/31.npz
tweety_bert/experiments/Bird1_decoder_linear_decoder/test/85.npz
tweety_bert/experiments/Bird1_decoder_linear_decoder/test/26.npz
tweety_bert/experiments/Bird1_decoder_linear_decoder/test/6.npz
tweety_bert/experiments/Bird1_decoder_linear_decoder/test/5.npz
tweety_bert/experiments/Bird1_decoder_linear_decoder/test/60.npz
tweety_bert/experiments/Bird1_decoder_linear_decoder/test/44.npz
tweety_bert/experiments/Bird1_decoder_linear_decoder/test/7.npz
tweety_bert/experiments/Bird1_decoder_linear_decoder/test/19.npz
tweety_bert/experiments/Bird1_decoder_linear_decoder/test/8.npz
tweety_bert/experiments/Bird1_decoder_linear_decoder/test/14.npz
tweety_bert/experiments/Bird1_decoder_linear_decoder/test/43.npz
tweety_bert/experiments/Bird1_decoder_linear_decoder/test/68.npz
tweety_bert/experiments/Bird1_decoder_linear_decoder/test/25.npz
tweety_bert/experiments/Bird1_decoder_linear_decoder/test/97.npz
tweety_bert/experiments/Bird1_decoder_linear_decoder/test/0.npz
tweety_bert/experiments/Bird1_decoder_linear_decoder/test/62.npz
tweety_bert/experiments/Bird1_decoder_linear_decoder/test/16.npz
tweety_bert/experiments/Bird1_decoder_linear_decoder/test/40.npz
tweety_bert/experiments/Bird1_decoder_linear_decoder/test/45.npz
tweety_bert/experiments/Bird1_decoder_linear_decoder/test/37.npz
tweety_bert/experiments/Bird1_decoder_linear_decoder/test/11.npz
tweety_bert/experiments/Bird1_decoder_linear_decoder/train/
tweety_bert/experiments/Bird1_decoder_linear_decoder/train/23.npz
tweety_bert/experiments/Bird1_decoder_linear_decoder/train/251.npz
tweety_bert/experiments/Bird1_decoder_linear_decoder/train/293.npz
tweety_bert/experiments/Bird1_decoder_linear_decoder/train/38.npz
tweety_bert/experiments/Bird1_decoder_linear_decoder/train/130.npz
tweety_bert/experiments/Bird1_decoder_linear_decoder/train/378.npz
tweety_bert/experiments/Bird1_decoder_linear_decoder/train/157.npz
tweety_bert/experiments/Bird1_decoder_linear_decoder/train/209.npz
tweety_bert/experiments/Bird1_decoder_linear_decoder/train/106.npz
tweety_bert/experiments/Bird1_decoder_linear_decoder/train/213.npz
tweety_bert/experiments/Bird1_decoder_linear_decoder/train/126.npz
tweety_bert/experiments/Bird1_decoder_linear_decoder/train/137.npz
tweety_bert/experiments/Bird1_decoder_linear_decoder/train/276.npz
tweety_bert/experiments/Bird1_decoder_linear_decoder/train/317.npz
tweety_bert/experiments/Bird1_decoder_linear_decoder/train/69.npz
tweety_bert/experiments/Bird1_decoder_linear_decoder/train/271.npz
tweety_bert/experiments/Bird1_decoder_linear_decoder/train/207.npz
tweety_bert/experiments/Bird1_decoder_linear_decoder/train/340.npz
tweety_bert/experiments/Bird1_decoder_linear_decoder/train/136.npz
tweety_bert/experiments/Bird1_decoder_linear_decoder/train/18.npz
tweety_bert/experiments/Bird1_decoder_linear_decoder/train/98.npz
tweety_bert/experiments/Bird1_decoder_linear_decoder/train/175.npz
tweety_bert/experiments/Bird1_decoder_linear_decoder/train/46.npz
tweety_bert/experiments/Bird1_decoder_linear_decoder/train/263.npz
tweety_bert/experiments/Bird1_decoder_linear_decoder/train/229.npz
tweety_bert/experiments/Bird1_decoder_linear_decoder/train/150.npz
tweety_bert/experiments/Bird1_decoder_linear_decoder/train/51.npz
tweety_bert/experiments/Bird1_decoder_linear_decoder/train/99.npz
tweety_bert/experiments/Bird1_decoder_linear_decoder/train/283.npz
tweety_bert/experiments/Bird1_decoder_linear_decoder/train/199.npz
tweety_bert/experiments/Bird1_decoder_linear_decoder/train/367.npz
tweety_bert/experiments/Bird1_decoder_linear_decoder/train/65.npz
tweety_bert/experiments/Bird1_decoder_linear_decoder/train/374.npz
tweety_bert/experiments/Bird1_decoder_linear_decoder/train/12.npz
tweety_bert/experiments/Bird1_decoder_linear_decoder/train/133.npz
tweety_bert/experiments/Bird1_decoder_linear_decoder/train/376.npz
tweety_bert/experiments/Bird1_decoder_linear_decoder/train/222.npz
tweety_bert/experiments/Bird1_decoder_linear_decoder/train/190.npz
tweety_bert/experiments/Bird1_decoder_linear_decoder/train/309.npz
tweety_bert/experiments/Bird1_decoder_linear_decoder/train/341.npz
tweety_bert/experiments/Bird1_decoder_linear_decoder/train/198.npz
tweety_bert/experiments/Bird1_decoder_linear_decoder/train/141.npz
tweety_bert/experiments/Bird1_decoder_linear_decoder/train/101.npz
tweety_bert/experiments/Bird1_decoder_linear_decoder/train/321.npz
tweety_bert/experiments/Bird1_decoder_linear_decoder/train/193.npz
tweety_bert/experiments/Bird1_decoder_linear_decoder/train/58.npz
tweety_bert/experiments/Bird1_decoder_linear_decoder/train/295.npz
tweety_bert/experiments/Bird1_decoder_linear_decoder/train/132.npz
tweety_bert/experiments/Bird1_decoder_linear_decoder/train/169.npz
tweety_bert/experiments/Bird1_decoder_linear_decoder/train/64.npz
tweety_bert/experiments/Bird1_decoder_linear_decoder/train/59.npz
tweety_bert/experiments/Bird1_decoder_linear_decoder/train/88.npz
tweety_bert/experiments/Bird1_decoder_linear_decoder/train/360.npz
tweety_bert/experiments/Bird1_decoder_linear_decoder/train/326.npz
tweety_bert/experiments/Bird1_decoder_linear_decoder/train/343.npz
tweety_bert/experiments/Bird1_decoder_linear_decoder/train/380.npz
tweety_bert/experiments/Bird1_decoder_linear_decoder/train/275.npz
tweety_bert/experiments/Bird1_decoder_linear_decoder/train/70.npz
tweety_bert/experiments/Bird1_decoder_linear_decoder/train/50.npz
tweety_bert/experiments/Bird1_decoder_linear_decoder/train/118.npz
tweety_bert/experiments/Bird1_decoder_linear_decoder/train/96.npz
tweety_bert/experiments/Bird1_decoder_linear_decoder/train/339.npz
tweety_bert/experiments/Bird1_decoder_linear_decoder/train/392.npz
tweety_bert/experiments/Bird1_decoder_linear_decoder/train/181.npz
tweety_bert/experiments/Bird1_decoder_linear_decoder/train/292.npz
tweety_bert/experiments/Bird1_decoder_linear_decoder/train/371.npz
tweety_bert/experiments/Bird1_decoder_linear_decoder/train/255.npz
tweety_bert/experiments/Bird1_decoder_linear_decoder/train/305.npz
tweety_bert/experiments/Bird1_decoder_linear_decoder/train/42.npz
tweety_bert/experiments/Bird1_decoder_linear_decoder/train/303.npz
tweety_bert/experiments/Bird1_decoder_linear_decoder/train/100.npz
tweety_bert/experiments/Bird1_decoder_linear_decoder/train/33.npz
tweety_bert/experiments/Bird1_decoder_linear_decoder/train/185.npz
tweety_bert/experiments/Bird1_decoder_linear_decoder/train/54.npz
tweety_bert/experiments/Bird1_decoder_linear_decoder/train/171.npz
tweety_bert/experiments/Bird1_decoder_linear_decoder/train/170.npz
tweety_bert/experiments/Bird1_decoder_linear_decoder/train/385.npz
tweety_bert/experiments/Bird1_decoder_linear_decoder/train/291.npz
tweety_bert/experiments/Bird1_decoder_linear_decoder/train/20.npz
tweety_bert/experiments/Bird1_decoder_linear_decoder/train/4.npz
tweety_bert/experiments/Bird1_decoder_linear_decoder/train/179.npz
tweety_bert/experiments/Bird1_decoder_linear_decoder/train/247.npz
tweety_bert/experiments/Bird1_decoder_linear_decoder/train/204.npz
tweety_bert/experiments/Bird1_decoder_linear_decoder/train/174.npz
tweety_bert/experiments/Bird1_decoder_linear_decoder/train/390.npz
tweety_bert/experiments/Bird1_decoder_linear_decoder/train/338.npz
tweety_bert/experiments/Bird1_decoder_linear_decoder/train/287.npz
tweety_bert/experiments/Bird1_decoder_linear_decoder/train/344.npz
tweety_bert/experiments/Bird1_decoder_linear_decoder/train/13.npz
tweety_bert/experiments/Bird1_decoder_linear_decoder/train/89.npz
tweety_bert/experiments/Bird1_decoder_linear_decoder/train/233.npz
tweety_bert/experiments/Bird1_decoder_linear_decoder/train/335.npz
tweety_bert/experiments/Bird1_decoder_linear_decoder/train/300.npz
tweety_bert/experiments/Bird1_decoder_linear_decoder/train/186.npz
tweety_bert/experiments/Bird1_decoder_linear_decoder/train/95.npz
tweety_bert/experiments/Bird1_decoder_linear_decoder/train/167.npz
tweety_bert/experiments/Bird1_decoder_linear_decoder/train/90.npz
tweety_bert/experiments/Bird1_decoder_linear_decoder/train/232.npz
tweety_bert/experiments/Bird1_decoder_linear_decoder/train/41.npz
tweety_bert/experiments/Bird1_decoder_linear_decoder/train/93.npz
tweety_bert/experiments/Bird1_decoder_linear_decoder/train/223.npz
tweety_bert/experiments/Bird1_decoder_linear_decoder/train/328.npz
tweety_bert/experiments/Bird1_decoder_linear_decoder/train/81.npz
tweety_bert/experiments/Bird1_decoder_linear_decoder/train/337.npz
tweety_bert/experiments/Bird1_decoder_linear_decoder/train/272.npz
tweety_bert/experiments/Bird1_decoder_linear_decoder/train/182.npz
tweety_bert/experiments/Bird1_decoder_linear_decoder/train/166.npz
tweety_bert/experiments/Bird1_decoder_linear_decoder/train/330.npz
tweety_bert/experiments/Bird1_decoder_linear_decoder/train/92.npz
tweety_bert/experiments/Bird1_decoder_linear_decoder/train/281.npz
tweety_bert/experiments/Bird1_decoder_linear_decoder/train/21.npz
tweety_bert/experiments/Bird1_decoder_linear_decoder/train/388.npz
tweety_bert/experiments/Bird1_decoder_linear_decoder/train/122.npz
tweety_bert/experiments/Bird1_decoder_linear_decoder/train/36.npz
tweety_bert/experiments/Bird1_decoder_linear_decoder/train/345.npz
tweety_bert/experiments/Bird1_decoder_linear_decoder/train/32.npz
tweety_bert/experiments/Bird1_decoder_linear_decoder/train/153.npz
tweety_bert/experiments/Bird1_decoder_linear_decoder/train/73.npz
tweety_bert/experiments/Bird1_decoder_linear_decoder/train/52.npz
tweety_bert/experiments/Bird1_decoder_linear_decoder/train/347.npz
tweety_bert/experiments/Bird1_decoder_linear_decoder/train/320.npz
tweety_bert/experiments/Bird1_decoder_linear_decoder/train/404.npz
tweety_bert/experiments/Bird1_decoder_linear_decoder/train/177.npz
tweety_bert/experiments/Bird1_decoder_linear_decoder/train/49.npz
tweety_bert/experiments/Bird1_decoder_linear_decoder/train/84.npz
tweety_bert/experiments/Bird1_decoder_linear_decoder/train/202.npz
tweety_bert/experiments/Bird1_decoder_linear_decoder/train/211.npz
tweety_bert/experiments/Bird1_decoder_linear_decoder/train/235.npz
tweety_bert/experiments/Bird1_decoder_linear_decoder/train/39.npz
tweety_bert/experiments/Bird1_decoder_linear_decoder/train/302.npz
tweety_bert/experiments/Bird1_decoder_linear_decoder/train/78.npz
tweety_bert/experiments/Bird1_decoder_linear_decoder/train/285.npz
tweety_bert/experiments/Bird1_decoder_linear_decoder/train/297.npz
tweety_bert/experiments/Bird1_decoder_linear_decoder/train/80.npz
tweety_bert/experiments/Bird1_decoder_linear_decoder/train/53.npz
tweety_bert/experiments/Bird1_decoder_linear_decoder/train/284.npz
tweety_bert/experiments/Bird1_decoder_linear_decoder/train/146.npz
tweety_bert/experiments/Bird1_decoder_linear_decoder/train/342.npz
tweety_bert/experiments/Bird1_decoder_linear_decoder/train/405.npz
tweety_bert/experiments/Bird1_decoder_linear_decoder/train/83.npz
tweety_bert/experiments/Bird1_decoder_linear_decoder/train/72.npz
tweety_bert/experiments/Bird1_decoder_linear_decoder/train/286.npz
tweety_bert/experiments/Bird1_decoder_linear_decoder/train/355.npz
tweety_bert/experiments/Bird1_decoder_linear_decoder/train/63.npz
tweety_bert/experiments/Bird1_decoder_linear_decoder/train/375.npz
tweety_bert/experiments/Bird1_decoder_linear_decoder/train/139.npz
tweety_bert/experiments/Bird1_decoder_linear_decoder/train/76.npz
tweety_bert/experiments/Bird1_decoder_linear_decoder/train/206.npz
tweety_bert/experiments/Bird1_decoder_linear_decoder/train/264.npz
tweety_bert/experiments/Bird1_decoder_linear_decoder/train/316.npz
tweety_bert/experiments/Bird1_decoder_linear_decoder/train/282.npz
tweety_bert/experiments/Bird1_decoder_linear_decoder/train/244.npz
tweety_bert/experiments/Bird1_decoder_linear_decoder/train/289.npz
tweety_bert/experiments/Bird1_decoder_linear_decoder/train/348.npz
tweety_bert/experiments/Bird1_decoder_linear_decoder/train/173.npz
tweety_bert/experiments/Bird1_decoder_linear_decoder/train/296.npz
tweety_bert/experiments/Bird1_decoder_linear_decoder/train/312.npz
tweety_bert/experiments/Bird1_decoder_linear_decoder/train/189.npz
tweety_bert/experiments/Bird1_decoder_linear_decoder/train/154.npz
tweety_bert/experiments/Bird1_decoder_linear_decoder/train/149.npz
tweety_bert/experiments/Bird1_decoder_linear_decoder/train/387.npz
tweety_bert/experiments/Bird1_decoder_linear_decoder/train/227.npz
tweety_bert/experiments/Bird1_decoder_linear_decoder/train/210.npz
tweety_bert/experiments/Bird1_decoder_linear_decoder/train/379.npz
tweety_bert/experiments/Bird1_decoder_linear_decoder/train/77.npz
tweety_bert/experiments/Bird1_decoder_linear_decoder/train/351.npz
tweety_bert/experiments/Bird1_decoder_linear_decoder/train/119.npz
tweety_bert/experiments/Bird1_decoder_linear_decoder/train/143.npz
tweety_bert/experiments/Bird1_decoder_linear_decoder/train/195.npz
tweety_bert/experiments/Bird1_decoder_linear_decoder/train/111.npz
tweety_bert/experiments/Bird1_decoder_linear_decoder/train/234.npz
tweety_bert/experiments/Bird1_decoder_linear_decoder/train/377.npz
tweety_bert/experiments/Bird1_decoder_linear_decoder/train/152.npz
tweety_bert/experiments/Bird1_decoder_linear_decoder/train/164.npz
tweety_bert/experiments/Bird1_decoder_linear_decoder/train/82.npz
tweety_bert/experiments/Bird1_decoder_linear_decoder/train/313.npz
tweety_bert/experiments/Bird1_decoder_linear_decoder/train/253.npz
tweety_bert/experiments/Bird1_decoder_linear_decoder/train/30.npz
tweety_bert/experiments/Bird1_decoder_linear_decoder/train/156.npz
tweety_bert/experiments/Bird1_decoder_linear_decoder/train/10.npz
tweety_bert/experiments/Bird1_decoder_linear_decoder/train/107.npz
tweety_bert/experiments/Bird1_decoder_linear_decoder/train/124.npz
tweety_bert/experiments/Bird1_decoder_linear_decoder/train/161.npz
tweety_bert/experiments/Bird1_decoder_linear_decoder/train/220.npz
tweety_bert/experiments/Bird1_decoder_linear_decoder/train/353.npz
tweety_bert/experiments/Bird1_decoder_linear_decoder/train/314.npz
tweety_bert/experiments/Bird1_decoder_linear_decoder/train/112.npz
tweety_bert/experiments/Bird1_decoder_linear_decoder/train/368.npz
tweety_bert/experiments/Bird1_decoder_linear_decoder/train/57.npz
tweety_bert/experiments/Bird1_decoder_linear_decoder/train/236.npz
tweety_bert/experiments/Bird1_decoder_linear_decoder/train/120.npz
tweety_bert/experiments/Bird1_decoder_linear_decoder/train/75.npz
tweety_bert/experiments/Bird1_decoder_linear_decoder/train/372.npz
tweety_bert/experiments/Bird1_decoder_linear_decoder/train/357.npz
tweety_bert/experiments/Bird1_decoder_linear_decoder/train/212.npz
tweety_bert/experiments/Bird1_decoder_linear_decoder/train/250.npz
tweety_bert/experiments/Bird1_decoder_linear_decoder/train/3.npz
tweety_bert/experiments/Bird1_decoder_linear_decoder/train/34.npz
tweety_bert/experiments/Bird1_decoder_linear_decoder/train/245.npz
tweety_bert/experiments/Bird1_decoder_linear_decoder/train/299.npz
tweety_bert/experiments/Bird1_decoder_linear_decoder/train/361.npz
tweety_bert/experiments/Bird1_decoder_linear_decoder/train/358.npz
tweety_bert/experiments/Bird1_decoder_linear_decoder/train/218.npz
tweety_bert/experiments/Bird1_decoder_linear_decoder/train/308.npz
tweety_bert/experiments/Bird1_decoder_linear_decoder/train/294.npz
tweety_bert/experiments/Bird1_decoder_linear_decoder/train/22.npz
tweety_bert/experiments/Bird1_decoder_linear_decoder/train/148.npz
tweety_bert/experiments/Bird1_decoder_linear_decoder/train/265.npz
tweety_bert/experiments/Bird1_decoder_linear_decoder/train/134.npz
tweety_bert/experiments/Bird1_decoder_linear_decoder/train/214.npz
tweety_bert/experiments/Bird1_decoder_linear_decoder/train/324.npz
tweety_bert/experiments/Bird1_decoder_linear_decoder/train/298.npz
tweety_bert/experiments/Bird1_decoder_linear_decoder/train/386.npz
tweety_bert/experiments/Bird1_decoder_linear_decoder/train/66.npz
tweety_bert/experiments/Bird1_decoder_linear_decoder/train/103.npz
tweety_bert/experiments/Bird1_decoder_linear_decoder/train/108.npz
tweety_bert/experiments/Bird1_decoder_linear_decoder/train/243.npz
tweety_bert/experiments/Bird1_decoder_linear_decoder/train/74.npz
tweety_bert/experiments/Bird1_decoder_linear_decoder/train/256.npz
tweety_bert/experiments/Bird1_decoder_linear_decoder/train/354.npz
tweety_bert/experiments/Bird1_decoder_linear_decoder/train/71.npz
tweety_bert/experiments/Bird1_decoder_linear_decoder/train/366.npz
tweety_bert/experiments/Bird1_decoder_linear_decoder/train/310.npz
tweety_bert/experiments/Bird1_decoder_linear_decoder/train/393.npz
tweety_bert/experiments/Bird1_decoder_linear_decoder/train/268.npz
tweety_bert/experiments/Bird1_decoder_linear_decoder/train/48.npz
tweety_bert/experiments/Bird1_decoder_linear_decoder/train/364.npz
tweety_bert/experiments/Bird1_decoder_linear_decoder/train/259.npz
tweety_bert/experiments/Bird1_decoder_linear_decoder/train/24.npz
tweety_bert/experiments/Bird1_decoder_linear_decoder/train/151.npz
tweety_bert/experiments/Bird1_decoder_linear_decoder/train/67.npz
tweety_bert/experiments/Bird1_decoder_linear_decoder/train/155.npz
tweety_bert/experiments/Bird1_decoder_linear_decoder/train/86.npz
tweety_bert/experiments/Bird1_decoder_linear_decoder/train/187.npz
tweety_bert/experiments/Bird1_decoder_linear_decoder/train/201.npz
tweety_bert/experiments/Bird1_decoder_linear_decoder/train/47.npz
tweety_bert/experiments/Bird1_decoder_linear_decoder/train/200.npz
tweety_bert/experiments/Bird1_decoder_linear_decoder/train/217.npz
tweety_bert/experiments/Bird1_decoder_linear_decoder/train/35.npz
tweety_bert/experiments/Bird1_decoder_linear_decoder/train/172.npz
tweety_bert/experiments/Bird1_decoder_linear_decoder/train/322.npz
tweety_bert/experiments/Bird1_decoder_linear_decoder/train/94.npz
tweety_bert/experiments/Bird1_decoder_linear_decoder/train/406.npz
tweety_bert/experiments/Bird1_decoder_linear_decoder/train/17.npz
tweety_bert/experiments/Bird1_decoder_linear_decoder/train/79.npz
tweety_bert/experiments/Bird1_decoder_linear_decoder/train/365.npz
tweety_bert/experiments/Bird1_decoder_linear_decoder/train/203.npz
tweety_bert/experiments/Bird1_decoder_linear_decoder/train/208.npz
tweety_bert/experiments/Bird1_decoder_linear_decoder/train/269.npz
tweety_bert/experiments/Bird1_decoder_linear_decoder/train/278.npz
tweety_bert/experiments/Bird1_decoder_linear_decoder/train/194.npz
tweety_bert/experiments/Bird1_decoder_linear_decoder/train/352.npz
tweety_bert/experiments/Bird1_decoder_linear_decoder/train/162.npz
tweety_bert/experiments/Bird1_decoder_linear_decoder/train/163.npz
tweety_bert/experiments/Bird1_decoder_linear_decoder/train/87.npz
tweety_bert/experiments/Bird1_decoder_linear_decoder/train/61.npz
tweety_bert/experiments/Bird1_decoder_linear_decoder/train/2.npz
tweety_bert/experiments/Bird1_decoder_linear_decoder/train/304.npz
tweety_bert/experiments/Bird1_decoder_linear_decoder/train/1.npz
tweety_bert/experiments/Bird1_decoder_linear_decoder/train/228.npz
tweety_bert/experiments/Bird1_decoder_linear_decoder/train/389.npz
tweety_bert/experiments/Bird1_decoder_linear_decoder/train/115.npz
tweety_bert/experiments/Bird1_decoder_linear_decoder/train/332.npz
tweety_bert/experiments/Bird1_decoder_linear_decoder/train/160.npz
tweety_bert/experiments/Bird1_decoder_linear_decoder/train/273.npz
tweety_bert/experiments/Bird1_decoder_linear_decoder/train/257.npz
tweety_bert/experiments/Bird1_decoder_linear_decoder/train/359.npz
tweety_bert/experiments/Bird1_decoder_linear_decoder/train/191.npz
tweety_bert/experiments/Bird1_decoder_linear_decoder/train/27.npz
tweety_bert/experiments/Bird1_decoder_linear_decoder/train/113.npz
tweety_bert/experiments/Bird1_decoder_linear_decoder/train/395.npz
tweety_bert/experiments/Bird1_decoder_linear_decoder/train/396.npz
tweety_bert/experiments/Bird1_decoder_linear_decoder/train/91.npz
tweety_bert/experiments/Bird1_decoder_linear_decoder/train/226.npz
tweety_bert/experiments/Bird1_decoder_linear_decoder/train/28.npz
tweety_bert/experiments/Bird1_decoder_linear_decoder/train/301.npz
tweety_bert/experiments/Bird1_decoder_linear_decoder/train/323.npz
tweety_bert/experiments/Bird1_decoder_linear_decoder/train/349.npz
tweety_bert/experiments/Bird1_decoder_linear_decoder/train/399.npz
tweety_bert/experiments/Bird1_decoder_linear_decoder/train/159.npz
tweety_bert/experiments/Bird1_decoder_linear_decoder/train/400.npz
tweety_bert/experiments/Bird1_decoder_linear_decoder/train/249.npz
tweety_bert/experiments/Bird1_decoder_linear_decoder/train/237.npz
tweety_bert/experiments/Bird1_decoder_linear_decoder/train/56.npz
tweety_bert/experiments/Bird1_decoder_linear_decoder/train/219.npz
tweety_bert/experiments/Bird1_decoder_linear_decoder/train/260.npz
tweety_bert/experiments/Bird1_decoder_linear_decoder/train/319.npz
tweety_bert/experiments/Bird1_decoder_linear_decoder/train/55.npz
tweety_bert/experiments/Bird1_decoder_linear_decoder/train/197.npz
tweety_bert/experiments/Bird1_decoder_linear_decoder/train/116.npz
tweety_bert/experiments/Bird1_decoder_linear_decoder/train/384.npz
tweety_bert/experiments/Bird1_decoder_linear_decoder/train/15.npz
tweety_bert/experiments/Bird1_decoder_linear_decoder/train/274.npz
tweety_bert/experiments/Bird1_decoder_linear_decoder/train/29.npz
tweety_bert/experiments/Bird1_decoder_linear_decoder/train/196.npz
tweety_bert/experiments/Bird1_decoder_linear_decoder/train/104.npz
tweety_bert/experiments/Bird1_decoder_linear_decoder/train/109.npz
tweety_bert/experiments/Bird1_decoder_linear_decoder/train/277.npz
tweety_bert/experiments/Bird1_decoder_linear_decoder/train/192.npz
tweety_bert/experiments/Bird1_decoder_linear_decoder/train/9.npz
tweety_bert/experiments/Bird1_decoder_linear_decoder/train/370.npz
tweety_bert/experiments/Bird1_decoder_linear_decoder/train/373.npz
tweety_bert/experiments/Bird1_decoder_linear_decoder/train/31.npz
tweety_bert/experiments/Bird1_decoder_linear_decoder/train/279.npz
tweety_bert/experiments/Bird1_decoder_linear_decoder/train/327.npz
tweety_bert/experiments/Bird1_decoder_linear_decoder/train/105.npz
tweety_bert/experiments/Bird1_decoder_linear_decoder/train/188.npz
tweety_bert/experiments/Bird1_decoder_linear_decoder/train/402.npz
tweety_bert/experiments/Bird1_decoder_linear_decoder/train/350.npz
tweety_bert/experiments/Bird1_decoder_linear_decoder/train/307.npz
tweety_bert/experiments/Bird1_decoder_linear_decoder/train/362.npz
tweety_bert/experiments/Bird1_decoder_linear_decoder/train/85.npz
tweety_bert/experiments/Bird1_decoder_linear_decoder/train/144.npz
tweety_bert/experiments/Bird1_decoder_linear_decoder/train/168.npz
tweety_bert/experiments/Bird1_decoder_linear_decoder/train/398.npz
tweety_bert/experiments/Bird1_decoder_linear_decoder/train/110.npz
tweety_bert/experiments/Bird1_decoder_linear_decoder/train/26.npz
tweety_bert/experiments/Bird1_decoder_linear_decoder/train/369.npz
tweety_bert/experiments/Bird1_decoder_linear_decoder/train/129.npz
tweety_bert/experiments/Bird1_decoder_linear_decoder/train/266.npz
tweety_bert/experiments/Bird1_decoder_linear_decoder/train/288.npz
tweety_bert/experiments/Bird1_decoder_linear_decoder/train/6.npz
tweety_bert/experiments/Bird1_decoder_linear_decoder/train/397.npz
tweety_bert/experiments/Bird1_decoder_linear_decoder/train/117.npz
tweety_bert/experiments/Bird1_decoder_linear_decoder/train/5.npz
tweety_bert/experiments/Bird1_decoder_linear_decoder/train/329.npz
tweety_bert/experiments/Bird1_decoder_linear_decoder/train/60.npz
tweety_bert/experiments/Bird1_decoder_linear_decoder/train/242.npz
tweety_bert/experiments/Bird1_decoder_linear_decoder/train/44.npz
tweety_bert/experiments/Bird1_decoder_linear_decoder/train/318.npz
tweety_bert/experiments/Bird1_decoder_linear_decoder/train/7.npz
tweety_bert/experiments/Bird1_decoder_linear_decoder/train/216.npz
tweety_bert/experiments/Bird1_decoder_linear_decoder/train/382.npz
tweety_bert/experiments/Bird1_decoder_linear_decoder/train/248.npz
tweety_bert/experiments/Bird1_decoder_linear_decoder/train/306.npz
tweety_bert/experiments/Bird1_decoder_linear_decoder/train/262.npz
tweety_bert/experiments/Bird1_decoder_linear_decoder/train/363.npz
tweety_bert/experiments/Bird1_decoder_linear_decoder/train/261.npz
tweety_bert/experiments/Bird1_decoder_linear_decoder/train/19.npz
tweety_bert/experiments/Bird1_decoder_linear_decoder/train/8.npz
tweety_bert/experiments/Bird1_decoder_linear_decoder/train/14.npz
tweety_bert/experiments/Bird1_decoder_linear_decoder/train/142.npz
tweety_bert/experiments/Bird1_decoder_linear_decoder/train/125.npz
tweety_bert/experiments/Bird1_decoder_linear_decoder/train/403.npz
tweety_bert/experiments/Bird1_decoder_linear_decoder/train/401.npz
tweety_bert/experiments/Bird1_decoder_linear_decoder/train/114.npz
tweety_bert/experiments/Bird1_decoder_linear_decoder/train/127.npz
tweety_bert/experiments/Bird1_decoder_linear_decoder/train/334.npz
tweety_bert/experiments/Bird1_decoder_linear_decoder/train/258.npz
tweety_bert/experiments/Bird1_decoder_linear_decoder/train/102.npz
tweety_bert/experiments/Bird1_decoder_linear_decoder/train/241.npz
tweety_bert/experiments/Bird1_decoder_linear_decoder/train/147.npz
tweety_bert/experiments/Bird1_decoder_linear_decoder/train/325.npz
tweety_bert/experiments/Bird1_decoder_linear_decoder/train/230.npz
tweety_bert/experiments/Bird1_decoder_linear_decoder/train/315.npz
tweety_bert/experiments/Bird1_decoder_linear_decoder/train/254.npz
tweety_bert/experiments/Bird1_decoder_linear_decoder/train/221.npz
tweety_bert/experiments/Bird1_decoder_linear_decoder/train/391.npz
tweety_bert/experiments/Bird1_decoder_linear_decoder/train/176.npz
tweety_bert/experiments/Bird1_decoder_linear_decoder/train/270.npz
tweety_bert/experiments/Bird1_decoder_linear_decoder/train/267.npz
tweety_bert/experiments/Bird1_decoder_linear_decoder/train/225.npz
tweety_bert/experiments/Bird1_decoder_linear_decoder/train/205.npz
tweety_bert/experiments/Bird1_decoder_linear_decoder/train/346.npz
tweety_bert/experiments/Bird1_decoder_linear_decoder/train/215.npz
tweety_bert/experiments/Bird1_decoder_linear_decoder/train/123.npz
tweety_bert/experiments/Bird1_decoder_linear_decoder/train/43.npz
tweety_bert/experiments/Bird1_decoder_linear_decoder/train/131.npz
tweety_bert/experiments/Bird1_decoder_linear_decoder/train/140.npz
tweety_bert/experiments/Bird1_decoder_linear_decoder/train/240.npz
tweety_bert/experiments/Bird1_decoder_linear_decoder/train/290.npz
tweety_bert/experiments/Bird1_decoder_linear_decoder/train/356.npz
tweety_bert/experiments/Bird1_decoder_linear_decoder/train/135.npz
tweety_bert/experiments/Bird1_decoder_linear_decoder/train/121.npz
tweety_bert/experiments/Bird1_decoder_linear_decoder/train/238.npz
tweety_bert/experiments/Bird1_decoder_linear_decoder/train/231.npz
tweety_bert/experiments/Bird1_decoder_linear_decoder/train/336.npz
tweety_bert/experiments/Bird1_decoder_linear_decoder/train/311.npz
tweety_bert/experiments/Bird1_decoder_linear_decoder/train/68.npz
tweety_bert/experiments/Bird1_decoder_linear_decoder/train/183.npz
tweety_bert/experiments/Bird1_decoder_linear_decoder/train/239.npz
tweety_bert/experiments/Bird1_decoder_linear_decoder/train/138.npz
tweety_bert/experiments/Bird1_decoder_linear_decoder/train/383.npz
tweety_bert/experiments/Bird1_decoder_linear_decoder/train/25.npz
tweety_bert/experiments/Bird1_decoder_linear_decoder/train/158.npz
tweety_bert/experiments/Bird1_decoder_linear_decoder/train/331.npz
tweety_bert/experiments/Bird1_decoder_linear_decoder/train/97.npz
tweety_bert/experiments/Bird1_decoder_linear_decoder/train/0.npz
tweety_bert/experiments/Bird1_decoder_linear_decoder/train/184.npz
tweety_bert/experiments/Bird1_decoder_linear_decoder/train/246.npz
tweety_bert/experiments/Bird1_decoder_linear_decoder/train/62.npz
tweety_bert/experiments/Bird1_decoder_linear_decoder/train/16.npz
tweety_bert/experiments/Bird1_decoder_linear_decoder/train/40.npz
tweety_bert/experiments/Bird1_decoder_linear_decoder/train/394.npz
tweety_bert/experiments/Bird1_decoder_linear_decoder/train/333.npz
tweety_bert/experiments/Bird1_decoder_linear_decoder/train/178.npz
tweety_bert/experiments/Bird1_decoder_linear_decoder/train/45.npz
tweety_bert/experiments/Bird1_decoder_linear_decoder/train/145.npz
tweety_bert/experiments/Bird1_decoder_linear_decoder/train/280.npz
tweety_bert/experiments/Bird1_decoder_linear_decoder/train/165.npz
tweety_bert/experiments/Bird1_decoder_linear_decoder/train/252.npz
tweety_bert/experiments/Bird1_decoder_linear_decoder/train/381.npz
tweety_bert/experiments/Bird1_decoder_linear_decoder/train/37.npz
tweety_bert/experiments/Bird1_decoder_linear_decoder/train/224.npz
tweety_bert/experiments/Bird1_decoder_linear_decoder/train/128.npz
tweety_bert/experiments/Bird1_decoder_linear_decoder/train/11.npz
tweety_bert/experiments/Bird1_decoder_linear_decoder/train/180.npz
tweety_bert/experiments/Bird1_decoder_linear_decoder/decoder_state/
tweety_bert/experiments/Bird1_decoder_linear_decoder/decoder_state/decoder_config.json
tweety_bert/experiments/Bird1_decoder_linear_decoder/decoder_state/original_data.npz
tweety_bert/experiments/Bird1_decoder_linear_decoder/decoder_state/decoder_weights.pth
tweety_bert/experiments/Bird0_decoder_linear_decoder/
tweety_bert/experiments/Bird0_decoder_linear_decoder/test/
tweety_bert/experiments/Bird0_decoder_linear_decoder/test/23.npz
tweety_bert/experiments/Bird0_decoder_linear_decoder/test/38.npz
tweety_bert/experiments/Bird0_decoder_linear_decoder/test/69.npz
tweety_bert/experiments/Bird0_decoder_linear_decoder/test/18.npz
tweety_bert/experiments/Bird0_decoder_linear_decoder/test/46.npz
tweety_bert/experiments/Bird0_decoder_linear_decoder/test/51.npz
tweety_bert/experiments/Bird0_decoder_linear_decoder/test/65.npz
tweety_bert/experiments/Bird0_decoder_linear_decoder/test/12.npz
tweety_bert/experiments/Bird0_decoder_linear_decoder/test/58.npz
tweety_bert/experiments/Bird0_decoder_linear_decoder/test/64.npz
tweety_bert/experiments/Bird0_decoder_linear_decoder/test/59.npz
tweety_bert/experiments/Bird0_decoder_linear_decoder/test/70.npz
tweety_bert/experiments/Bird0_decoder_linear_decoder/test/50.npz
tweety_bert/experiments/Bird0_decoder_linear_decoder/test/42.npz
tweety_bert/experiments/Bird0_decoder_linear_decoder/test/33.npz
tweety_bert/experiments/Bird0_decoder_linear_decoder/test/54.npz
tweety_bert/experiments/Bird0_decoder_linear_decoder/test/20.npz
tweety_bert/experiments/Bird0_decoder_linear_decoder/test/4.npz
tweety_bert/experiments/Bird0_decoder_linear_decoder/test/13.npz
tweety_bert/experiments/Bird0_decoder_linear_decoder/test/41.npz
tweety_bert/experiments/Bird0_decoder_linear_decoder/test/21.npz
tweety_bert/experiments/Bird0_decoder_linear_decoder/test/36.npz
tweety_bert/experiments/Bird0_decoder_linear_decoder/test/32.npz
tweety_bert/experiments/Bird0_decoder_linear_decoder/test/73.npz
tweety_bert/experiments/Bird0_decoder_linear_decoder/test/52.npz
tweety_bert/experiments/Bird0_decoder_linear_decoder/test/49.npz
tweety_bert/experiments/Bird0_decoder_linear_decoder/test/39.npz
tweety_bert/experiments/Bird0_decoder_linear_decoder/test/53.npz
tweety_bert/experiments/Bird0_decoder_linear_decoder/test/72.npz
tweety_bert/experiments/Bird0_decoder_linear_decoder/test/63.npz
tweety_bert/experiments/Bird0_decoder_linear_decoder/test/30.npz
tweety_bert/experiments/Bird0_decoder_linear_decoder/test/10.npz
tweety_bert/experiments/Bird0_decoder_linear_decoder/test/57.npz
tweety_bert/experiments/Bird0_decoder_linear_decoder/test/75.npz
tweety_bert/experiments/Bird0_decoder_linear_decoder/test/3.npz
tweety_bert/experiments/Bird0_decoder_linear_decoder/test/34.npz
tweety_bert/experiments/Bird0_decoder_linear_decoder/test/22.npz
tweety_bert/experiments/Bird0_decoder_linear_decoder/test/66.npz
tweety_bert/experiments/Bird0_decoder_linear_decoder/test/74.npz
tweety_bert/experiments/Bird0_decoder_linear_decoder/test/71.npz
tweety_bert/experiments/Bird0_decoder_linear_decoder/test/48.npz
tweety_bert/experiments/Bird0_decoder_linear_decoder/test/24.npz
tweety_bert/experiments/Bird0_decoder_linear_decoder/test/67.npz
tweety_bert/experiments/Bird0_decoder_linear_decoder/test/47.npz
tweety_bert/experiments/Bird0_decoder_linear_decoder/test/35.npz
tweety_bert/experiments/Bird0_decoder_linear_decoder/test/17.npz
tweety_bert/experiments/Bird0_decoder_linear_decoder/test/61.npz
tweety_bert/experiments/Bird0_decoder_linear_decoder/test/2.npz
tweety_bert/experiments/Bird0_decoder_linear_decoder/test/1.npz
tweety_bert/experiments/Bird0_decoder_linear_decoder/test/27.npz
tweety_bert/experiments/Bird0_decoder_linear_decoder/test/28.npz
tweety_bert/experiments/Bird0_decoder_linear_decoder/test/56.npz
tweety_bert/experiments/Bird0_decoder_linear_decoder/test/55.npz
tweety_bert/experiments/Bird0_decoder_linear_decoder/test/15.npz
tweety_bert/experiments/Bird0_decoder_linear_decoder/test/29.npz
tweety_bert/experiments/Bird0_decoder_linear_decoder/test/9.npz
tweety_bert/experiments/Bird0_decoder_linear_decoder/test/31.npz
tweety_bert/experiments/Bird0_decoder_linear_decoder/test/26.npz
tweety_bert/experiments/Bird0_decoder_linear_decoder/test/6.npz
tweety_bert/experiments/Bird0_decoder_linear_decoder/test/5.npz
tweety_bert/experiments/Bird0_decoder_linear_decoder/test/60.npz
tweety_bert/experiments/Bird0_decoder_linear_decoder/test/44.npz
tweety_bert/experiments/Bird0_decoder_linear_decoder/test/7.npz
tweety_bert/experiments/Bird0_decoder_linear_decoder/test/19.npz
tweety_bert/experiments/Bird0_decoder_linear_decoder/test/8.npz
tweety_bert/experiments/Bird0_decoder_linear_decoder/test/14.npz
tweety_bert/experiments/Bird0_decoder_linear_decoder/test/43.npz
tweety_bert/experiments/Bird0_decoder_linear_decoder/test/68.npz
tweety_bert/experiments/Bird0_decoder_linear_decoder/test/25.npz
tweety_bert/experiments/Bird0_decoder_linear_decoder/test/0.npz
tweety_bert/experiments/Bird0_decoder_linear_decoder/test/62.npz
tweety_bert/experiments/Bird0_decoder_linear_decoder/test/16.npz
tweety_bert/experiments/Bird0_decoder_linear_decoder/test/40.npz
tweety_bert/experiments/Bird0_decoder_linear_decoder/test/45.npz
tweety_bert/experiments/Bird0_decoder_linear_decoder/test/37.npz
tweety_bert/experiments/Bird0_decoder_linear_decoder/test/11.npz
tweety_bert/experiments/Bird0_decoder_linear_decoder/train/
tweety_bert/experiments/Bird0_decoder_linear_decoder/train/23.npz
tweety_bert/experiments/Bird0_decoder_linear_decoder/train/251.npz
tweety_bert/experiments/Bird0_decoder_linear_decoder/train/293.npz
tweety_bert/experiments/Bird0_decoder_linear_decoder/train/38.npz
tweety_bert/experiments/Bird0_decoder_linear_decoder/train/130.npz
tweety_bert/experiments/Bird0_decoder_linear_decoder/train/157.npz
tweety_bert/experiments/Bird0_decoder_linear_decoder/train/209.npz
tweety_bert/experiments/Bird0_decoder_linear_decoder/train/106.npz
tweety_bert/experiments/Bird0_decoder_linear_decoder/train/213.npz
tweety_bert/experiments/Bird0_decoder_linear_decoder/train/126.npz
tweety_bert/experiments/Bird0_decoder_linear_decoder/train/137.npz
tweety_bert/experiments/Bird0_decoder_linear_decoder/train/276.npz
tweety_bert/experiments/Bird0_decoder_linear_decoder/train/69.npz
tweety_bert/experiments/Bird0_decoder_linear_decoder/train/271.npz
tweety_bert/experiments/Bird0_decoder_linear_decoder/train/207.npz
tweety_bert/experiments/Bird0_decoder_linear_decoder/train/136.npz
tweety_bert/experiments/Bird0_decoder_linear_decoder/train/18.npz
tweety_bert/experiments/Bird0_decoder_linear_decoder/train/98.npz
tweety_bert/experiments/Bird0_decoder_linear_decoder/train/175.npz
tweety_bert/experiments/Bird0_decoder_linear_decoder/train/46.npz
tweety_bert/experiments/Bird0_decoder_linear_decoder/train/263.npz
tweety_bert/experiments/Bird0_decoder_linear_decoder/train/229.npz
tweety_bert/experiments/Bird0_decoder_linear_decoder/train/150.npz
tweety_bert/experiments/Bird0_decoder_linear_decoder/train/51.npz
tweety_bert/experiments/Bird0_decoder_linear_decoder/train/99.npz
tweety_bert/experiments/Bird0_decoder_linear_decoder/train/283.npz
tweety_bert/experiments/Bird0_decoder_linear_decoder/train/199.npz
tweety_bert/experiments/Bird0_decoder_linear_decoder/train/65.npz
tweety_bert/experiments/Bird0_decoder_linear_decoder/train/12.npz
tweety_bert/experiments/Bird0_decoder_linear_decoder/train/133.npz
tweety_bert/experiments/Bird0_decoder_linear_decoder/train/222.npz
tweety_bert/experiments/Bird0_decoder_linear_decoder/train/190.npz
tweety_bert/experiments/Bird0_decoder_linear_decoder/train/198.npz
tweety_bert/experiments/Bird0_decoder_linear_decoder/train/141.npz
tweety_bert/experiments/Bird0_decoder_linear_decoder/train/101.npz
tweety_bert/experiments/Bird0_decoder_linear_decoder/train/193.npz
tweety_bert/experiments/Bird0_decoder_linear_decoder/train/58.npz
tweety_bert/experiments/Bird0_decoder_linear_decoder/train/295.npz
tweety_bert/experiments/Bird0_decoder_linear_decoder/train/132.npz
tweety_bert/experiments/Bird0_decoder_linear_decoder/train/169.npz
tweety_bert/experiments/Bird0_decoder_linear_decoder/train/64.npz
tweety_bert/experiments/Bird0_decoder_linear_decoder/train/59.npz
tweety_bert/experiments/Bird0_decoder_linear_decoder/train/88.npz
tweety_bert/experiments/Bird0_decoder_linear_decoder/train/275.npz
tweety_bert/experiments/Bird0_decoder_linear_decoder/train/70.npz
tweety_bert/experiments/Bird0_decoder_linear_decoder/train/50.npz
tweety_bert/experiments/Bird0_decoder_linear_decoder/train/118.npz
tweety_bert/experiments/Bird0_decoder_linear_decoder/train/96.npz
tweety_bert/experiments/Bird0_decoder_linear_decoder/train/181.npz
tweety_bert/experiments/Bird0_decoder_linear_decoder/train/292.npz
tweety_bert/experiments/Bird0_decoder_linear_decoder/train/255.npz
tweety_bert/experiments/Bird0_decoder_linear_decoder/train/42.npz
tweety_bert/experiments/Bird0_decoder_linear_decoder/train/100.npz
tweety_bert/experiments/Bird0_decoder_linear_decoder/train/33.npz
tweety_bert/experiments/Bird0_decoder_linear_decoder/train/185.npz
tweety_bert/experiments/Bird0_decoder_linear_decoder/train/54.npz
tweety_bert/experiments/Bird0_decoder_linear_decoder/train/171.npz
tweety_bert/experiments/Bird0_decoder_linear_decoder/train/170.npz
tweety_bert/experiments/Bird0_decoder_linear_decoder/train/291.npz
tweety_bert/experiments/Bird0_decoder_linear_decoder/train/20.npz
tweety_bert/experiments/Bird0_decoder_linear_decoder/train/4.npz
tweety_bert/experiments/Bird0_decoder_linear_decoder/train/179.npz
tweety_bert/experiments/Bird0_decoder_linear_decoder/train/247.npz
tweety_bert/experiments/Bird0_decoder_linear_decoder/train/204.npz
tweety_bert/experiments/Bird0_decoder_linear_decoder/train/174.npz
tweety_bert/experiments/Bird0_decoder_linear_decoder/train/287.npz
tweety_bert/experiments/Bird0_decoder_linear_decoder/train/13.npz
tweety_bert/experiments/Bird0_decoder_linear_decoder/train/89.npz
tweety_bert/experiments/Bird0_decoder_linear_decoder/train/233.npz
tweety_bert/experiments/Bird0_decoder_linear_decoder/train/300.npz
tweety_bert/experiments/Bird0_decoder_linear_decoder/train/186.npz
tweety_bert/experiments/Bird0_decoder_linear_decoder/train/95.npz
tweety_bert/experiments/Bird0_decoder_linear_decoder/train/167.npz
tweety_bert/experiments/Bird0_decoder_linear_decoder/train/90.npz
tweety_bert/experiments/Bird0_decoder_linear_decoder/train/232.npz
tweety_bert/experiments/Bird0_decoder_linear_decoder/train/41.npz
tweety_bert/experiments/Bird0_decoder_linear_decoder/train/93.npz
tweety_bert/experiments/Bird0_decoder_linear_decoder/train/223.npz
tweety_bert/experiments/Bird0_decoder_linear_decoder/train/81.npz
tweety_bert/experiments/Bird0_decoder_linear_decoder/train/272.npz
tweety_bert/experiments/Bird0_decoder_linear_decoder/train/182.npz
tweety_bert/experiments/Bird0_decoder_linear_decoder/train/166.npz
tweety_bert/experiments/Bird0_decoder_linear_decoder/train/92.npz
tweety_bert/experiments/Bird0_decoder_linear_decoder/train/281.npz
tweety_bert/experiments/Bird0_decoder_linear_decoder/train/21.npz
tweety_bert/experiments/Bird0_decoder_linear_decoder/train/122.npz
tweety_bert/experiments/Bird0_decoder_linear_decoder/train/36.npz
tweety_bert/experiments/Bird0_decoder_linear_decoder/train/32.npz
tweety_bert/experiments/Bird0_decoder_linear_decoder/train/153.npz
tweety_bert/experiments/Bird0_decoder_linear_decoder/train/73.npz
tweety_bert/experiments/Bird0_decoder_linear_decoder/train/52.npz
tweety_bert/experiments/Bird0_decoder_linear_decoder/train/177.npz
tweety_bert/experiments/Bird0_decoder_linear_decoder/train/49.npz
tweety_bert/experiments/Bird0_decoder_linear_decoder/train/84.npz
tweety_bert/experiments/Bird0_decoder_linear_decoder/train/202.npz
tweety_bert/experiments/Bird0_decoder_linear_decoder/train/211.npz
tweety_bert/experiments/Bird0_decoder_linear_decoder/train/235.npz
tweety_bert/experiments/Bird0_decoder_linear_decoder/train/39.npz
tweety_bert/experiments/Bird0_decoder_linear_decoder/train/78.npz
tweety_bert/experiments/Bird0_decoder_linear_decoder/train/285.npz
tweety_bert/experiments/Bird0_decoder_linear_decoder/train/297.npz
tweety_bert/experiments/Bird0_decoder_linear_decoder/train/80.npz
tweety_bert/experiments/Bird0_decoder_linear_decoder/train/53.npz
tweety_bert/experiments/Bird0_decoder_linear_decoder/train/284.npz
tweety_bert/experiments/Bird0_decoder_linear_decoder/train/146.npz
tweety_bert/experiments/Bird0_decoder_linear_decoder/train/83.npz
tweety_bert/experiments/Bird0_decoder_linear_decoder/train/72.npz
tweety_bert/experiments/Bird0_decoder_linear_decoder/train/286.npz
tweety_bert/experiments/Bird0_decoder_linear_decoder/train/63.npz
tweety_bert/experiments/Bird0_decoder_linear_decoder/train/139.npz
tweety_bert/experiments/Bird0_decoder_linear_decoder/train/76.npz
tweety_bert/experiments/Bird0_decoder_linear_decoder/train/206.npz
tweety_bert/experiments/Bird0_decoder_linear_decoder/train/264.npz
tweety_bert/experiments/Bird0_decoder_linear_decoder/train/282.npz
tweety_bert/experiments/Bird0_decoder_linear_decoder/train/244.npz
tweety_bert/experiments/Bird0_decoder_linear_decoder/train/289.npz
tweety_bert/experiments/Bird0_decoder_linear_decoder/train/173.npz
tweety_bert/experiments/Bird0_decoder_linear_decoder/train/296.npz
tweety_bert/experiments/Bird0_decoder_linear_decoder/train/189.npz
tweety_bert/experiments/Bird0_decoder_linear_decoder/train/154.npz
tweety_bert/experiments/Bird0_decoder_linear_decoder/train/149.npz
tweety_bert/experiments/Bird0_decoder_linear_decoder/train/227.npz
tweety_bert/experiments/Bird0_decoder_linear_decoder/train/210.npz
tweety_bert/experiments/Bird0_decoder_linear_decoder/train/77.npz
tweety_bert/experiments/Bird0_decoder_linear_decoder/train/119.npz
tweety_bert/experiments/Bird0_decoder_linear_decoder/train/143.npz
tweety_bert/experiments/Bird0_decoder_linear_decoder/train/195.npz
tweety_bert/experiments/Bird0_decoder_linear_decoder/train/111.npz
tweety_bert/experiments/Bird0_decoder_linear_decoder/train/234.npz
tweety_bert/experiments/Bird0_decoder_linear_decoder/train/152.npz
tweety_bert/experiments/Bird0_decoder_linear_decoder/train/164.npz
tweety_bert/experiments/Bird0_decoder_linear_decoder/train/82.npz
tweety_bert/experiments/Bird0_decoder_linear_decoder/train/253.npz
tweety_bert/experiments/Bird0_decoder_linear_decoder/train/30.npz
tweety_bert/experiments/Bird0_decoder_linear_decoder/train/156.npz
tweety_bert/experiments/Bird0_decoder_linear_decoder/train/10.npz
tweety_bert/experiments/Bird0_decoder_linear_decoder/train/107.npz
tweety_bert/experiments/Bird0_decoder_linear_decoder/train/124.npz
tweety_bert/experiments/Bird0_decoder_linear_decoder/train/161.npz
tweety_bert/experiments/Bird0_decoder_linear_decoder/train/220.npz
tweety_bert/experiments/Bird0_decoder_linear_decoder/train/112.npz
tweety_bert/experiments/Bird0_decoder_linear_decoder/train/57.npz
tweety_bert/experiments/Bird0_decoder_linear_decoder/train/236.npz
tweety_bert/experiments/Bird0_decoder_linear_decoder/train/120.npz
tweety_bert/experiments/Bird0_decoder_linear_decoder/train/75.npz
tweety_bert/experiments/Bird0_decoder_linear_decoder/train/212.npz
tweety_bert/experiments/Bird0_decoder_linear_decoder/train/250.npz
tweety_bert/experiments/Bird0_decoder_linear_decoder/train/3.npz
tweety_bert/experiments/Bird0_decoder_linear_decoder/train/34.npz
tweety_bert/experiments/Bird0_decoder_linear_decoder/train/245.npz
tweety_bert/experiments/Bird0_decoder_linear_decoder/train/299.npz
tweety_bert/experiments/Bird0_decoder_linear_decoder/train/218.npz
tweety_bert/experiments/Bird0_decoder_linear_decoder/train/294.npz
tweety_bert/experiments/Bird0_decoder_linear_decoder/train/22.npz
tweety_bert/experiments/Bird0_decoder_linear_decoder/train/148.npz
tweety_bert/experiments/Bird0_decoder_linear_decoder/train/265.npz
tweety_bert/experiments/Bird0_decoder_linear_decoder/train/134.npz
tweety_bert/experiments/Bird0_decoder_linear_decoder/train/214.npz
tweety_bert/experiments/Bird0_decoder_linear_decoder/train/298.npz
tweety_bert/experiments/Bird0_decoder_linear_decoder/train/66.npz
tweety_bert/experiments/Bird0_decoder_linear_decoder/train/103.npz
tweety_bert/experiments/Bird0_decoder_linear_decoder/train/108.npz
tweety_bert/experiments/Bird0_decoder_linear_decoder/train/243.npz
tweety_bert/experiments/Bird0_decoder_linear_decoder/train/74.npz
tweety_bert/experiments/Bird0_decoder_linear_decoder/train/256.npz
tweety_bert/experiments/Bird0_decoder_linear_decoder/train/71.npz
tweety_bert/experiments/Bird0_decoder_linear_decoder/train/268.npz
tweety_bert/experiments/Bird0_decoder_linear_decoder/train/48.npz
tweety_bert/experiments/Bird0_decoder_linear_decoder/train/259.npz
tweety_bert/experiments/Bird0_decoder_linear_decoder/train/24.npz
tweety_bert/experiments/Bird0_decoder_linear_decoder/train/151.npz
tweety_bert/experiments/Bird0_decoder_linear_decoder/train/67.npz
tweety_bert/experiments/Bird0_decoder_linear_decoder/train/155.npz
tweety_bert/experiments/Bird0_decoder_linear_decoder/train/86.npz
tweety_bert/experiments/Bird0_decoder_linear_decoder/train/187.npz
tweety_bert/experiments/Bird0_decoder_linear_decoder/train/201.npz
tweety_bert/experiments/Bird0_decoder_linear_decoder/train/47.npz
tweety_bert/experiments/Bird0_decoder_linear_decoder/train/200.npz
tweety_bert/experiments/Bird0_decoder_linear_decoder/train/217.npz
tweety_bert/experiments/Bird0_decoder_linear_decoder/train/35.npz
tweety_bert/experiments/Bird0_decoder_linear_decoder/train/172.npz
tweety_bert/experiments/Bird0_decoder_linear_decoder/train/94.npz
tweety_bert/experiments/Bird0_decoder_linear_decoder/train/17.npz
tweety_bert/experiments/Bird0_decoder_linear_decoder/train/79.npz
tweety_bert/experiments/Bird0_decoder_linear_decoder/train/203.npz
tweety_bert/experiments/Bird0_decoder_linear_decoder/train/208.npz
tweety_bert/experiments/Bird0_decoder_linear_decoder/train/269.npz
tweety_bert/experiments/Bird0_decoder_linear_decoder/train/278.npz
tweety_bert/experiments/Bird0_decoder_linear_decoder/train/194.npz
tweety_bert/experiments/Bird0_decoder_linear_decoder/train/162.npz
tweety_bert/experiments/Bird0_decoder_linear_decoder/train/163.npz
tweety_bert/experiments/Bird0_decoder_linear_decoder/train/87.npz
tweety_bert/experiments/Bird0_decoder_linear_decoder/train/61.npz
tweety_bert/experiments/Bird0_decoder_linear_decoder/train/2.npz
tweety_bert/experiments/Bird0_decoder_linear_decoder/train/1.npz
tweety_bert/experiments/Bird0_decoder_linear_decoder/train/228.npz
tweety_bert/experiments/Bird0_decoder_linear_decoder/train/115.npz
tweety_bert/experiments/Bird0_decoder_linear_decoder/train/160.npz
tweety_bert/experiments/Bird0_decoder_linear_decoder/train/273.npz
tweety_bert/experiments/Bird0_decoder_linear_decoder/train/257.npz
tweety_bert/experiments/Bird0_decoder_linear_decoder/train/191.npz
tweety_bert/experiments/Bird0_decoder_linear_decoder/train/27.npz
tweety_bert/experiments/Bird0_decoder_linear_decoder/train/113.npz
tweety_bert/experiments/Bird0_decoder_linear_decoder/train/91.npz
tweety_bert/experiments/Bird0_decoder_linear_decoder/train/226.npz
tweety_bert/experiments/Bird0_decoder_linear_decoder/train/28.npz
tweety_bert/experiments/Bird0_decoder_linear_decoder/train/159.npz
tweety_bert/experiments/Bird0_decoder_linear_decoder/train/249.npz
tweety_bert/experiments/Bird0_decoder_linear_decoder/train/237.npz
tweety_bert/experiments/Bird0_decoder_linear_decoder/train/56.npz
tweety_bert/experiments/Bird0_decoder_linear_decoder/train/219.npz
tweety_bert/experiments/Bird0_decoder_linear_decoder/train/260.npz
tweety_bert/experiments/Bird0_decoder_linear_decoder/train/55.npz
tweety_bert/experiments/Bird0_decoder_linear_decoder/train/197.npz
tweety_bert/experiments/Bird0_decoder_linear_decoder/train/116.npz
tweety_bert/experiments/Bird0_decoder_linear_decoder/train/15.npz
tweety_bert/experiments/Bird0_decoder_linear_decoder/train/274.npz
tweety_bert/experiments/Bird0_decoder_linear_decoder/train/29.npz
tweety_bert/experiments/Bird0_decoder_linear_decoder/train/196.npz
tweety_bert/experiments/Bird0_decoder_linear_decoder/train/104.npz
tweety_bert/experiments/Bird0_decoder_linear_decoder/train/109.npz
tweety_bert/experiments/Bird0_decoder_linear_decoder/train/277.npz
tweety_bert/experiments/Bird0_decoder_linear_decoder/train/192.npz
tweety_bert/experiments/Bird0_decoder_linear_decoder/train/9.npz
tweety_bert/experiments/Bird0_decoder_linear_decoder/train/31.npz
tweety_bert/experiments/Bird0_decoder_linear_decoder/train/279.npz
tweety_bert/experiments/Bird0_decoder_linear_decoder/train/105.npz
tweety_bert/experiments/Bird0_decoder_linear_decoder/train/188.npz
tweety_bert/experiments/Bird0_decoder_linear_decoder/train/85.npz
tweety_bert/experiments/Bird0_decoder_linear_decoder/train/144.npz
tweety_bert/experiments/Bird0_decoder_linear_decoder/train/168.npz
tweety_bert/experiments/Bird0_decoder_linear_decoder/train/110.npz
tweety_bert/experiments/Bird0_decoder_linear_decoder/train/26.npz
tweety_bert/experiments/Bird0_decoder_linear_decoder/train/129.npz
tweety_bert/experiments/Bird0_decoder_linear_decoder/train/266.npz
tweety_bert/experiments/Bird0_decoder_linear_decoder/train/288.npz
tweety_bert/experiments/Bird0_decoder_linear_decoder/train/6.npz
tweety_bert/experiments/Bird0_decoder_linear_decoder/train/117.npz
tweety_bert/experiments/Bird0_decoder_linear_decoder/train/5.npz
tweety_bert/experiments/Bird0_decoder_linear_decoder/train/60.npz
tweety_bert/experiments/Bird0_decoder_linear_decoder/train/242.npz
tweety_bert/experiments/Bird0_decoder_linear_decoder/train/44.npz
tweety_bert/experiments/Bird0_decoder_linear_decoder/train/7.npz
tweety_bert/experiments/Bird0_decoder_linear_decoder/train/216.npz
tweety_bert/experiments/Bird0_decoder_linear_decoder/train/248.npz
tweety_bert/experiments/Bird0_decoder_linear_decoder/train/262.npz
tweety_bert/experiments/Bird0_decoder_linear_decoder/train/261.npz
tweety_bert/experiments/Bird0_decoder_linear_decoder/train/19.npz
tweety_bert/experiments/Bird0_decoder_linear_decoder/train/8.npz
tweety_bert/experiments/Bird0_decoder_linear_decoder/train/14.npz
tweety_bert/experiments/Bird0_decoder_linear_decoder/train/142.npz
tweety_bert/experiments/Bird0_decoder_linear_decoder/train/125.npz
tweety_bert/experiments/Bird0_decoder_linear_decoder/train/114.npz
tweety_bert/experiments/Bird0_decoder_linear_decoder/train/127.npz
tweety_bert/experiments/Bird0_decoder_linear_decoder/train/258.npz
tweety_bert/experiments/Bird0_decoder_linear_decoder/train/102.npz
tweety_bert/experiments/Bird0_decoder_linear_decoder/train/241.npz
tweety_bert/experiments/Bird0_decoder_linear_decoder/train/147.npz
tweety_bert/experiments/Bird0_decoder_linear_decoder/train/230.npz
tweety_bert/experiments/Bird0_decoder_linear_decoder/train/254.npz
tweety_bert/experiments/Bird0_decoder_linear_decoder/train/221.npz
tweety_bert/experiments/Bird0_decoder_linear_decoder/train/176.npz
tweety_bert/experiments/Bird0_decoder_linear_decoder/train/270.npz
tweety_bert/experiments/Bird0_decoder_linear_decoder/train/267.npz
tweety_bert/experiments/Bird0_decoder_linear_decoder/train/225.npz
tweety_bert/experiments/Bird0_decoder_linear_decoder/train/205.npz
tweety_bert/experiments/Bird0_decoder_linear_decoder/train/215.npz
tweety_bert/experiments/Bird0_decoder_linear_decoder/train/123.npz
tweety_bert/experiments/Bird0_decoder_linear_decoder/train/43.npz
tweety_bert/experiments/Bird0_decoder_linear_decoder/train/131.npz
tweety_bert/experiments/Bird0_decoder_linear_decoder/train/140.npz
tweety_bert/experiments/Bird0_decoder_linear_decoder/train/240.npz
tweety_bert/experiments/Bird0_decoder_linear_decoder/train/290.npz
tweety_bert/experiments/Bird0_decoder_linear_decoder/train/135.npz
tweety_bert/experiments/Bird0_decoder_linear_decoder/train/121.npz
tweety_bert/experiments/Bird0_decoder_linear_decoder/train/238.npz
tweety_bert/experiments/Bird0_decoder_linear_decoder/train/231.npz
tweety_bert/experiments/Bird0_decoder_linear_decoder/train/68.npz
tweety_bert/experiments/Bird0_decoder_linear_decoder/train/183.npz
tweety_bert/experiments/Bird0_decoder_linear_decoder/train/239.npz
tweety_bert/experiments/Bird0_decoder_linear_decoder/train/138.npz
tweety_bert/experiments/Bird0_decoder_linear_decoder/train/25.npz
tweety_bert/experiments/Bird0_decoder_linear_decoder/train/158.npz
tweety_bert/experiments/Bird0_decoder_linear_decoder/train/97.npz
tweety_bert/experiments/Bird0_decoder_linear_decoder/train/0.npz
tweety_bert/experiments/Bird0_decoder_linear_decoder/train/184.npz
tweety_bert/experiments/Bird0_decoder_linear_decoder/train/246.npz
tweety_bert/experiments/Bird0_decoder_linear_decoder/train/62.npz
tweety_bert/experiments/Bird0_decoder_linear_decoder/train/16.npz
tweety_bert/experiments/Bird0_decoder_linear_decoder/train/40.npz
tweety_bert/experiments/Bird0_decoder_linear_decoder/train/178.npz
tweety_bert/experiments/Bird0_decoder_linear_decoder/train/45.npz
tweety_bert/experiments/Bird0_decoder_linear_decoder/train/145.npz
tweety_bert/experiments/Bird0_decoder_linear_decoder/train/280.npz
tweety_bert/experiments/Bird0_decoder_linear_decoder/train/165.npz
tweety_bert/experiments/Bird0_decoder_linear_decoder/train/252.npz
tweety_bert/experiments/Bird0_decoder_linear_decoder/train/37.npz
tweety_bert/experiments/Bird0_decoder_linear_decoder/train/224.npz
tweety_bert/experiments/Bird0_decoder_linear_decoder/train/128.npz
tweety_bert/experiments/Bird0_decoder_linear_decoder/train/11.npz
tweety_bert/experiments/Bird0_decoder_linear_decoder/train/180.npz
tweety_bert/experiments/Bird0_decoder_linear_decoder/decoder_state/
tweety_bert/experiments/Bird0_decoder_linear_decoder/decoder_state/decoder_config.json
tweety_bert/experiments/Bird0_decoder_linear_decoder/decoder_state/original_data.npz
tweety_bert/experiments/Bird0_decoder_linear_decoder/decoder_state/decoder_weights.pth
tweety_bert/experiments/Bird2_decoder_linear_decoder/
tweety_bert/experiments/Bird2_decoder_linear_decoder/test/
tweety_bert/experiments/Bird2_decoder_linear_decoder/test/23.npz
tweety_bert/experiments/Bird2_decoder_linear_decoder/test/38.npz
tweety_bert/experiments/Bird2_decoder_linear_decoder/test/69.npz
tweety_bert/experiments/Bird2_decoder_linear_decoder/test/18.npz
tweety_bert/experiments/Bird2_decoder_linear_decoder/test/46.npz
tweety_bert/experiments/Bird2_decoder_linear_decoder/test/51.npz
tweety_bert/experiments/Bird2_decoder_linear_decoder/test/65.npz
tweety_bert/experiments/Bird2_decoder_linear_decoder/test/12.npz
tweety_bert/experiments/Bird2_decoder_linear_decoder/test/58.npz
tweety_bert/experiments/Bird2_decoder_linear_decoder/test/64.npz
tweety_bert/experiments/Bird2_decoder_linear_decoder/test/59.npz
tweety_bert/experiments/Bird2_decoder_linear_decoder/test/88.npz
tweety_bert/experiments/Bird2_decoder_linear_decoder/test/70.npz
tweety_bert/experiments/Bird2_decoder_linear_decoder/test/50.npz
tweety_bert/experiments/Bird2_decoder_linear_decoder/test/42.npz
tweety_bert/experiments/Bird2_decoder_linear_decoder/test/33.npz
tweety_bert/experiments/Bird2_decoder_linear_decoder/test/54.npz
tweety_bert/experiments/Bird2_decoder_linear_decoder/test/20.npz
tweety_bert/experiments/Bird2_decoder_linear_decoder/test/4.npz
tweety_bert/experiments/Bird2_decoder_linear_decoder/test/13.npz
tweety_bert/experiments/Bird2_decoder_linear_decoder/test/89.npz
tweety_bert/experiments/Bird2_decoder_linear_decoder/test/90.npz
tweety_bert/experiments/Bird2_decoder_linear_decoder/test/41.npz
tweety_bert/experiments/Bird2_decoder_linear_decoder/test/93.npz
tweety_bert/experiments/Bird2_decoder_linear_decoder/test/81.npz
tweety_bert/experiments/Bird2_decoder_linear_decoder/test/92.npz
tweety_bert/experiments/Bird2_decoder_linear_decoder/test/21.npz
tweety_bert/experiments/Bird2_decoder_linear_decoder/test/36.npz
tweety_bert/experiments/Bird2_decoder_linear_decoder/test/32.npz
tweety_bert/experiments/Bird2_decoder_linear_decoder/test/73.npz
tweety_bert/experiments/Bird2_decoder_linear_decoder/test/52.npz
tweety_bert/experiments/Bird2_decoder_linear_decoder/test/49.npz
tweety_bert/experiments/Bird2_decoder_linear_decoder/test/84.npz
tweety_bert/experiments/Bird2_decoder_linear_decoder/test/39.npz
tweety_bert/experiments/Bird2_decoder_linear_decoder/test/78.npz
tweety_bert/experiments/Bird2_decoder_linear_decoder/test/80.npz
tweety_bert/experiments/Bird2_decoder_linear_decoder/test/53.npz
tweety_bert/experiments/Bird2_decoder_linear_decoder/test/83.npz
tweety_bert/experiments/Bird2_decoder_linear_decoder/test/72.npz
tweety_bert/experiments/Bird2_decoder_linear_decoder/test/63.npz
tweety_bert/experiments/Bird2_decoder_linear_decoder/test/76.npz
tweety_bert/experiments/Bird2_decoder_linear_decoder/test/77.npz
tweety_bert/experiments/Bird2_decoder_linear_decoder/test/82.npz
tweety_bert/experiments/Bird2_decoder_linear_decoder/test/30.npz
tweety_bert/experiments/Bird2_decoder_linear_decoder/test/10.npz
tweety_bert/experiments/Bird2_decoder_linear_decoder/test/57.npz
tweety_bert/experiments/Bird2_decoder_linear_decoder/test/75.npz
tweety_bert/experiments/Bird2_decoder_linear_decoder/test/3.npz
tweety_bert/experiments/Bird2_decoder_linear_decoder/test/34.npz
tweety_bert/experiments/Bird2_decoder_linear_decoder/test/22.npz
tweety_bert/experiments/Bird2_decoder_linear_decoder/test/66.npz
tweety_bert/experiments/Bird2_decoder_linear_decoder/test/74.npz
tweety_bert/experiments/Bird2_decoder_linear_decoder/test/71.npz
tweety_bert/experiments/Bird2_decoder_linear_decoder/test/48.npz
tweety_bert/experiments/Bird2_decoder_linear_decoder/test/24.npz
tweety_bert/experiments/Bird2_decoder_linear_decoder/test/67.npz
tweety_bert/experiments/Bird2_decoder_linear_decoder/test/86.npz
tweety_bert/experiments/Bird2_decoder_linear_decoder/test/47.npz
tweety_bert/experiments/Bird2_decoder_linear_decoder/test/35.npz
tweety_bert/experiments/Bird2_decoder_linear_decoder/test/17.npz
tweety_bert/experiments/Bird2_decoder_linear_decoder/test/79.npz
tweety_bert/experiments/Bird2_decoder_linear_decoder/test/87.npz
tweety_bert/experiments/Bird2_decoder_linear_decoder/test/61.npz
tweety_bert/experiments/Bird2_decoder_linear_decoder/test/2.npz
tweety_bert/experiments/Bird2_decoder_linear_decoder/test/1.npz
tweety_bert/experiments/Bird2_decoder_linear_decoder/test/27.npz
tweety_bert/experiments/Bird2_decoder_linear_decoder/test/91.npz
tweety_bert/experiments/Bird2_decoder_linear_decoder/test/28.npz
tweety_bert/experiments/Bird2_decoder_linear_decoder/test/56.npz
tweety_bert/experiments/Bird2_decoder_linear_decoder/test/55.npz
tweety_bert/experiments/Bird2_decoder_linear_decoder/test/15.npz
tweety_bert/experiments/Bird2_decoder_linear_decoder/test/29.npz
tweety_bert/experiments/Bird2_decoder_linear_decoder/test/9.npz
tweety_bert/experiments/Bird2_decoder_linear_decoder/test/31.npz
tweety_bert/experiments/Bird2_decoder_linear_decoder/test/85.npz
tweety_bert/experiments/Bird2_decoder_linear_decoder/test/26.npz
tweety_bert/experiments/Bird2_decoder_linear_decoder/test/6.npz
tweety_bert/experiments/Bird2_decoder_linear_decoder/test/5.npz
tweety_bert/experiments/Bird2_decoder_linear_decoder/test/60.npz
tweety_bert/experiments/Bird2_decoder_linear_decoder/test/44.npz
tweety_bert/experiments/Bird2_decoder_linear_decoder/test/7.npz
tweety_bert/experiments/Bird2_decoder_linear_decoder/test/19.npz
tweety_bert/experiments/Bird2_decoder_linear_decoder/test/8.npz
tweety_bert/experiments/Bird2_decoder_linear_decoder/test/14.npz
tweety_bert/experiments/Bird2_decoder_linear_decoder/test/43.npz
tweety_bert/experiments/Bird2_decoder_linear_decoder/test/68.npz
tweety_bert/experiments/Bird2_decoder_linear_decoder/test/25.npz
tweety_bert/experiments/Bird2_decoder_linear_decoder/test/0.npz
tweety_bert/experiments/Bird2_decoder_linear_decoder/test/62.npz
tweety_bert/experiments/Bird2_decoder_linear_decoder/test/16.npz
tweety_bert/experiments/Bird2_decoder_linear_decoder/test/40.npz
tweety_bert/experiments/Bird2_decoder_linear_decoder/test/45.npz
tweety_bert/experiments/Bird2_decoder_linear_decoder/test/37.npz
tweety_bert/experiments/Bird2_decoder_linear_decoder/test/11.npz
tweety_bert/experiments/Bird2_decoder_linear_decoder/train/
tweety_bert/experiments/Bird2_decoder_linear_decoder/train/23.npz
tweety_bert/experiments/Bird2_decoder_linear_decoder/train/251.npz
tweety_bert/experiments/Bird2_decoder_linear_decoder/train/293.npz
tweety_bert/experiments/Bird2_decoder_linear_decoder/train/38.npz
tweety_bert/experiments/Bird2_decoder_linear_decoder/train/130.npz
tweety_bert/experiments/Bird2_decoder_linear_decoder/train/157.npz
tweety_bert/experiments/Bird2_decoder_linear_decoder/train/209.npz
tweety_bert/experiments/Bird2_decoder_linear_decoder/train/106.npz
tweety_bert/experiments/Bird2_decoder_linear_decoder/train/213.npz
tweety_bert/experiments/Bird2_decoder_linear_decoder/train/126.npz
tweety_bert/experiments/Bird2_decoder_linear_decoder/train/137.npz
tweety_bert/experiments/Bird2_decoder_linear_decoder/train/276.npz
tweety_bert/experiments/Bird2_decoder_linear_decoder/train/317.npz
tweety_bert/experiments/Bird2_decoder_linear_decoder/train/69.npz
tweety_bert/experiments/Bird2_decoder_linear_decoder/train/271.npz
tweety_bert/experiments/Bird2_decoder_linear_decoder/train/207.npz
tweety_bert/experiments/Bird2_decoder_linear_decoder/train/340.npz
tweety_bert/experiments/Bird2_decoder_linear_decoder/train/136.npz
tweety_bert/experiments/Bird2_decoder_linear_decoder/train/18.npz
tweety_bert/experiments/Bird2_decoder_linear_decoder/train/98.npz
tweety_bert/experiments/Bird2_decoder_linear_decoder/train/175.npz
tweety_bert/experiments/Bird2_decoder_linear_decoder/train/46.npz
tweety_bert/experiments/Bird2_decoder_linear_decoder/train/263.npz
tweety_bert/experiments/Bird2_decoder_linear_decoder/train/229.npz
tweety_bert/experiments/Bird2_decoder_linear_decoder/train/150.npz
tweety_bert/experiments/Bird2_decoder_linear_decoder/train/51.npz
tweety_bert/experiments/Bird2_decoder_linear_decoder/train/99.npz
tweety_bert/experiments/Bird2_decoder_linear_decoder/train/283.npz
tweety_bert/experiments/Bird2_decoder_linear_decoder/train/199.npz
tweety_bert/experiments/Bird2_decoder_linear_decoder/train/367.npz
tweety_bert/experiments/Bird2_decoder_linear_decoder/train/65.npz
tweety_bert/experiments/Bird2_decoder_linear_decoder/train/12.npz
tweety_bert/experiments/Bird2_decoder_linear_decoder/train/133.npz
tweety_bert/experiments/Bird2_decoder_linear_decoder/train/222.npz
tweety_bert/experiments/Bird2_decoder_linear_decoder/train/190.npz
tweety_bert/experiments/Bird2_decoder_linear_decoder/train/309.npz
tweety_bert/experiments/Bird2_decoder_linear_decoder/train/341.npz
tweety_bert/experiments/Bird2_decoder_linear_decoder/train/198.npz
tweety_bert/experiments/Bird2_decoder_linear_decoder/train/141.npz
tweety_bert/experiments/Bird2_decoder_linear_decoder/train/101.npz
tweety_bert/experiments/Bird2_decoder_linear_decoder/train/321.npz
tweety_bert/experiments/Bird2_decoder_linear_decoder/train/193.npz
tweety_bert/experiments/Bird2_decoder_linear_decoder/train/58.npz
tweety_bert/experiments/Bird2_decoder_linear_decoder/train/295.npz
tweety_bert/experiments/Bird2_decoder_linear_decoder/train/132.npz
tweety_bert/experiments/Bird2_decoder_linear_decoder/train/169.npz
tweety_bert/experiments/Bird2_decoder_linear_decoder/train/64.npz
tweety_bert/experiments/Bird2_decoder_linear_decoder/train/59.npz
tweety_bert/experiments/Bird2_decoder_linear_decoder/train/88.npz
tweety_bert/experiments/Bird2_decoder_linear_decoder/train/360.npz
tweety_bert/experiments/Bird2_decoder_linear_decoder/train/326.npz
tweety_bert/experiments/Bird2_decoder_linear_decoder/train/343.npz
tweety_bert/experiments/Bird2_decoder_linear_decoder/train/275.npz
tweety_bert/experiments/Bird2_decoder_linear_decoder/train/70.npz
tweety_bert/experiments/Bird2_decoder_linear_decoder/train/50.npz
tweety_bert/experiments/Bird2_decoder_linear_decoder/train/118.npz
tweety_bert/experiments/Bird2_decoder_linear_decoder/train/96.npz
tweety_bert/experiments/Bird2_decoder_linear_decoder/train/339.npz
tweety_bert/experiments/Bird2_decoder_linear_decoder/train/181.npz
tweety_bert/experiments/Bird2_decoder_linear_decoder/train/292.npz
tweety_bert/experiments/Bird2_decoder_linear_decoder/train/371.npz
tweety_bert/experiments/Bird2_decoder_linear_decoder/train/255.npz
tweety_bert/experiments/Bird2_decoder_linear_decoder/train/305.npz
tweety_bert/experiments/Bird2_decoder_linear_decoder/train/42.npz
tweety_bert/experiments/Bird2_decoder_linear_decoder/train/303.npz
tweety_bert/experiments/Bird2_decoder_linear_decoder/train/100.npz
tweety_bert/experiments/Bird2_decoder_linear_decoder/train/33.npz
tweety_bert/experiments/Bird2_decoder_linear_decoder/train/185.npz
tweety_bert/experiments/Bird2_decoder_linear_decoder/train/54.npz
tweety_bert/experiments/Bird2_decoder_linear_decoder/train/171.npz
tweety_bert/experiments/Bird2_decoder_linear_decoder/train/170.npz
tweety_bert/experiments/Bird2_decoder_linear_decoder/train/291.npz
tweety_bert/experiments/Bird2_decoder_linear_decoder/train/20.npz
tweety_bert/experiments/Bird2_decoder_linear_decoder/train/4.npz
tweety_bert/experiments/Bird2_decoder_linear_decoder/train/179.npz
tweety_bert/experiments/Bird2_decoder_linear_decoder/train/247.npz
tweety_bert/experiments/Bird2_decoder_linear_decoder/train/204.npz
tweety_bert/experiments/Bird2_decoder_linear_decoder/train/174.npz
tweety_bert/experiments/Bird2_decoder_linear_decoder/train/338.npz
tweety_bert/experiments/Bird2_decoder_linear_decoder/train/287.npz
tweety_bert/experiments/Bird2_decoder_linear_decoder/train/344.npz
tweety_bert/experiments/Bird2_decoder_linear_decoder/train/13.npz
tweety_bert/experiments/Bird2_decoder_linear_decoder/train/89.npz
tweety_bert/experiments/Bird2_decoder_linear_decoder/train/233.npz
tweety_bert/experiments/Bird2_decoder_linear_decoder/train/335.npz
tweety_bert/experiments/Bird2_decoder_linear_decoder/train/300.npz
tweety_bert/experiments/Bird2_decoder_linear_decoder/train/186.npz
tweety_bert/experiments/Bird2_decoder_linear_decoder/train/95.npz
tweety_bert/experiments/Bird2_decoder_linear_decoder/train/167.npz
tweety_bert/experiments/Bird2_decoder_linear_decoder/train/90.npz
tweety_bert/experiments/Bird2_decoder_linear_decoder/train/232.npz
tweety_bert/experiments/Bird2_decoder_linear_decoder/train/41.npz
tweety_bert/experiments/Bird2_decoder_linear_decoder/train/93.npz
tweety_bert/experiments/Bird2_decoder_linear_decoder/train/223.npz
tweety_bert/experiments/Bird2_decoder_linear_decoder/train/328.npz
tweety_bert/experiments/Bird2_decoder_linear_decoder/train/81.npz
tweety_bert/experiments/Bird2_decoder_linear_decoder/train/337.npz
tweety_bert/experiments/Bird2_decoder_linear_decoder/train/272.npz
tweety_bert/experiments/Bird2_decoder_linear_decoder/train/182.npz
tweety_bert/experiments/Bird2_decoder_linear_decoder/train/166.npz
tweety_bert/experiments/Bird2_decoder_linear_decoder/train/330.npz
tweety_bert/experiments/Bird2_decoder_linear_decoder/train/92.npz
tweety_bert/experiments/Bird2_decoder_linear_decoder/train/281.npz
tweety_bert/experiments/Bird2_decoder_linear_decoder/train/21.npz
tweety_bert/experiments/Bird2_decoder_linear_decoder/train/122.npz
tweety_bert/experiments/Bird2_decoder_linear_decoder/train/36.npz
tweety_bert/experiments/Bird2_decoder_linear_decoder/train/345.npz
tweety_bert/experiments/Bird2_decoder_linear_decoder/train/32.npz
tweety_bert/experiments/Bird2_decoder_linear_decoder/train/153.npz
tweety_bert/experiments/Bird2_decoder_linear_decoder/train/73.npz
tweety_bert/experiments/Bird2_decoder_linear_decoder/train/52.npz
tweety_bert/experiments/Bird2_decoder_linear_decoder/train/347.npz
tweety_bert/experiments/Bird2_decoder_linear_decoder/train/320.npz
tweety_bert/experiments/Bird2_decoder_linear_decoder/train/177.npz
tweety_bert/experiments/Bird2_decoder_linear_decoder/train/49.npz
tweety_bert/experiments/Bird2_decoder_linear_decoder/train/84.npz
tweety_bert/experiments/Bird2_decoder_linear_decoder/train/202.npz
tweety_bert/experiments/Bird2_decoder_linear_decoder/train/211.npz
tweety_bert/experiments/Bird2_decoder_linear_decoder/train/235.npz
tweety_bert/experiments/Bird2_decoder_linear_decoder/train/39.npz
tweety_bert/experiments/Bird2_decoder_linear_decoder/train/302.npz
tweety_bert/experiments/Bird2_decoder_linear_decoder/train/78.npz
tweety_bert/experiments/Bird2_decoder_linear_decoder/train/285.npz
tweety_bert/experiments/Bird2_decoder_linear_decoder/train/297.npz
tweety_bert/experiments/Bird2_decoder_linear_decoder/train/80.npz
tweety_bert/experiments/Bird2_decoder_linear_decoder/train/53.npz
tweety_bert/experiments/Bird2_decoder_linear_decoder/train/284.npz
tweety_bert/experiments/Bird2_decoder_linear_decoder/train/146.npz
tweety_bert/experiments/Bird2_decoder_linear_decoder/train/342.npz
tweety_bert/experiments/Bird2_decoder_linear_decoder/train/83.npz
tweety_bert/experiments/Bird2_decoder_linear_decoder/train/72.npz
tweety_bert/experiments/Bird2_decoder_linear_decoder/train/286.npz
tweety_bert/experiments/Bird2_decoder_linear_decoder/train/355.npz
tweety_bert/experiments/Bird2_decoder_linear_decoder/train/63.npz
tweety_bert/experiments/Bird2_decoder_linear_decoder/train/139.npz
tweety_bert/experiments/Bird2_decoder_linear_decoder/train/76.npz
tweety_bert/experiments/Bird2_decoder_linear_decoder/train/206.npz
tweety_bert/experiments/Bird2_decoder_linear_decoder/train/264.npz
tweety_bert/experiments/Bird2_decoder_linear_decoder/train/316.npz
tweety_bert/experiments/Bird2_decoder_linear_decoder/train/282.npz
tweety_bert/experiments/Bird2_decoder_linear_decoder/train/244.npz
tweety_bert/experiments/Bird2_decoder_linear_decoder/train/289.npz
tweety_bert/experiments/Bird2_decoder_linear_decoder/train/348.npz
tweety_bert/experiments/Bird2_decoder_linear_decoder/train/173.npz
tweety_bert/experiments/Bird2_decoder_linear_decoder/train/296.npz
tweety_bert/experiments/Bird2_decoder_linear_decoder/train/312.npz
tweety_bert/experiments/Bird2_decoder_linear_decoder/train/189.npz
tweety_bert/experiments/Bird2_decoder_linear_decoder/train/154.npz
tweety_bert/experiments/Bird2_decoder_linear_decoder/train/149.npz
tweety_bert/experiments/Bird2_decoder_linear_decoder/train/227.npz
tweety_bert/experiments/Bird2_decoder_linear_decoder/train/210.npz
tweety_bert/experiments/Bird2_decoder_linear_decoder/train/77.npz
tweety_bert/experiments/Bird2_decoder_linear_decoder/train/351.npz
tweety_bert/experiments/Bird2_decoder_linear_decoder/train/119.npz
tweety_bert/experiments/Bird2_decoder_linear_decoder/train/143.npz
tweety_bert/experiments/Bird2_decoder_linear_decoder/train/195.npz
tweety_bert/experiments/Bird2_decoder_linear_decoder/train/111.npz
tweety_bert/experiments/Bird2_decoder_linear_decoder/train/234.npz
tweety_bert/experiments/Bird2_decoder_linear_decoder/train/152.npz
tweety_bert/experiments/Bird2_decoder_linear_decoder/train/164.npz
tweety_bert/experiments/Bird2_decoder_linear_decoder/train/82.npz
tweety_bert/experiments/Bird2_decoder_linear_decoder/train/313.npz
tweety_bert/experiments/Bird2_decoder_linear_decoder/train/253.npz
tweety_bert/experiments/Bird2_decoder_linear_decoder/train/30.npz
tweety_bert/experiments/Bird2_decoder_linear_decoder/train/156.npz
tweety_bert/experiments/Bird2_decoder_linear_decoder/train/10.npz
tweety_bert/experiments/Bird2_decoder_linear_decoder/train/107.npz
tweety_bert/experiments/Bird2_decoder_linear_decoder/train/124.npz
tweety_bert/experiments/Bird2_decoder_linear_decoder/train/161.npz
tweety_bert/experiments/Bird2_decoder_linear_decoder/train/220.npz
tweety_bert/experiments/Bird2_decoder_linear_decoder/train/353.npz
tweety_bert/experiments/Bird2_decoder_linear_decoder/train/314.npz
tweety_bert/experiments/Bird2_decoder_linear_decoder/train/112.npz
tweety_bert/experiments/Bird2_decoder_linear_decoder/train/368.npz
tweety_bert/experiments/Bird2_decoder_linear_decoder/train/57.npz
tweety_bert/experiments/Bird2_decoder_linear_decoder/train/236.npz
tweety_bert/experiments/Bird2_decoder_linear_decoder/train/120.npz
tweety_bert/experiments/Bird2_decoder_linear_decoder/train/75.npz
tweety_bert/experiments/Bird2_decoder_linear_decoder/train/372.npz
tweety_bert/experiments/Bird2_decoder_linear_decoder/train/357.npz
tweety_bert/experiments/Bird2_decoder_linear_decoder/train/212.npz
tweety_bert/experiments/Bird2_decoder_linear_decoder/train/250.npz
tweety_bert/experiments/Bird2_decoder_linear_decoder/train/3.npz
tweety_bert/experiments/Bird2_decoder_linear_decoder/train/34.npz
tweety_bert/experiments/Bird2_decoder_linear_decoder/train/245.npz
tweety_bert/experiments/Bird2_decoder_linear_decoder/train/299.npz
tweety_bert/experiments/Bird2_decoder_linear_decoder/train/361.npz
tweety_bert/experiments/Bird2_decoder_linear_decoder/train/358.npz
tweety_bert/experiments/Bird2_decoder_linear_decoder/train/218.npz
tweety_bert/experiments/Bird2_decoder_linear_decoder/train/308.npz
tweety_bert/experiments/Bird2_decoder_linear_decoder/train/294.npz
tweety_bert/experiments/Bird2_decoder_linear_decoder/train/22.npz
tweety_bert/experiments/Bird2_decoder_linear_decoder/train/148.npz
tweety_bert/experiments/Bird2_decoder_linear_decoder/train/265.npz
tweety_bert/experiments/Bird2_decoder_linear_decoder/train/134.npz
tweety_bert/experiments/Bird2_decoder_linear_decoder/train/214.npz
tweety_bert/experiments/Bird2_decoder_linear_decoder/train/324.npz
tweety_bert/experiments/Bird2_decoder_linear_decoder/train/298.npz
tweety_bert/experiments/Bird2_decoder_linear_decoder/train/66.npz
tweety_bert/experiments/Bird2_decoder_linear_decoder/train/103.npz
tweety_bert/experiments/Bird2_decoder_linear_decoder/train/108.npz
tweety_bert/experiments/Bird2_decoder_linear_decoder/train/243.npz
tweety_bert/experiments/Bird2_decoder_linear_decoder/train/74.npz
tweety_bert/experiments/Bird2_decoder_linear_decoder/train/256.npz
tweety_bert/experiments/Bird2_decoder_linear_decoder/train/354.npz
tweety_bert/experiments/Bird2_decoder_linear_decoder/train/71.npz
tweety_bert/experiments/Bird2_decoder_linear_decoder/train/366.npz
tweety_bert/experiments/Bird2_decoder_linear_decoder/train/310.npz
tweety_bert/experiments/Bird2_decoder_linear_decoder/train/268.npz
tweety_bert/experiments/Bird2_decoder_linear_decoder/train/48.npz
tweety_bert/experiments/Bird2_decoder_linear_decoder/train/364.npz
tweety_bert/experiments/Bird2_decoder_linear_decoder/train/259.npz
tweety_bert/experiments/Bird2_decoder_linear_decoder/train/24.npz
tweety_bert/experiments/Bird2_decoder_linear_decoder/train/151.npz
tweety_bert/experiments/Bird2_decoder_linear_decoder/train/67.npz
tweety_bert/experiments/Bird2_decoder_linear_decoder/train/155.npz
tweety_bert/experiments/Bird2_decoder_linear_decoder/train/86.npz
tweety_bert/experiments/Bird2_decoder_linear_decoder/train/187.npz
tweety_bert/experiments/Bird2_decoder_linear_decoder/train/201.npz
tweety_bert/experiments/Bird2_decoder_linear_decoder/train/47.npz
tweety_bert/experiments/Bird2_decoder_linear_decoder/train/200.npz
tweety_bert/experiments/Bird2_decoder_linear_decoder/train/217.npz
tweety_bert/experiments/Bird2_decoder_linear_decoder/train/35.npz
tweety_bert/experiments/Bird2_decoder_linear_decoder/train/172.npz
tweety_bert/experiments/Bird2_decoder_linear_decoder/train/322.npz
tweety_bert/experiments/Bird2_decoder_linear_decoder/train/94.npz
tweety_bert/experiments/Bird2_decoder_linear_decoder/train/17.npz
tweety_bert/experiments/Bird2_decoder_linear_decoder/train/79.npz
tweety_bert/experiments/Bird2_decoder_linear_decoder/train/365.npz
tweety_bert/experiments/Bird2_decoder_linear_decoder/train/203.npz
tweety_bert/experiments/Bird2_decoder_linear_decoder/train/208.npz
tweety_bert/experiments/Bird2_decoder_linear_decoder/train/269.npz
tweety_bert/experiments/Bird2_decoder_linear_decoder/train/278.npz
tweety_bert/experiments/Bird2_decoder_linear_decoder/train/194.npz
tweety_bert/experiments/Bird2_decoder_linear_decoder/train/352.npz
tweety_bert/experiments/Bird2_decoder_linear_decoder/train/162.npz
tweety_bert/experiments/Bird2_decoder_linear_decoder/train/163.npz
tweety_bert/experiments/Bird2_decoder_linear_decoder/train/87.npz
tweety_bert/experiments/Bird2_decoder_linear_decoder/train/61.npz
tweety_bert/experiments/Bird2_decoder_linear_decoder/train/2.npz
tweety_bert/experiments/Bird2_decoder_linear_decoder/train/304.npz
tweety_bert/experiments/Bird2_decoder_linear_decoder/train/1.npz
tweety_bert/experiments/Bird2_decoder_linear_decoder/train/228.npz
tweety_bert/experiments/Bird2_decoder_linear_decoder/train/115.npz
tweety_bert/experiments/Bird2_decoder_linear_decoder/train/332.npz
tweety_bert/experiments/Bird2_decoder_linear_decoder/train/160.npz
tweety_bert/experiments/Bird2_decoder_linear_decoder/train/273.npz
tweety_bert/experiments/Bird2_decoder_linear_decoder/train/257.npz
tweety_bert/experiments/Bird2_decoder_linear_decoder/train/359.npz
tweety_bert/experiments/Bird2_decoder_linear_decoder/train/191.npz
tweety_bert/experiments/Bird2_decoder_linear_decoder/train/27.npz
tweety_bert/experiments/Bird2_decoder_linear_decoder/train/113.npz
tweety_bert/experiments/Bird2_decoder_linear_decoder/train/91.npz
tweety_bert/experiments/Bird2_decoder_linear_decoder/train/226.npz
tweety_bert/experiments/Bird2_decoder_linear_decoder/train/28.npz
tweety_bert/experiments/Bird2_decoder_linear_decoder/train/301.npz
tweety_bert/experiments/Bird2_decoder_linear_decoder/train/323.npz
tweety_bert/experiments/Bird2_decoder_linear_decoder/train/349.npz
tweety_bert/experiments/Bird2_decoder_linear_decoder/train/159.npz
tweety_bert/experiments/Bird2_decoder_linear_decoder/train/249.npz
tweety_bert/experiments/Bird2_decoder_linear_decoder/train/237.npz
tweety_bert/experiments/Bird2_decoder_linear_decoder/train/56.npz
tweety_bert/experiments/Bird2_decoder_linear_decoder/train/219.npz
tweety_bert/experiments/Bird2_decoder_linear_decoder/train/260.npz
tweety_bert/experiments/Bird2_decoder_linear_decoder/train/319.npz
tweety_bert/experiments/Bird2_decoder_linear_decoder/train/55.npz
tweety_bert/experiments/Bird2_decoder_linear_decoder/train/197.npz
tweety_bert/experiments/Bird2_decoder_linear_decoder/train/116.npz
tweety_bert/experiments/Bird2_decoder_linear_decoder/train/15.npz
tweety_bert/experiments/Bird2_decoder_linear_decoder/train/274.npz
tweety_bert/experiments/Bird2_decoder_linear_decoder/train/29.npz
tweety_bert/experiments/Bird2_decoder_linear_decoder/train/196.npz
tweety_bert/experiments/Bird2_decoder_linear_decoder/train/104.npz
tweety_bert/experiments/Bird2_decoder_linear_decoder/train/109.npz
tweety_bert/experiments/Bird2_decoder_linear_decoder/train/277.npz
tweety_bert/experiments/Bird2_decoder_linear_decoder/train/192.npz
tweety_bert/experiments/Bird2_decoder_linear_decoder/train/9.npz
tweety_bert/experiments/Bird2_decoder_linear_decoder/train/370.npz
tweety_bert/experiments/Bird2_decoder_linear_decoder/train/373.npz
tweety_bert/experiments/Bird2_decoder_linear_decoder/train/31.npz
tweety_bert/experiments/Bird2_decoder_linear_decoder/train/279.npz
tweety_bert/experiments/Bird2_decoder_linear_decoder/train/327.npz
tweety_bert/experiments/Bird2_decoder_linear_decoder/train/105.npz
tweety_bert/experiments/Bird2_decoder_linear_decoder/train/188.npz
tweety_bert/experiments/Bird2_decoder_linear_decoder/train/350.npz
tweety_bert/experiments/Bird2_decoder_linear_decoder/train/307.npz
tweety_bert/experiments/Bird2_decoder_linear_decoder/train/362.npz
tweety_bert/experiments/Bird2_decoder_linear_decoder/train/85.npz
tweety_bert/experiments/Bird2_decoder_linear_decoder/train/144.npz
tweety_bert/experiments/Bird2_decoder_linear_decoder/train/168.npz
tweety_bert/experiments/Bird2_decoder_linear_decoder/train/110.npz
tweety_bert/experiments/Bird2_decoder_linear_decoder/train/26.npz
tweety_bert/experiments/Bird2_decoder_linear_decoder/train/369.npz
tweety_bert/experiments/Bird2_decoder_linear_decoder/train/129.npz
tweety_bert/experiments/Bird2_decoder_linear_decoder/train/266.npz
tweety_bert/experiments/Bird2_decoder_linear_decoder/train/288.npz
tweety_bert/experiments/Bird2_decoder_linear_decoder/train/6.npz
tweety_bert/experiments/Bird2_decoder_linear_decoder/train/117.npz
tweety_bert/experiments/Bird2_decoder_linear_decoder/train/5.npz
tweety_bert/experiments/Bird2_decoder_linear_decoder/train/329.npz
tweety_bert/experiments/Bird2_decoder_linear_decoder/train/60.npz
tweety_bert/experiments/Bird2_decoder_linear_decoder/train/242.npz
tweety_bert/experiments/Bird2_decoder_linear_decoder/train/44.npz
tweety_bert/experiments/Bird2_decoder_linear_decoder/train/318.npz
tweety_bert/experiments/Bird2_decoder_linear_decoder/train/7.npz
tweety_bert/experiments/Bird2_decoder_linear_decoder/train/216.npz
tweety_bert/experiments/Bird2_decoder_linear_decoder/train/248.npz
tweety_bert/experiments/Bird2_decoder_linear_decoder/train/306.npz
tweety_bert/experiments/Bird2_decoder_linear_decoder/train/262.npz
tweety_bert/experiments/Bird2_decoder_linear_decoder/train/363.npz
tweety_bert/experiments/Bird2_decoder_linear_decoder/train/261.npz
tweety_bert/experiments/Bird2_decoder_linear_decoder/train/19.npz
tweety_bert/experiments/Bird2_decoder_linear_decoder/train/8.npz
tweety_bert/experiments/Bird2_decoder_linear_decoder/train/14.npz
tweety_bert/experiments/Bird2_decoder_linear_decoder/train/142.npz
tweety_bert/experiments/Bird2_decoder_linear_decoder/train/125.npz
tweety_bert/experiments/Bird2_decoder_linear_decoder/train/114.npz
tweety_bert/experiments/Bird2_decoder_linear_decoder/train/127.npz
tweety_bert/experiments/Bird2_decoder_linear_decoder/train/334.npz
tweety_bert/experiments/Bird2_decoder_linear_decoder/train/258.npz
tweety_bert/experiments/Bird2_decoder_linear_decoder/train/102.npz
tweety_bert/experiments/Bird2_decoder_linear_decoder/train/241.npz
tweety_bert/experiments/Bird2_decoder_linear_decoder/train/147.npz
tweety_bert/experiments/Bird2_decoder_linear_decoder/train/325.npz
tweety_bert/experiments/Bird2_decoder_linear_decoder/train/230.npz
tweety_bert/experiments/Bird2_decoder_linear_decoder/train/315.npz
tweety_bert/experiments/Bird2_decoder_linear_decoder/train/254.npz
tweety_bert/experiments/Bird2_decoder_linear_decoder/train/221.npz
tweety_bert/experiments/Bird2_decoder_linear_decoder/train/176.npz
tweety_bert/experiments/Bird2_decoder_linear_decoder/train/270.npz
tweety_bert/experiments/Bird2_decoder_linear_decoder/train/267.npz
tweety_bert/experiments/Bird2_decoder_linear_decoder/train/225.npz
tweety_bert/experiments/Bird2_decoder_linear_decoder/train/205.npz
tweety_bert/experiments/Bird2_decoder_linear_decoder/train/346.npz
tweety_bert/experiments/Bird2_decoder_linear_decoder/train/215.npz
tweety_bert/experiments/Bird2_decoder_linear_decoder/train/123.npz
tweety_bert/experiments/Bird2_decoder_linear_decoder/train/43.npz
tweety_bert/experiments/Bird2_decoder_linear_decoder/train/131.npz
tweety_bert/experiments/Bird2_decoder_linear_decoder/train/140.npz
tweety_bert/experiments/Bird2_decoder_linear_decoder/train/240.npz
tweety_bert/experiments/Bird2_decoder_linear_decoder/train/290.npz
tweety_bert/experiments/Bird2_decoder_linear_decoder/train/356.npz
tweety_bert/experiments/Bird2_decoder_linear_decoder/train/135.npz
tweety_bert/experiments/Bird2_decoder_linear_decoder/train/121.npz
tweety_bert/experiments/Bird2_decoder_linear_decoder/train/238.npz
tweety_bert/experiments/Bird2_decoder_linear_decoder/train/231.npz
tweety_bert/experiments/Bird2_decoder_linear_decoder/train/336.npz
tweety_bert/experiments/Bird2_decoder_linear_decoder/train/311.npz
tweety_bert/experiments/Bird2_decoder_linear_decoder/train/68.npz
tweety_bert/experiments/Bird2_decoder_linear_decoder/train/183.npz
tweety_bert/experiments/Bird2_decoder_linear_decoder/train/239.npz
tweety_bert/experiments/Bird2_decoder_linear_decoder/train/138.npz
tweety_bert/experiments/Bird2_decoder_linear_decoder/train/25.npz
tweety_bert/experiments/Bird2_decoder_linear_decoder/train/158.npz
tweety_bert/experiments/Bird2_decoder_linear_decoder/train/331.npz
tweety_bert/experiments/Bird2_decoder_linear_decoder/train/97.npz
tweety_bert/experiments/Bird2_decoder_linear_decoder/train/0.npz
tweety_bert/experiments/Bird2_decoder_linear_decoder/train/184.npz
tweety_bert/experiments/Bird2_decoder_linear_decoder/train/246.npz
tweety_bert/experiments/Bird2_decoder_linear_decoder/train/62.npz
tweety_bert/experiments/Bird2_decoder_linear_decoder/train/16.npz
tweety_bert/experiments/Bird2_decoder_linear_decoder/train/40.npz
tweety_bert/experiments/Bird2_decoder_linear_decoder/train/333.npz
tweety_bert/experiments/Bird2_decoder_linear_decoder/train/178.npz
tweety_bert/experiments/Bird2_decoder_linear_decoder/train/45.npz
tweety_bert/experiments/Bird2_decoder_linear_decoder/train/145.npz
tweety_bert/experiments/Bird2_decoder_linear_decoder/train/280.npz
tweety_bert/experiments/Bird2_decoder_linear_decoder/train/165.npz
tweety_bert/experiments/Bird2_decoder_linear_decoder/train/252.npz
tweety_bert/experiments/Bird2_decoder_linear_decoder/train/37.npz
tweety_bert/experiments/Bird2_decoder_linear_decoder/train/224.npz
tweety_bert/experiments/Bird2_decoder_linear_decoder/train/128.npz
tweety_bert/experiments/Bird2_decoder_linear_decoder/train/11.npz
tweety_bert/experiments/Bird2_decoder_linear_decoder/train/180.npz
tweety_bert/experiments/Bird2_decoder_linear_decoder/decoder_state/
tweety_bert/experiments/Bird2_decoder_linear_decoder/decoder_state/decoder_config.json
tweety_bert/experiments/Bird2_decoder_linear_decoder/decoder_state/original_data.npz
tweety_bert/experiments/Bird2_decoder_linear_decoder/decoder_state/decoder_weights.pth
tweety_bert/experiments/archive/
tweety_bert/experiments/Bird5_decoder_linear_decoder/
tweety_bert/experiments/Bird5_decoder_linear_decoder/test/
tweety_bert/experiments/Bird5_decoder_linear_decoder/test/23.npz
tweety_bert/experiments/Bird5_decoder_linear_decoder/test/38.npz
tweety_bert/experiments/Bird5_decoder_linear_decoder/test/69.npz
tweety_bert/experiments/Bird5_decoder_linear_decoder/test/18.npz
tweety_bert/experiments/Bird5_decoder_linear_decoder/test/46.npz
tweety_bert/experiments/Bird5_decoder_linear_decoder/test/51.npz
tweety_bert/experiments/Bird5_decoder_linear_decoder/test/65.npz
tweety_bert/experiments/Bird5_decoder_linear_decoder/test/12.npz
tweety_bert/experiments/Bird5_decoder_linear_decoder/test/58.npz
tweety_bert/experiments/Bird5_decoder_linear_decoder/test/64.npz
tweety_bert/experiments/Bird5_decoder_linear_decoder/test/59.npz
tweety_bert/experiments/Bird5_decoder_linear_decoder/test/70.npz
tweety_bert/experiments/Bird5_decoder_linear_decoder/test/50.npz
tweety_bert/experiments/Bird5_decoder_linear_decoder/test/42.npz
tweety_bert/experiments/Bird5_decoder_linear_decoder/test/33.npz
tweety_bert/experiments/Bird5_decoder_linear_decoder/test/54.npz
tweety_bert/experiments/Bird5_decoder_linear_decoder/test/20.npz
tweety_bert/experiments/Bird5_decoder_linear_decoder/test/4.npz
tweety_bert/experiments/Bird5_decoder_linear_decoder/test/13.npz
tweety_bert/experiments/Bird5_decoder_linear_decoder/test/41.npz
tweety_bert/experiments/Bird5_decoder_linear_decoder/test/21.npz
tweety_bert/experiments/Bird5_decoder_linear_decoder/test/36.npz
tweety_bert/experiments/Bird5_decoder_linear_decoder/test/32.npz
tweety_bert/experiments/Bird5_decoder_linear_decoder/test/73.npz
tweety_bert/experiments/Bird5_decoder_linear_decoder/test/52.npz
tweety_bert/experiments/Bird5_decoder_linear_decoder/test/49.npz
tweety_bert/experiments/Bird5_decoder_linear_decoder/test/39.npz
tweety_bert/experiments/Bird5_decoder_linear_decoder/test/53.npz
tweety_bert/experiments/Bird5_decoder_linear_decoder/test/72.npz
tweety_bert/experiments/Bird5_decoder_linear_decoder/test/63.npz
tweety_bert/experiments/Bird5_decoder_linear_decoder/test/30.npz
tweety_bert/experiments/Bird5_decoder_linear_decoder/test/10.npz
tweety_bert/experiments/Bird5_decoder_linear_decoder/test/57.npz
tweety_bert/experiments/Bird5_decoder_linear_decoder/test/75.npz
tweety_bert/experiments/Bird5_decoder_linear_decoder/test/3.npz
tweety_bert/experiments/Bird5_decoder_linear_decoder/test/34.npz
tweety_bert/experiments/Bird5_decoder_linear_decoder/test/22.npz
tweety_bert/experiments/Bird5_decoder_linear_decoder/test/66.npz
tweety_bert/experiments/Bird5_decoder_linear_decoder/test/74.npz
tweety_bert/experiments/Bird5_decoder_linear_decoder/test/71.npz
tweety_bert/experiments/Bird5_decoder_linear_decoder/test/48.npz
tweety_bert/experiments/Bird5_decoder_linear_decoder/test/24.npz
tweety_bert/experiments/Bird5_decoder_linear_decoder/test/67.npz
tweety_bert/experiments/Bird5_decoder_linear_decoder/test/47.npz
tweety_bert/experiments/Bird5_decoder_linear_decoder/test/35.npz
tweety_bert/experiments/Bird5_decoder_linear_decoder/test/17.npz
tweety_bert/experiments/Bird5_decoder_linear_decoder/test/61.npz
tweety_bert/experiments/Bird5_decoder_linear_decoder/test/2.npz
tweety_bert/experiments/Bird5_decoder_linear_decoder/test/1.npz
tweety_bert/experiments/Bird5_decoder_linear_decoder/test/27.npz
tweety_bert/experiments/Bird5_decoder_linear_decoder/test/28.npz
tweety_bert/experiments/Bird5_decoder_linear_decoder/test/56.npz
tweety_bert/experiments/Bird5_decoder_linear_decoder/test/55.npz
tweety_bert/experiments/Bird5_decoder_linear_decoder/test/15.npz
tweety_bert/experiments/Bird5_decoder_linear_decoder/test/29.npz
tweety_bert/experiments/Bird5_decoder_linear_decoder/test/9.npz
tweety_bert/experiments/Bird5_decoder_linear_decoder/test/31.npz
tweety_bert/experiments/Bird5_decoder_linear_decoder/test/26.npz
tweety_bert/experiments/Bird5_decoder_linear_decoder/test/6.npz
tweety_bert/experiments/Bird5_decoder_linear_decoder/test/5.npz
tweety_bert/experiments/Bird5_decoder_linear_decoder/test/60.npz
tweety_bert/experiments/Bird5_decoder_linear_decoder/test/44.npz
tweety_bert/experiments/Bird5_decoder_linear_decoder/test/7.npz
tweety_bert/experiments/Bird5_decoder_linear_decoder/test/19.npz
tweety_bert/experiments/Bird5_decoder_linear_decoder/test/8.npz
tweety_bert/experiments/Bird5_decoder_linear_decoder/test/14.npz
tweety_bert/experiments/Bird5_decoder_linear_decoder/test/43.npz
tweety_bert/experiments/Bird5_decoder_linear_decoder/test/68.npz
tweety_bert/experiments/Bird5_decoder_linear_decoder/test/25.npz
tweety_bert/experiments/Bird5_decoder_linear_decoder/test/0.npz
tweety_bert/experiments/Bird5_decoder_linear_decoder/test/62.npz
tweety_bert/experiments/Bird5_decoder_linear_decoder/test/16.npz
tweety_bert/experiments/Bird5_decoder_linear_decoder/test/40.npz
tweety_bert/experiments/Bird5_decoder_linear_decoder/test/45.npz
tweety_bert/experiments/Bird5_decoder_linear_decoder/test/37.npz
tweety_bert/experiments/Bird5_decoder_linear_decoder/test/11.npz
tweety_bert/experiments/Bird5_decoder_linear_decoder/train/
tweety_bert/experiments/Bird5_decoder_linear_decoder/train/23.npz
tweety_bert/experiments/Bird5_decoder_linear_decoder/train/251.npz
tweety_bert/experiments/Bird5_decoder_linear_decoder/train/293.npz
tweety_bert/experiments/Bird5_decoder_linear_decoder/train/38.npz
tweety_bert/experiments/Bird5_decoder_linear_decoder/train/130.npz
tweety_bert/experiments/Bird5_decoder_linear_decoder/train/157.npz
tweety_bert/experiments/Bird5_decoder_linear_decoder/train/209.npz
tweety_bert/experiments/Bird5_decoder_linear_decoder/train/106.npz
tweety_bert/experiments/Bird5_decoder_linear_decoder/train/213.npz
tweety_bert/experiments/Bird5_decoder_linear_decoder/train/126.npz
tweety_bert/experiments/Bird5_decoder_linear_decoder/train/137.npz
tweety_bert/experiments/Bird5_decoder_linear_decoder/train/276.npz
tweety_bert/experiments/Bird5_decoder_linear_decoder/train/69.npz
tweety_bert/experiments/Bird5_decoder_linear_decoder/train/271.npz
tweety_bert/experiments/Bird5_decoder_linear_decoder/train/207.npz
tweety_bert/experiments/Bird5_decoder_linear_decoder/train/136.npz
tweety_bert/experiments/Bird5_decoder_linear_decoder/train/18.npz
tweety_bert/experiments/Bird5_decoder_linear_decoder/train/98.npz
tweety_bert/experiments/Bird5_decoder_linear_decoder/train/175.npz
tweety_bert/experiments/Bird5_decoder_linear_decoder/train/46.npz
tweety_bert/experiments/Bird5_decoder_linear_decoder/train/263.npz
tweety_bert/experiments/Bird5_decoder_linear_decoder/train/229.npz
tweety_bert/experiments/Bird5_decoder_linear_decoder/train/150.npz
tweety_bert/experiments/Bird5_decoder_linear_decoder/train/51.npz
tweety_bert/experiments/Bird5_decoder_linear_decoder/train/99.npz
tweety_bert/experiments/Bird5_decoder_linear_decoder/train/283.npz
tweety_bert/experiments/Bird5_decoder_linear_decoder/train/199.npz
tweety_bert/experiments/Bird5_decoder_linear_decoder/train/65.npz
tweety_bert/experiments/Bird5_decoder_linear_decoder/train/12.npz
tweety_bert/experiments/Bird5_decoder_linear_decoder/train/133.npz
tweety_bert/experiments/Bird5_decoder_linear_decoder/train/222.npz
tweety_bert/experiments/Bird5_decoder_linear_decoder/train/190.npz
tweety_bert/experiments/Bird5_decoder_linear_decoder/train/198.npz
tweety_bert/experiments/Bird5_decoder_linear_decoder/train/141.npz
tweety_bert/experiments/Bird5_decoder_linear_decoder/train/101.npz
tweety_bert/experiments/Bird5_decoder_linear_decoder/train/193.npz
tweety_bert/experiments/Bird5_decoder_linear_decoder/train/58.npz
tweety_bert/experiments/Bird5_decoder_linear_decoder/train/295.npz
tweety_bert/experiments/Bird5_decoder_linear_decoder/train/132.npz
tweety_bert/experiments/Bird5_decoder_linear_decoder/train/169.npz
tweety_bert/experiments/Bird5_decoder_linear_decoder/train/64.npz
tweety_bert/experiments/Bird5_decoder_linear_decoder/train/59.npz
tweety_bert/experiments/Bird5_decoder_linear_decoder/train/88.npz
tweety_bert/experiments/Bird5_decoder_linear_decoder/train/275.npz
tweety_bert/experiments/Bird5_decoder_linear_decoder/train/70.npz
tweety_bert/experiments/Bird5_decoder_linear_decoder/train/50.npz
tweety_bert/experiments/Bird5_decoder_linear_decoder/train/118.npz
tweety_bert/experiments/Bird5_decoder_linear_decoder/train/96.npz
tweety_bert/experiments/Bird5_decoder_linear_decoder/train/181.npz
tweety_bert/experiments/Bird5_decoder_linear_decoder/train/292.npz
tweety_bert/experiments/Bird5_decoder_linear_decoder/train/255.npz
tweety_bert/experiments/Bird5_decoder_linear_decoder/train/42.npz
tweety_bert/experiments/Bird5_decoder_linear_decoder/train/100.npz
tweety_bert/experiments/Bird5_decoder_linear_decoder/train/33.npz
tweety_bert/experiments/Bird5_decoder_linear_decoder/train/185.npz
tweety_bert/experiments/Bird5_decoder_linear_decoder/train/54.npz
tweety_bert/experiments/Bird5_decoder_linear_decoder/train/171.npz
tweety_bert/experiments/Bird5_decoder_linear_decoder/train/170.npz
tweety_bert/experiments/Bird5_decoder_linear_decoder/train/291.npz
tweety_bert/experiments/Bird5_decoder_linear_decoder/train/20.npz
tweety_bert/experiments/Bird5_decoder_linear_decoder/train/4.npz
tweety_bert/experiments/Bird5_decoder_linear_decoder/train/179.npz
tweety_bert/experiments/Bird5_decoder_linear_decoder/train/247.npz
tweety_bert/experiments/Bird5_decoder_linear_decoder/train/204.npz
tweety_bert/experiments/Bird5_decoder_linear_decoder/train/174.npz
tweety_bert/experiments/Bird5_decoder_linear_decoder/train/287.npz
tweety_bert/experiments/Bird5_decoder_linear_decoder/train/13.npz
tweety_bert/experiments/Bird5_decoder_linear_decoder/train/89.npz
tweety_bert/experiments/Bird5_decoder_linear_decoder/train/233.npz
tweety_bert/experiments/Bird5_decoder_linear_decoder/train/186.npz
tweety_bert/experiments/Bird5_decoder_linear_decoder/train/95.npz
tweety_bert/experiments/Bird5_decoder_linear_decoder/train/167.npz
tweety_bert/experiments/Bird5_decoder_linear_decoder/train/90.npz
tweety_bert/experiments/Bird5_decoder_linear_decoder/train/232.npz
tweety_bert/experiments/Bird5_decoder_linear_decoder/train/41.npz
tweety_bert/experiments/Bird5_decoder_linear_decoder/train/93.npz
tweety_bert/experiments/Bird5_decoder_linear_decoder/train/223.npz
tweety_bert/experiments/Bird5_decoder_linear_decoder/train/81.npz
tweety_bert/experiments/Bird5_decoder_linear_decoder/train/272.npz
tweety_bert/experiments/Bird5_decoder_linear_decoder/train/182.npz
tweety_bert/experiments/Bird5_decoder_linear_decoder/train/166.npz
tweety_bert/experiments/Bird5_decoder_linear_decoder/train/92.npz
tweety_bert/experiments/Bird5_decoder_linear_decoder/train/281.npz
tweety_bert/experiments/Bird5_decoder_linear_decoder/train/21.npz
tweety_bert/experiments/Bird5_decoder_linear_decoder/train/122.npz
tweety_bert/experiments/Bird5_decoder_linear_decoder/train/36.npz
tweety_bert/experiments/Bird5_decoder_linear_decoder/train/32.npz
tweety_bert/experiments/Bird5_decoder_linear_decoder/train/153.npz
tweety_bert/experiments/Bird5_decoder_linear_decoder/train/73.npz
tweety_bert/experiments/Bird5_decoder_linear_decoder/train/52.npz
tweety_bert/experiments/Bird5_decoder_linear_decoder/train/177.npz
tweety_bert/experiments/Bird5_decoder_linear_decoder/train/49.npz
tweety_bert/experiments/Bird5_decoder_linear_decoder/train/84.npz
tweety_bert/experiments/Bird5_decoder_linear_decoder/train/202.npz
tweety_bert/experiments/Bird5_decoder_linear_decoder/train/211.npz
tweety_bert/experiments/Bird5_decoder_linear_decoder/train/235.npz
tweety_bert/experiments/Bird5_decoder_linear_decoder/train/39.npz
tweety_bert/experiments/Bird5_decoder_linear_decoder/train/78.npz
tweety_bert/experiments/Bird5_decoder_linear_decoder/train/285.npz
tweety_bert/experiments/Bird5_decoder_linear_decoder/train/297.npz
tweety_bert/experiments/Bird5_decoder_linear_decoder/train/80.npz
tweety_bert/experiments/Bird5_decoder_linear_decoder/train/53.npz
tweety_bert/experiments/Bird5_decoder_linear_decoder/train/284.npz
tweety_bert/experiments/Bird5_decoder_linear_decoder/train/146.npz
tweety_bert/experiments/Bird5_decoder_linear_decoder/train/83.npz
tweety_bert/experiments/Bird5_decoder_linear_decoder/train/72.npz
tweety_bert/experiments/Bird5_decoder_linear_decoder/train/286.npz
tweety_bert/experiments/Bird5_decoder_linear_decoder/train/63.npz
tweety_bert/experiments/Bird5_decoder_linear_decoder/train/139.npz
tweety_bert/experiments/Bird5_decoder_linear_decoder/train/76.npz
tweety_bert/experiments/Bird5_decoder_linear_decoder/train/206.npz
tweety_bert/experiments/Bird5_decoder_linear_decoder/train/264.npz
tweety_bert/experiments/Bird5_decoder_linear_decoder/train/282.npz
tweety_bert/experiments/Bird5_decoder_linear_decoder/train/244.npz
tweety_bert/experiments/Bird5_decoder_linear_decoder/train/289.npz
tweety_bert/experiments/Bird5_decoder_linear_decoder/train/173.npz
tweety_bert/experiments/Bird5_decoder_linear_decoder/train/296.npz
tweety_bert/experiments/Bird5_decoder_linear_decoder/train/189.npz
tweety_bert/experiments/Bird5_decoder_linear_decoder/train/154.npz
tweety_bert/experiments/Bird5_decoder_linear_decoder/train/149.npz
tweety_bert/experiments/Bird5_decoder_linear_decoder/train/227.npz
tweety_bert/experiments/Bird5_decoder_linear_decoder/train/210.npz
tweety_bert/experiments/Bird5_decoder_linear_decoder/train/77.npz
tweety_bert/experiments/Bird5_decoder_linear_decoder/train/119.npz
tweety_bert/experiments/Bird5_decoder_linear_decoder/train/143.npz
tweety_bert/experiments/Bird5_decoder_linear_decoder/train/195.npz
tweety_bert/experiments/Bird5_decoder_linear_decoder/train/111.npz
tweety_bert/experiments/Bird5_decoder_linear_decoder/train/234.npz
tweety_bert/experiments/Bird5_decoder_linear_decoder/train/152.npz
tweety_bert/experiments/Bird5_decoder_linear_decoder/train/164.npz
tweety_bert/experiments/Bird5_decoder_linear_decoder/train/82.npz
tweety_bert/experiments/Bird5_decoder_linear_decoder/train/253.npz
tweety_bert/experiments/Bird5_decoder_linear_decoder/train/30.npz
tweety_bert/experiments/Bird5_decoder_linear_decoder/train/156.npz
tweety_bert/experiments/Bird5_decoder_linear_decoder/train/10.npz
tweety_bert/experiments/Bird5_decoder_linear_decoder/train/107.npz
tweety_bert/experiments/Bird5_decoder_linear_decoder/train/124.npz
tweety_bert/experiments/Bird5_decoder_linear_decoder/train/161.npz
tweety_bert/experiments/Bird5_decoder_linear_decoder/train/220.npz
tweety_bert/experiments/Bird5_decoder_linear_decoder/train/112.npz
tweety_bert/experiments/Bird5_decoder_linear_decoder/train/57.npz
tweety_bert/experiments/Bird5_decoder_linear_decoder/train/236.npz
tweety_bert/experiments/Bird5_decoder_linear_decoder/train/120.npz
tweety_bert/experiments/Bird5_decoder_linear_decoder/train/75.npz
tweety_bert/experiments/Bird5_decoder_linear_decoder/train/212.npz
tweety_bert/experiments/Bird5_decoder_linear_decoder/train/250.npz
tweety_bert/experiments/Bird5_decoder_linear_decoder/train/3.npz
tweety_bert/experiments/Bird5_decoder_linear_decoder/train/34.npz
tweety_bert/experiments/Bird5_decoder_linear_decoder/train/245.npz
tweety_bert/experiments/Bird5_decoder_linear_decoder/train/299.npz
tweety_bert/experiments/Bird5_decoder_linear_decoder/train/218.npz
tweety_bert/experiments/Bird5_decoder_linear_decoder/train/294.npz
tweety_bert/experiments/Bird5_decoder_linear_decoder/train/22.npz
tweety_bert/experiments/Bird5_decoder_linear_decoder/train/148.npz
tweety_bert/experiments/Bird5_decoder_linear_decoder/train/265.npz
tweety_bert/experiments/Bird5_decoder_linear_decoder/train/134.npz
tweety_bert/experiments/Bird5_decoder_linear_decoder/train/214.npz
tweety_bert/experiments/Bird5_decoder_linear_decoder/train/298.npz
tweety_bert/experiments/Bird5_decoder_linear_decoder/train/66.npz
tweety_bert/experiments/Bird5_decoder_linear_decoder/train/103.npz
tweety_bert/experiments/Bird5_decoder_linear_decoder/train/108.npz
tweety_bert/experiments/Bird5_decoder_linear_decoder/train/243.npz
tweety_bert/experiments/Bird5_decoder_linear_decoder/train/74.npz
tweety_bert/experiments/Bird5_decoder_linear_decoder/train/256.npz
tweety_bert/experiments/Bird5_decoder_linear_decoder/train/71.npz
tweety_bert/experiments/Bird5_decoder_linear_decoder/train/268.npz
tweety_bert/experiments/Bird5_decoder_linear_decoder/train/48.npz
tweety_bert/experiments/Bird5_decoder_linear_decoder/train/259.npz
tweety_bert/experiments/Bird5_decoder_linear_decoder/train/24.npz
tweety_bert/experiments/Bird5_decoder_linear_decoder/train/151.npz
tweety_bert/experiments/Bird5_decoder_linear_decoder/train/67.npz
tweety_bert/experiments/Bird5_decoder_linear_decoder/train/155.npz
tweety_bert/experiments/Bird5_decoder_linear_decoder/train/86.npz
tweety_bert/experiments/Bird5_decoder_linear_decoder/train/187.npz
tweety_bert/experiments/Bird5_decoder_linear_decoder/train/201.npz
tweety_bert/experiments/Bird5_decoder_linear_decoder/train/47.npz
tweety_bert/experiments/Bird5_decoder_linear_decoder/train/200.npz
tweety_bert/experiments/Bird5_decoder_linear_decoder/train/217.npz
tweety_bert/experiments/Bird5_decoder_linear_decoder/train/35.npz
tweety_bert/experiments/Bird5_decoder_linear_decoder/train/172.npz
tweety_bert/experiments/Bird5_decoder_linear_decoder/train/94.npz
tweety_bert/experiments/Bird5_decoder_linear_decoder/train/17.npz
tweety_bert/experiments/Bird5_decoder_linear_decoder/train/79.npz
tweety_bert/experiments/Bird5_decoder_linear_decoder/train/203.npz
tweety_bert/experiments/Bird5_decoder_linear_decoder/train/208.npz
tweety_bert/experiments/Bird5_decoder_linear_decoder/train/269.npz
tweety_bert/experiments/Bird5_decoder_linear_decoder/train/278.npz
tweety_bert/experiments/Bird5_decoder_linear_decoder/train/194.npz
tweety_bert/experiments/Bird5_decoder_linear_decoder/train/162.npz
tweety_bert/experiments/Bird5_decoder_linear_decoder/train/163.npz
tweety_bert/experiments/Bird5_decoder_linear_decoder/train/87.npz
tweety_bert/experiments/Bird5_decoder_linear_decoder/train/61.npz
tweety_bert/experiments/Bird5_decoder_linear_decoder/train/2.npz
tweety_bert/experiments/Bird5_decoder_linear_decoder/train/1.npz
tweety_bert/experiments/Bird5_decoder_linear_decoder/train/228.npz
tweety_bert/experiments/Bird5_decoder_linear_decoder/train/115.npz
tweety_bert/experiments/Bird5_decoder_linear_decoder/train/160.npz
tweety_bert/experiments/Bird5_decoder_linear_decoder/train/273.npz
tweety_bert/experiments/Bird5_decoder_linear_decoder/train/257.npz
tweety_bert/experiments/Bird5_decoder_linear_decoder/train/191.npz
tweety_bert/experiments/Bird5_decoder_linear_decoder/train/27.npz
tweety_bert/experiments/Bird5_decoder_linear_decoder/train/113.npz
tweety_bert/experiments/Bird5_decoder_linear_decoder/train/91.npz
tweety_bert/experiments/Bird5_decoder_linear_decoder/train/226.npz
tweety_bert/experiments/Bird5_decoder_linear_decoder/train/28.npz
tweety_bert/experiments/Bird5_decoder_linear_decoder/train/159.npz
tweety_bert/experiments/Bird5_decoder_linear_decoder/train/249.npz
tweety_bert/experiments/Bird5_decoder_linear_decoder/train/237.npz
tweety_bert/experiments/Bird5_decoder_linear_decoder/train/56.npz
tweety_bert/experiments/Bird5_decoder_linear_decoder/train/219.npz
tweety_bert/experiments/Bird5_decoder_linear_decoder/train/260.npz
tweety_bert/experiments/Bird5_decoder_linear_decoder/train/55.npz
tweety_bert/experiments/Bird5_decoder_linear_decoder/train/197.npz
tweety_bert/experiments/Bird5_decoder_linear_decoder/train/116.npz
tweety_bert/experiments/Bird5_decoder_linear_decoder/train/15.npz
tweety_bert/experiments/Bird5_decoder_linear_decoder/train/274.npz
tweety_bert/experiments/Bird5_decoder_linear_decoder/train/29.npz
tweety_bert/experiments/Bird5_decoder_linear_decoder/train/196.npz
tweety_bert/experiments/Bird5_decoder_linear_decoder/train/104.npz
tweety_bert/experiments/Bird5_decoder_linear_decoder/train/109.npz
tweety_bert/experiments/Bird5_decoder_linear_decoder/train/277.npz
tweety_bert/experiments/Bird5_decoder_linear_decoder/train/192.npz
tweety_bert/experiments/Bird5_decoder_linear_decoder/train/9.npz
tweety_bert/experiments/Bird5_decoder_linear_decoder/train/31.npz
tweety_bert/experiments/Bird5_decoder_linear_decoder/train/279.npz
tweety_bert/experiments/Bird5_decoder_linear_decoder/train/105.npz
tweety_bert/experiments/Bird5_decoder_linear_decoder/train/188.npz
tweety_bert/experiments/Bird5_decoder_linear_decoder/train/85.npz
tweety_bert/experiments/Bird5_decoder_linear_decoder/train/144.npz
tweety_bert/experiments/Bird5_decoder_linear_decoder/train/168.npz
tweety_bert/experiments/Bird5_decoder_linear_decoder/train/110.npz
tweety_bert/experiments/Bird5_decoder_linear_decoder/train/26.npz
tweety_bert/experiments/Bird5_decoder_linear_decoder/train/129.npz
tweety_bert/experiments/Bird5_decoder_linear_decoder/train/266.npz
tweety_bert/experiments/Bird5_decoder_linear_decoder/train/288.npz
tweety_bert/experiments/Bird5_decoder_linear_decoder/train/6.npz
tweety_bert/experiments/Bird5_decoder_linear_decoder/train/117.npz
tweety_bert/experiments/Bird5_decoder_linear_decoder/train/5.npz
tweety_bert/experiments/Bird5_decoder_linear_decoder/train/60.npz
tweety_bert/experiments/Bird5_decoder_linear_decoder/train/242.npz
tweety_bert/experiments/Bird5_decoder_linear_decoder/train/44.npz
tweety_bert/experiments/Bird5_decoder_linear_decoder/train/7.npz
tweety_bert/experiments/Bird5_decoder_linear_decoder/train/216.npz
tweety_bert/experiments/Bird5_decoder_linear_decoder/train/248.npz
tweety_bert/experiments/Bird5_decoder_linear_decoder/train/262.npz
tweety_bert/experiments/Bird5_decoder_linear_decoder/train/261.npz
tweety_bert/experiments/Bird5_decoder_linear_decoder/train/19.npz
tweety_bert/experiments/Bird5_decoder_linear_decoder/train/8.npz
tweety_bert/experiments/Bird5_decoder_linear_decoder/train/14.npz
tweety_bert/experiments/Bird5_decoder_linear_decoder/train/142.npz
tweety_bert/experiments/Bird5_decoder_linear_decoder/train/125.npz
tweety_bert/experiments/Bird5_decoder_linear_decoder/train/114.npz
tweety_bert/experiments/Bird5_decoder_linear_decoder/train/127.npz
tweety_bert/experiments/Bird5_decoder_linear_decoder/train/258.npz
tweety_bert/experiments/Bird5_decoder_linear_decoder/train/102.npz
tweety_bert/experiments/Bird5_decoder_linear_decoder/train/241.npz
tweety_bert/experiments/Bird5_decoder_linear_decoder/train/147.npz
tweety_bert/experiments/Bird5_decoder_linear_decoder/train/230.npz
tweety_bert/experiments/Bird5_decoder_linear_decoder/train/254.npz
tweety_bert/experiments/Bird5_decoder_linear_decoder/train/221.npz
tweety_bert/experiments/Bird5_decoder_linear_decoder/train/176.npz
tweety_bert/experiments/Bird5_decoder_linear_decoder/train/270.npz
tweety_bert/experiments/Bird5_decoder_linear_decoder/train/267.npz
tweety_bert/experiments/Bird5_decoder_linear_decoder/train/225.npz
tweety_bert/experiments/Bird5_decoder_linear_decoder/train/205.npz
tweety_bert/experiments/Bird5_decoder_linear_decoder/train/215.npz
tweety_bert/experiments/Bird5_decoder_linear_decoder/train/123.npz
tweety_bert/experiments/Bird5_decoder_linear_decoder/train/43.npz
tweety_bert/experiments/Bird5_decoder_linear_decoder/train/131.npz
tweety_bert/experiments/Bird5_decoder_linear_decoder/train/140.npz
tweety_bert/experiments/Bird5_decoder_linear_decoder/train/240.npz
tweety_bert/experiments/Bird5_decoder_linear_decoder/train/290.npz
tweety_bert/experiments/Bird5_decoder_linear_decoder/train/135.npz
tweety_bert/experiments/Bird5_decoder_linear_decoder/train/121.npz
tweety_bert/experiments/Bird5_decoder_linear_decoder/train/238.npz
tweety_bert/experiments/Bird5_decoder_linear_decoder/train/231.npz
tweety_bert/experiments/Bird5_decoder_linear_decoder/train/68.npz
tweety_bert/experiments/Bird5_decoder_linear_decoder/train/183.npz
tweety_bert/experiments/Bird5_decoder_linear_decoder/train/239.npz
tweety_bert/experiments/Bird5_decoder_linear_decoder/train/138.npz
tweety_bert/experiments/Bird5_decoder_linear_decoder/train/25.npz
tweety_bert/experiments/Bird5_decoder_linear_decoder/train/158.npz
tweety_bert/experiments/Bird5_decoder_linear_decoder/train/97.npz
tweety_bert/experiments/Bird5_decoder_linear_decoder/train/0.npz
tweety_bert/experiments/Bird5_decoder_linear_decoder/train/184.npz
tweety_bert/experiments/Bird5_decoder_linear_decoder/train/246.npz
tweety_bert/experiments/Bird5_decoder_linear_decoder/train/62.npz
tweety_bert/experiments/Bird5_decoder_linear_decoder/train/16.npz
tweety_bert/experiments/Bird5_decoder_linear_decoder/train/40.npz
tweety_bert/experiments/Bird5_decoder_linear_decoder/train/178.npz
tweety_bert/experiments/Bird5_decoder_linear_decoder/train/45.npz
tweety_bert/experiments/Bird5_decoder_linear_decoder/train/145.npz
tweety_bert/experiments/Bird5_decoder_linear_decoder/train/280.npz
tweety_bert/experiments/Bird5_decoder_linear_decoder/train/165.npz
tweety_bert/experiments/Bird5_decoder_linear_decoder/train/252.npz
tweety_bert/experiments/Bird5_decoder_linear_decoder/train/37.npz
tweety_bert/experiments/Bird5_decoder_linear_decoder/train/224.npz
tweety_bert/experiments/Bird5_decoder_linear_decoder/train/128.npz
tweety_bert/experiments/Bird5_decoder_linear_decoder/train/11.npz
tweety_bert/experiments/Bird5_decoder_linear_decoder/train/180.npz
tweety_bert/experiments/Bird5_decoder_linear_decoder/decoder_state/
tweety_bert/experiments/Bird5_decoder_linear_decoder/decoder_state/decoder_config.json
tweety_bert/experiments/Bird5_decoder_linear_decoder/decoder_state/original_data.npz
tweety_bert/experiments/Bird5_decoder_linear_decoder/decoder_state/decoder_weights.pth
tweety_bert/experiments/MyTweetyBERTModel/
tweety_bert/experiments/MyTweetyBERTModel/train_files.txt
tweety_bert/experiments/MyTweetyBERTModel/config.json
tweety_bert/experiments/MyTweetyBERTModel/training_validation_loss_plots.png
tweety_bert/experiments/MyTweetyBERTModel/saved_weights/
tweety_bert/experiments/MyTweetyBERTModel/saved_weights/model_step_47000.pth
tweety_bert/experiments/MyTweetyBERTModel/saved_weights/model_step_38250.pth
tweety_bert/experiments/MyTweetyBERTModel/saved_weights/model_step_18250.pth
tweety_bert/experiments/MyTweetyBERTModel/saved_weights/model_step_53250.pth
tweety_bert/experiments/MyTweetyBERTModel/saved_weights/model_step_31000.pth
tweety_bert/experiments/MyTweetyBERTModel/saved_weights/model_step_73500.pth
tweety_bert/experiments/MyTweetyBERTModel/saved_weights/model_step_17250.pth
tweety_bert/experiments/MyTweetyBERTModel/saved_weights/model_step_11000.pth
tweety_bert/experiments/MyTweetyBERTModel/saved_weights/model_step_23250.pth
tweety_bert/experiments/MyTweetyBERTModel/saved_weights/model_step_11500.pth
tweety_bert/experiments/MyTweetyBERTModel/saved_weights/model_step_36000.pth
tweety_bert/experiments/MyTweetyBERTModel/saved_weights/model_step_47750.pth
tweety_bert/experiments/MyTweetyBERTModel/saved_weights/model_step_95500.pth
tweety_bert/experiments/MyTweetyBERTModel/saved_weights/model_step_27000.pth
tweety_bert/experiments/MyTweetyBERTModel/saved_weights/model_step_16000.pth
tweety_bert/experiments/MyTweetyBERTModel/saved_weights/model_step_37500.pth
tweety_bert/experiments/MyTweetyBERTModel/saved_weights/model_step_4000.pth
tweety_bert/experiments/MyTweetyBERTModel/saved_weights/model_step_6500.pth
tweety_bert/experiments/MyTweetyBERTModel/saved_weights/model_step_16500.pth
tweety_bert/experiments/MyTweetyBERTModel/saved_weights/model_step_85000.pth
tweety_bert/experiments/MyTweetyBERTModel/saved_weights/model_step_61000.pth
tweety_bert/experiments/MyTweetyBERTModel/saved_weights/model_step_26000.pth
tweety_bert/experiments/MyTweetyBERTModel/saved_weights/model_step_46250.pth
tweety_bert/experiments/MyTweetyBERTModel/saved_weights/model_step_21750.pth
tweety_bert/experiments/MyTweetyBERTModel/saved_weights/model_step_16250.pth
tweety_bert/experiments/MyTweetyBERTModel/saved_weights/model_step_27750.pth
tweety_bert/experiments/MyTweetyBERTModel/saved_weights/model_step_26250.pth
tweety_bert/experiments/MyTweetyBERTModel/saved_weights/model_step_55750.pth
tweety_bert/experiments/MyTweetyBERTModel/saved_weights/model_step_61500.pth
tweety_bert/experiments/MyTweetyBERTModel/saved_weights/model_step_31750.pth
tweety_bert/experiments/MyTweetyBERTModel/saved_weights/model_step_18750.pth
tweety_bert/experiments/MyTweetyBERTModel/saved_weights/model_step_68000.pth
tweety_bert/experiments/MyTweetyBERTModel/saved_weights/model_step_45250.pth
tweety_bert/experiments/MyTweetyBERTModel/saved_weights/model_step_86000.pth
tweety_bert/experiments/MyTweetyBERTModel/saved_weights/model_step_98750.pth
tweety_bert/experiments/MyTweetyBERTModel/saved_weights/model_step_30250.pth
tweety_bert/experiments/MyTweetyBERTModel/saved_weights/model_step_82000.pth
tweety_bert/experiments/MyTweetyBERTModel/saved_weights/model_step_87750.pth
tweety_bert/experiments/MyTweetyBERTModel/saved_weights/model_step_63500.pth
tweety_bert/experiments/MyTweetyBERTModel/saved_weights/model_step_250.pth
tweety_bert/experiments/MyTweetyBERTModel/saved_weights/model_step_99500.pth
tweety_bert/experiments/MyTweetyBERTModel/saved_weights/model_step_61750.pth
tweety_bert/experiments/MyTweetyBERTModel/saved_weights/model_step_47500.pth
tweety_bert/experiments/MyTweetyBERTModel/saved_weights/model_step_40000.pth
tweety_bert/experiments/MyTweetyBERTModel/saved_weights/model_step_37000.pth
tweety_bert/experiments/MyTweetyBERTModel/saved_weights/model_step_51500.pth
tweety_bert/experiments/MyTweetyBERTModel/saved_weights/model_step_84250.pth
tweety_bert/experiments/MyTweetyBERTModel/saved_weights/model_step_3250.pth
tweety_bert/experiments/MyTweetyBERTModel/saved_weights/model_step_28250.pth
tweety_bert/experiments/MyTweetyBERTModel/saved_weights/model_step_18500.pth
tweety_bert/experiments/MyTweetyBERTModel/saved_weights/model_step_98000.pth
tweety_bert/experiments/MyTweetyBERTModel/saved_weights/model_step_25500.pth
tweety_bert/experiments/MyTweetyBERTModel/saved_weights/model_step_4250.pth
tweety_bert/experiments/MyTweetyBERTModel/saved_weights/model_step_8000.pth
tweety_bert/experiments/MyTweetyBERTModel/saved_weights/model_step_61250.pth
tweety_bert/experiments/MyTweetyBERTModel/saved_weights/model_step_1250.pth
tweety_bert/experiments/MyTweetyBERTModel/saved_weights/model_step_90250.pth
tweety_bert/experiments/MyTweetyBERTModel/saved_weights/model_step_72750.pth
tweety_bert/experiments/MyTweetyBERTModel/saved_weights/model_step_35000.pth
tweety_bert/experiments/MyTweetyBERTModel/saved_weights/model_step_90000.pth
tweety_bert/experiments/MyTweetyBERTModel/saved_weights/model_step_58750.pth
tweety_bert/experiments/MyTweetyBERTModel/saved_weights/model_step_85500.pth
tweety_bert/experiments/MyTweetyBERTModel/saved_weights/model_step_9500.pth
tweety_bert/experiments/MyTweetyBERTModel/saved_weights/model_step_96000.pth
tweety_bert/experiments/MyTweetyBERTModel/saved_weights/model_step_7500.pth
tweety_bert/experiments/MyTweetyBERTModel/saved_weights/model_step_97500.pth
tweety_bert/experiments/MyTweetyBERTModel/saved_weights/model_step_750.pth
tweety_bert/experiments/MyTweetyBERTModel/saved_weights/model_step_47250.pth
tweety_bert/experiments/MyTweetyBERTModel/saved_weights/model_step_54000.pth
tweety_bert/experiments/MyTweetyBERTModel/saved_weights/model_step_21500.pth
tweety_bert/experiments/MyTweetyBERTModel/saved_weights/model_step_77250.pth
tweety_bert/experiments/MyTweetyBERTModel/saved_weights/model_step_17000.pth
tweety_bert/experiments/MyTweetyBERTModel/saved_weights/model_step_13000.pth
tweety_bert/experiments/MyTweetyBERTModel/saved_weights/model_step_27500.pth
tweety_bert/experiments/MyTweetyBERTModel/saved_weights/model_step_21000.pth
tweety_bert/experiments/MyTweetyBERTModel/saved_weights/model_step_38500.pth
tweety_bert/experiments/MyTweetyBERTModel/saved_weights/model_step_79500.pth
tweety_bert/experiments/MyTweetyBERTModel/saved_weights/model_step_89500.pth
tweety_bert/experiments/MyTweetyBERTModel/saved_weights/model_step_78500.pth
tweety_bert/experiments/MyTweetyBERTModel/saved_weights/model_step_2750.pth
tweety_bert/experiments/MyTweetyBERTModel/saved_weights/model_step_76250.pth
tweety_bert/experiments/MyTweetyBERTModel/saved_weights/model_step_39500.pth
tweety_bert/experiments/MyTweetyBERTModel/saved_weights/model_step_12750.pth
tweety_bert/experiments/MyTweetyBERTModel/saved_weights/model_step_64000.pth
tweety_bert/experiments/MyTweetyBERTModel/saved_weights/model_step_75500.pth
tweety_bert/experiments/MyTweetyBERTModel/saved_weights/model_step_22750.pth
tweety_bert/experiments/MyTweetyBERTModel/saved_weights/model_step_85250.pth
tweety_bert/experiments/MyTweetyBERTModel/saved_weights/model_step_45750.pth
tweety_bert/experiments/MyTweetyBERTModel/saved_weights/model_step_63250.pth
tweety_bert/experiments/MyTweetyBERTModel/saved_weights/model_step_87250.pth
tweety_bert/experiments/MyTweetyBERTModel/saved_weights/model_step_84000.pth
tweety_bert/experiments/MyTweetyBERTModel/saved_weights/model_step_43750.pth
tweety_bert/experiments/MyTweetyBERTModel/saved_weights/model_step_8250.pth
tweety_bert/experiments/MyTweetyBERTModel/saved_weights/model_step_65750.pth
tweety_bert/experiments/MyTweetyBERTModel/saved_weights/model_step_52250.pth
tweety_bert/experiments/MyTweetyBERTModel/saved_weights/model_step_88750.pth
tweety_bert/experiments/MyTweetyBERTModel/saved_weights/model_step_56250.pth
tweety_bert/experiments/MyTweetyBERTModel/saved_weights/model_step_36750.pth
tweety_bert/experiments/MyTweetyBERTModel/saved_weights/model_step_43000.pth
tweety_bert/experiments/MyTweetyBERTModel/saved_weights/model_step_8500.pth
tweety_bert/experiments/MyTweetyBERTModel/saved_weights/model_step_44000.pth
tweety_bert/experiments/MyTweetyBERTModel/saved_weights/model_step_32000.pth
tweety_bert/experiments/MyTweetyBERTModel/saved_weights/model_step_62000.pth
tweety_bert/experiments/MyTweetyBERTModel/saved_weights/model_step_71250.pth
tweety_bert/experiments/MyTweetyBERTModel/saved_weights/model_step_77000.pth
tweety_bert/experiments/MyTweetyBERTModel/saved_weights/model_step_86250.pth
tweety_bert/experiments/MyTweetyBERTModel/saved_weights/model_step_91500.pth
tweety_bert/experiments/MyTweetyBERTModel/saved_weights/model_step_34750.pth
tweety_bert/experiments/MyTweetyBERTModel/saved_weights/model_step_83250.pth
tweety_bert/experiments/MyTweetyBERTModel/saved_weights/model_step_30000.pth
tweety_bert/experiments/MyTweetyBERTModel/saved_weights/model_step_83750.pth
tweety_bert/experiments/MyTweetyBERTModel/saved_weights/model_step_48000.pth
tweety_bert/experiments/MyTweetyBERTModel/saved_weights/model_step_8750.pth
tweety_bert/experiments/MyTweetyBERTModel/saved_weights/model_step_95250.pth
tweety_bert/experiments/MyTweetyBERTModel/saved_weights/model_step_48250.pth
tweety_bert/experiments/MyTweetyBERTModel/saved_weights/model_step_5500.pth
tweety_bert/experiments/MyTweetyBERTModel/saved_weights/model_step_80000.pth
tweety_bert/experiments/MyTweetyBERTModel/saved_weights/model_step_7250.pth
tweety_bert/experiments/MyTweetyBERTModel/saved_weights/model_step_79250.pth
tweety_bert/experiments/MyTweetyBERTModel/saved_weights/model_step_18000.pth
tweety_bert/experiments/MyTweetyBERTModel/saved_weights/model_step_62750.pth
tweety_bert/experiments/MyTweetyBERTModel/saved_weights/model_step_90750.pth
tweety_bert/experiments/MyTweetyBERTModel/saved_weights/model_step_96250.pth
tweety_bert/experiments/MyTweetyBERTModel/saved_weights/model_step_44500.pth
tweety_bert/experiments/MyTweetyBERTModel/saved_weights/model_step_87000.pth
tweety_bert/experiments/MyTweetyBERTModel/saved_weights/model_step_0.pth
tweety_bert/experiments/MyTweetyBERTModel/saved_weights/model_step_36500.pth
tweety_bert/experiments/MyTweetyBERTModel/saved_weights/model_step_52750.pth
tweety_bert/experiments/MyTweetyBERTModel/saved_weights/model_step_39000.pth
tweety_bert/experiments/MyTweetyBERTModel/saved_weights/model_step_87500.pth
tweety_bert/experiments/MyTweetyBERTModel/saved_weights/model_step_24750.pth
tweety_bert/experiments/MyTweetyBERTModel/saved_weights/model_step_24000.pth
tweety_bert/experiments/MyTweetyBERTModel/saved_weights/model_step_94500.pth
tweety_bert/experiments/MyTweetyBERTModel/saved_weights/model_step_93750.pth
tweety_bert/experiments/MyTweetyBERTModel/saved_weights/model_step_50000.pth
tweety_bert/experiments/MyTweetyBERTModel/saved_weights/model_step_6000.pth
tweety_bert/experiments/MyTweetyBERTModel/saved_weights/model_step_15000.pth
tweety_bert/experiments/MyTweetyBERTModel/saved_weights/model_step_34000.pth
tweety_bert/experiments/MyTweetyBERTModel/saved_weights/model_step_73250.pth
tweety_bert/experiments/MyTweetyBERTModel/saved_weights/model_step_92250.pth
tweety_bert/experiments/MyTweetyBERTModel/saved_weights/model_step_94250.pth
tweety_bert/experiments/MyTweetyBERTModel/saved_weights/model_step_98500.pth
tweety_bert/experiments/MyTweetyBERTModel/saved_weights/model_step_82750.pth
tweety_bert/experiments/MyTweetyBERTModel/saved_weights/model_step_69750.pth
tweety_bert/experiments/MyTweetyBERTModel/saved_weights/model_step_44750.pth
tweety_bert/experiments/MyTweetyBERTModel/saved_weights/model_step_60000.pth
tweety_bert/experiments/MyTweetyBERTModel/saved_weights/model_step_42000.pth
tweety_bert/experiments/MyTweetyBERTModel/saved_weights/model_step_70250.pth
tweety_bert/experiments/MyTweetyBERTModel/saved_weights/model_step_88500.pth
tweety_bert/experiments/MyTweetyBERTModel/saved_weights/model_step_88000.pth
tweety_bert/experiments/MyTweetyBERTModel/saved_weights/model_step_32500.pth
tweety_bert/experiments/MyTweetyBERTModel/saved_weights/model_step_99250.pth
tweety_bert/experiments/MyTweetyBERTModel/saved_weights/model_step_71500.pth
tweety_bert/experiments/MyTweetyBERTModel/saved_weights/model_step_51750.pth
tweety_bert/experiments/MyTweetyBERTModel/saved_weights/model_step_68500.pth
tweety_bert/experiments/MyTweetyBERTModel/saved_weights/model_step_74250.pth
tweety_bert/experiments/MyTweetyBERTModel/saved_weights/model_step_44250.pth
tweety_bert/experiments/MyTweetyBERTModel/saved_weights/model_step_54250.pth
tweety_bert/experiments/MyTweetyBERTModel/saved_weights/model_step_35250.pth
tweety_bert/experiments/MyTweetyBERTModel/saved_weights/model_step_5250.pth
tweety_bert/experiments/MyTweetyBERTModel/saved_weights/model_step_57000.pth
tweety_bert/experiments/MyTweetyBERTModel/saved_weights/model_step_13500.pth
tweety_bert/experiments/MyTweetyBERTModel/saved_weights/model_step_59750.pth
tweety_bert/experiments/MyTweetyBERTModel/saved_weights/model_step_49750.pth
tweety_bert/experiments/MyTweetyBERTModel/saved_weights/model_step_34250.pth
tweety_bert/experiments/MyTweetyBERTModel/saved_weights/model_step_29500.pth
tweety_bert/experiments/MyTweetyBERTModel/saved_weights/model_step_35500.pth
tweety_bert/experiments/MyTweetyBERTModel/saved_weights/model_step_32250.pth
tweety_bert/experiments/MyTweetyBERTModel/saved_weights/model_step_73000.pth
tweety_bert/experiments/MyTweetyBERTModel/saved_weights/model_step_70500.pth
tweety_bert/experiments/MyTweetyBERTModel/saved_weights/model_step_78750.pth
tweety_bert/experiments/MyTweetyBERTModel/saved_weights/model_step_53750.pth
tweety_bert/experiments/MyTweetyBERTModel/saved_weights/model_step_93500.pth
tweety_bert/experiments/MyTweetyBERTModel/saved_weights/model_step_28750.pth
tweety_bert/experiments/MyTweetyBERTModel/saved_weights/model_step_57250.pth
tweety_bert/experiments/MyTweetyBERTModel/saved_weights/model_step_28000.pth
tweety_bert/experiments/MyTweetyBERTModel/saved_weights/model_step_58500.pth
tweety_bert/experiments/MyTweetyBERTModel/saved_weights/model_step_26750.pth
tweety_bert/experiments/MyTweetyBERTModel/saved_weights/model_step_50500.pth
tweety_bert/experiments/MyTweetyBERTModel/saved_weights/model_step_42500.pth
tweety_bert/experiments/MyTweetyBERTModel/saved_weights/model_step_67250.pth
tweety_bert/experiments/MyTweetyBERTModel/saved_weights/model_step_65250.pth
tweety_bert/experiments/MyTweetyBERTModel/saved_weights/model_step_36250.pth
tweety_bert/experiments/MyTweetyBERTModel/saved_weights/model_step_4750.pth
tweety_bert/experiments/MyTweetyBERTModel/saved_weights/model_step_79750.pth
tweety_bert/experiments/MyTweetyBERTModel/saved_weights/model_step_4500.pth
tweety_bert/experiments/MyTweetyBERTModel/saved_weights/model_step_41000.pth
tweety_bert/experiments/MyTweetyBERTModel/saved_weights/model_step_81250.pth
tweety_bert/experiments/MyTweetyBERTModel/saved_weights/model_step_46500.pth
tweety_bert/experiments/MyTweetyBERTModel/saved_weights/model_step_23500.pth
tweety_bert/experiments/MyTweetyBERTModel/saved_weights/model_step_99750.pth
tweety_bert/experiments/MyTweetyBERTModel/saved_weights/model_step_24250.pth
tweety_bert/experiments/MyTweetyBERTModel/saved_weights/model_step_90500.pth
tweety_bert/experiments/MyTweetyBERTModel/saved_weights/model_step_20000.pth
tweety_bert/experiments/MyTweetyBERTModel/saved_weights/model_step_96500.pth
tweety_bert/experiments/MyTweetyBERTModel/saved_weights/model_step_72000.pth
tweety_bert/experiments/MyTweetyBERTModel/saved_weights/model_step_14500.pth
tweety_bert/experiments/MyTweetyBERTModel/saved_weights/model_step_89000.pth
tweety_bert/experiments/MyTweetyBERTModel/saved_weights/model_step_25000.pth
tweety_bert/experiments/MyTweetyBERTModel/saved_weights/model_step_69250.pth
tweety_bert/experiments/MyTweetyBERTModel/saved_weights/model_step_38750.pth
tweety_bert/experiments/MyTweetyBERTModel/saved_weights/model_step_56000.pth
tweety_bert/experiments/MyTweetyBERTModel/saved_weights/model_step_14750.pth
tweety_bert/experiments/MyTweetyBERTModel/saved_weights/model_step_56750.pth
tweety_bert/experiments/MyTweetyBERTModel/saved_weights/model_step_81000.pth
tweety_bert/experiments/MyTweetyBERTModel/saved_weights/model_step_57750.pth
tweety_bert/experiments/MyTweetyBERTModel/saved_weights/model_step_37750.pth
tweety_bert/experiments/MyTweetyBERTModel/saved_weights/model_step_25250.pth
tweety_bert/experiments/MyTweetyBERTModel/saved_weights/model_step_50750.pth
tweety_bert/experiments/MyTweetyBERTModel/saved_weights/model_step_49500.pth
tweety_bert/experiments/MyTweetyBERTModel/saved_weights/model_step_19250.pth
tweety_bert/experiments/MyTweetyBERTModel/saved_weights/model_step_39750.pth
tweety_bert/experiments/MyTweetyBERTModel/saved_weights/model_step_70750.pth
tweety_bert/experiments/MyTweetyBERTModel/saved_weights/model_step_39250.pth
tweety_bert/experiments/MyTweetyBERTModel/saved_weights/model_step_75000.pth
tweety_bert/experiments/MyTweetyBERTModel/saved_weights/model_step_68250.pth
tweety_bert/experiments/MyTweetyBERTModel/saved_weights/model_step_81500.pth
tweety_bert/experiments/MyTweetyBERTModel/saved_weights/model_step_45500.pth
tweety_bert/experiments/MyTweetyBERTModel/saved_weights/model_step_91000.pth
tweety_bert/experiments/MyTweetyBERTModel/saved_weights/model_step_66250.pth
tweety_bert/experiments/MyTweetyBERTModel/saved_weights/model_step_64750.pth
tweety_bert/experiments/MyTweetyBERTModel/saved_weights/model_step_99999.pth
tweety_bert/experiments/MyTweetyBERTModel/saved_weights/model_step_20750.pth
tweety_bert/experiments/MyTweetyBERTModel/saved_weights/model_step_84750.pth
tweety_bert/experiments/MyTweetyBERTModel/saved_weights/model_step_52000.pth
tweety_bert/experiments/MyTweetyBERTModel/saved_weights/model_step_1000.pth
tweety_bert/experiments/MyTweetyBERTModel/saved_weights/model_step_74500.pth
tweety_bert/experiments/MyTweetyBERTModel/saved_weights/model_step_15500.pth
tweety_bert/experiments/MyTweetyBERTModel/saved_weights/model_step_34500.pth
tweety_bert/experiments/MyTweetyBERTModel/saved_weights/model_step_42250.pth
tweety_bert/experiments/MyTweetyBERTModel/saved_weights/model_step_37250.pth
tweety_bert/experiments/MyTweetyBERTModel/saved_weights/model_step_65000.pth
tweety_bert/experiments/MyTweetyBERTModel/saved_weights/model_step_65500.pth
tweety_bert/experiments/MyTweetyBERTModel/saved_weights/model_step_9750.pth
tweety_bert/experiments/MyTweetyBERTModel/saved_weights/model_step_78000.pth
tweety_bert/experiments/MyTweetyBERTModel/saved_weights/model_step_68750.pth
tweety_bert/experiments/MyTweetyBERTModel/saved_weights/model_step_25750.pth
tweety_bert/experiments/MyTweetyBERTModel/saved_weights/model_step_72500.pth
tweety_bert/experiments/MyTweetyBERTModel/saved_weights/model_step_67500.pth
tweety_bert/experiments/MyTweetyBERTModel/saved_weights/model_step_77750.pth
tweety_bert/experiments/MyTweetyBERTModel/saved_weights/model_step_84500.pth
tweety_bert/experiments/MyTweetyBERTModel/saved_weights/model_step_62250.pth
tweety_bert/experiments/MyTweetyBERTModel/saved_weights/model_step_64500.pth
tweety_bert/experiments/MyTweetyBERTModel/saved_weights/model_step_81750.pth
tweety_bert/experiments/MyTweetyBERTModel/saved_weights/model_step_93250.pth
tweety_bert/experiments/MyTweetyBERTModel/saved_weights/model_step_30500.pth
tweety_bert/experiments/MyTweetyBERTModel/saved_weights/model_step_67750.pth
tweety_bert/experiments/MyTweetyBERTModel/saved_weights/model_step_76750.pth
tweety_bert/experiments/MyTweetyBERTModel/saved_weights/model_step_70000.pth
tweety_bert/experiments/MyTweetyBERTModel/saved_weights/model_step_54750.pth
tweety_bert/experiments/MyTweetyBERTModel/saved_weights/model_step_82250.pth
tweety_bert/experiments/MyTweetyBERTModel/saved_weights/model_step_10000.pth
tweety_bert/experiments/MyTweetyBERTModel/saved_weights/model_step_79000.pth
tweety_bert/experiments/MyTweetyBERTModel/saved_weights/model_step_19750.pth
tweety_bert/experiments/MyTweetyBERTModel/saved_weights/model_step_57500.pth
tweety_bert/experiments/MyTweetyBERTModel/saved_weights/model_step_52500.pth
tweety_bert/experiments/MyTweetyBERTModel/saved_weights/model_step_86750.pth
tweety_bert/experiments/MyTweetyBERTModel/saved_weights/model_step_66000.pth
tweety_bert/experiments/MyTweetyBERTModel/saved_weights/model_step_40750.pth
tweety_bert/experiments/MyTweetyBERTModel/saved_weights/model_step_6750.pth
tweety_bert/experiments/MyTweetyBERTModel/saved_weights/model_step_98250.pth
tweety_bert/experiments/MyTweetyBERTModel/saved_weights/model_step_50250.pth
tweety_bert/experiments/MyTweetyBERTModel/saved_weights/model_step_91750.pth
tweety_bert/experiments/MyTweetyBERTModel/saved_weights/model_step_9000.pth
tweety_bert/experiments/MyTweetyBERTModel/saved_weights/model_step_73750.pth
tweety_bert/experiments/MyTweetyBERTModel/saved_weights/model_step_29750.pth
tweety_bert/experiments/MyTweetyBERTModel/saved_weights/model_step_41500.pth
tweety_bert/experiments/MyTweetyBERTModel/saved_weights/model_step_60750.pth
tweety_bert/experiments/MyTweetyBERTModel/saved_weights/model_step_59000.pth
tweety_bert/experiments/MyTweetyBERTModel/saved_weights/model_step_82500.pth
tweety_bert/experiments/MyTweetyBERTModel/saved_weights/model_step_40250.pth
tweety_bert/experiments/MyTweetyBERTModel/saved_weights/model_step_76500.pth
tweety_bert/experiments/MyTweetyBERTModel/saved_weights/model_step_80500.pth
tweety_bert/experiments/MyTweetyBERTModel/saved_weights/model_step_80750.pth
tweety_bert/experiments/MyTweetyBERTModel/saved_weights/model_step_12500.pth
tweety_bert/experiments/MyTweetyBERTModel/saved_weights/model_step_92500.pth
tweety_bert/experiments/MyTweetyBERTModel/saved_weights/model_step_55000.pth
tweety_bert/experiments/MyTweetyBERTModel/saved_weights/model_step_71750.pth
tweety_bert/experiments/MyTweetyBERTModel/saved_weights/model_step_78250.pth
tweety_bert/experiments/MyTweetyBERTModel/saved_weights/model_step_33000.pth
tweety_bert/experiments/MyTweetyBERTModel/saved_weights/model_step_43500.pth
tweety_bert/experiments/MyTweetyBERTModel/saved_weights/model_step_17500.pth
tweety_bert/experiments/MyTweetyBERTModel/saved_weights/model_step_76000.pth
tweety_bert/experiments/MyTweetyBERTModel/saved_weights/model_step_67000.pth
tweety_bert/experiments/MyTweetyBERTModel/saved_weights/model_step_96750.pth
tweety_bert/experiments/MyTweetyBERTModel/saved_weights/model_step_72250.pth
tweety_bert/experiments/MyTweetyBERTModel/saved_weights/model_step_5000.pth
tweety_bert/experiments/MyTweetyBERTModel/saved_weights/model_step_55250.pth
tweety_bert/experiments/MyTweetyBERTModel/saved_weights/model_step_22250.pth
tweety_bert/experiments/MyTweetyBERTModel/saved_weights/model_step_3500.pth
tweety_bert/experiments/MyTweetyBERTModel/saved_weights/model_step_93000.pth
tweety_bert/experiments/MyTweetyBERTModel/saved_weights/model_step_85750.pth
tweety_bert/experiments/MyTweetyBERTModel/saved_weights/model_step_33750.pth
tweety_bert/experiments/MyTweetyBERTModel/saved_weights/model_step_49250.pth
tweety_bert/experiments/MyTweetyBERTModel/saved_weights/model_step_17750.pth
tweety_bert/experiments/MyTweetyBERTModel/saved_weights/model_step_7750.pth
tweety_bert/experiments/MyTweetyBERTModel/saved_weights/model_step_12250.pth
tweety_bert/experiments/MyTweetyBERTModel/saved_weights/model_step_75750.pth
tweety_bert/experiments/MyTweetyBERTModel/saved_weights/model_step_71000.pth
tweety_bert/experiments/MyTweetyBERTModel/saved_weights/model_step_77500.pth
tweety_bert/experiments/MyTweetyBERTModel/saved_weights/model_step_53000.pth
tweety_bert/experiments/MyTweetyBERTModel/saved_weights/model_step_40500.pth
tweety_bert/experiments/MyTweetyBERTModel/saved_weights/model_step_62500.pth
tweety_bert/experiments/MyTweetyBERTModel/saved_weights/model_step_89250.pth
tweety_bert/experiments/MyTweetyBERTModel/saved_weights/model_step_63750.pth
tweety_bert/experiments/MyTweetyBERTModel/saved_weights/model_step_92750.pth
tweety_bert/experiments/MyTweetyBERTModel/saved_weights/model_step_60250.pth
tweety_bert/experiments/MyTweetyBERTModel/saved_weights/model_step_80250.pth
tweety_bert/experiments/MyTweetyBERTModel/saved_weights/model_step_53500.pth
tweety_bert/experiments/MyTweetyBERTModel/saved_weights/model_step_28500.pth
tweety_bert/experiments/MyTweetyBERTModel/saved_weights/model_step_97250.pth
tweety_bert/experiments/MyTweetyBERTModel/saved_weights/model_step_11250.pth
tweety_bert/experiments/MyTweetyBERTModel/saved_weights/model_step_58000.pth
tweety_bert/experiments/MyTweetyBERTModel/saved_weights/model_step_89750.pth
tweety_bert/experiments/MyTweetyBERTModel/saved_weights/model_step_69500.pth
tweety_bert/experiments/MyTweetyBERTModel/saved_weights/model_step_88250.pth
tweety_bert/experiments/MyTweetyBERTModel/saved_weights/model_step_22500.pth
tweety_bert/experiments/MyTweetyBERTModel/saved_weights/model_step_97750.pth
tweety_bert/experiments/MyTweetyBERTModel/saved_weights/model_step_11750.pth
tweety_bert/experiments/MyTweetyBERTModel/saved_weights/model_step_46750.pth
tweety_bert/experiments/MyTweetyBERTModel/saved_weights/model_step_500.pth
tweety_bert/experiments/MyTweetyBERTModel/saved_weights/model_step_31500.pth
tweety_bert/experiments/MyTweetyBERTModel/saved_weights/model_step_97000.pth
tweety_bert/experiments/MyTweetyBERTModel/saved_weights/model_step_2500.pth
tweety_bert/experiments/MyTweetyBERTModel/saved_weights/model_step_56500.pth
tweety_bert/experiments/MyTweetyBERTModel/saved_weights/model_step_24500.pth
tweety_bert/experiments/MyTweetyBERTModel/saved_weights/model_step_10750.pth
tweety_bert/experiments/MyTweetyBERTModel/saved_weights/model_step_42750.pth
tweety_bert/experiments/MyTweetyBERTModel/saved_weights/model_step_74750.pth
tweety_bert/experiments/MyTweetyBERTModel/saved_weights/model_step_32750.pth
tweety_bert/experiments/MyTweetyBERTModel/saved_weights/model_step_19500.pth
tweety_bert/experiments/MyTweetyBERTModel/saved_weights/model_step_10250.pth
tweety_bert/experiments/MyTweetyBERTModel/saved_weights/model_step_16750.pth
tweety_bert/experiments/MyTweetyBERTModel/saved_weights/model_step_29000.pth
tweety_bert/experiments/MyTweetyBERTModel/saved_weights/model_step_46000.pth
tweety_bert/experiments/MyTweetyBERTModel/saved_weights/model_step_41250.pth
tweety_bert/experiments/MyTweetyBERTModel/saved_weights/model_step_55500.pth
tweety_bert/experiments/MyTweetyBERTModel/saved_weights/model_step_10500.pth
tweety_bert/experiments/MyTweetyBERTModel/saved_weights/model_step_14250.pth
tweety_bert/experiments/MyTweetyBERTModel/saved_weights/model_step_19000.pth
tweety_bert/experiments/MyTweetyBERTModel/saved_weights/model_step_43250.pth
tweety_bert/experiments/MyTweetyBERTModel/saved_weights/model_step_15250.pth
tweety_bert/experiments/MyTweetyBERTModel/saved_weights/model_step_54500.pth
tweety_bert/experiments/MyTweetyBERTModel/saved_weights/model_step_26500.pth
tweety_bert/experiments/MyTweetyBERTModel/saved_weights/model_step_13750.pth
tweety_bert/experiments/MyTweetyBERTModel/saved_weights/model_step_14000.pth
tweety_bert/experiments/MyTweetyBERTModel/saved_weights/model_step_23750.pth
tweety_bert/experiments/MyTweetyBERTModel/saved_weights/model_step_51000.pth
tweety_bert/experiments/MyTweetyBERTModel/saved_weights/model_step_1750.pth
tweety_bert/experiments/MyTweetyBERTModel/saved_weights/model_step_23000.pth
tweety_bert/experiments/MyTweetyBERTModel/saved_weights/model_step_63000.pth
tweety_bert/experiments/MyTweetyBERTModel/saved_weights/model_step_7000.pth
tweety_bert/experiments/MyTweetyBERTModel/saved_weights/model_step_20500.pth
tweety_bert/experiments/MyTweetyBERTModel/saved_weights/model_step_9250.pth
tweety_bert/experiments/MyTweetyBERTModel/saved_weights/model_step_35750.pth
tweety_bert/experiments/MyTweetyBERTModel/saved_weights/model_step_5750.pth
tweety_bert/experiments/MyTweetyBERTModel/saved_weights/model_step_66750.pth
tweety_bert/experiments/MyTweetyBERTModel/saved_weights/model_step_15750.pth
tweety_bert/experiments/MyTweetyBERTModel/saved_weights/model_step_83000.pth
tweety_bert/experiments/MyTweetyBERTModel/saved_weights/model_step_33500.pth
tweety_bert/experiments/MyTweetyBERTModel/saved_weights/model_step_31250.pth
tweety_bert/experiments/MyTweetyBERTModel/saved_weights/model_step_2000.pth
tweety_bert/experiments/MyTweetyBERTModel/saved_weights/model_step_60500.pth
tweety_bert/experiments/MyTweetyBERTModel/saved_weights/model_step_92000.pth
tweety_bert/experiments/MyTweetyBERTModel/saved_weights/model_step_20250.pth
tweety_bert/experiments/MyTweetyBERTModel/saved_weights/model_step_49000.pth
tweety_bert/experiments/MyTweetyBERTModel/saved_weights/model_step_99000.pth
tweety_bert/experiments/MyTweetyBERTModel/saved_weights/model_step_29250.pth
tweety_bert/experiments/MyTweetyBERTModel/saved_weights/model_step_83500.pth
tweety_bert/experiments/MyTweetyBERTModel/saved_weights/model_step_33250.pth
tweety_bert/experiments/MyTweetyBERTModel/saved_weights/model_step_95750.pth
tweety_bert/experiments/MyTweetyBERTModel/saved_weights/model_step_94750.pth
tweety_bert/experiments/MyTweetyBERTModel/saved_weights/model_step_21250.pth
tweety_bert/experiments/MyTweetyBERTModel/saved_weights/model_step_86500.pth
tweety_bert/experiments/MyTweetyBERTModel/saved_weights/model_step_64250.pth
tweety_bert/experiments/MyTweetyBERTModel/saved_weights/model_step_45000.pth
tweety_bert/experiments/MyTweetyBERTModel/saved_weights/model_step_13250.pth
tweety_bert/experiments/MyTweetyBERTModel/saved_weights/model_step_69000.pth
tweety_bert/experiments/MyTweetyBERTModel/saved_weights/model_step_41750.pth
tweety_bert/experiments/MyTweetyBERTModel/saved_weights/model_step_95000.pth
tweety_bert/experiments/MyTweetyBERTModel/saved_weights/model_step_59500.pth
tweety_bert/experiments/MyTweetyBERTModel/saved_weights/model_step_1500.pth
tweety_bert/experiments/MyTweetyBERTModel/saved_weights/model_step_91250.pth
tweety_bert/experiments/MyTweetyBERTModel/saved_weights/model_step_22000.pth
tweety_bert/experiments/MyTweetyBERTModel/saved_weights/model_step_2250.pth
tweety_bert/experiments/MyTweetyBERTModel/saved_weights/model_step_27250.pth
tweety_bert/experiments/MyTweetyBERTModel/saved_weights/model_step_3000.pth
tweety_bert/experiments/MyTweetyBERTModel/saved_weights/model_step_74000.pth
tweety_bert/experiments/MyTweetyBERTModel/saved_weights/model_step_38000.pth
tweety_bert/experiments/MyTweetyBERTModel/saved_weights/model_step_75250.pth
tweety_bert/experiments/MyTweetyBERTModel/saved_weights/model_step_58250.pth
tweety_bert/experiments/MyTweetyBERTModel/saved_weights/model_step_66500.pth
tweety_bert/experiments/MyTweetyBERTModel/saved_weights/model_step_48750.pth
tweety_bert/experiments/MyTweetyBERTModel/saved_weights/model_step_12000.pth
tweety_bert/experiments/MyTweetyBERTModel/saved_weights/model_step_51250.pth
tweety_bert/experiments/MyTweetyBERTModel/saved_weights/model_step_30750.pth
tweety_bert/experiments/MyTweetyBERTModel/saved_weights/model_step_3750.pth
tweety_bert/experiments/MyTweetyBERTModel/saved_weights/model_step_48500.pth
tweety_bert/experiments/MyTweetyBERTModel/saved_weights/model_step_6250.pth
tweety_bert/experiments/MyTweetyBERTModel/saved_weights/model_step_59250.pth
tweety_bert/experiments/MyTweetyBERTModel/saved_weights/model_step_94000.pth
tweety_bert/experiments/MyTweetyBERTModel/predictions/
tweety_bert/experiments/MyTweetyBERTModel/predictions/Intermediate Outputs_18250.png
tweety_bert/experiments/MyTweetyBERTModel/predictions/Intermediate Outputs_49750.png
tweety_bert/experiments/MyTweetyBERTModel/predictions/MSE_Visualization_27250.png
tweety_bert/experiments/MyTweetyBERTModel/predictions/MSE_Visualization_51250.png
tweety_bert/experiments/MyTweetyBERTModel/predictions/MSE_Visualization_84000.png
tweety_bert/experiments/MyTweetyBERTModel/predictions/MSE_Visualization_42000.png
tweety_bert/experiments/MyTweetyBERTModel/predictions/Intermediate Outputs_37000.png
tweety_bert/experiments/MyTweetyBERTModel/predictions/MSE_Visualization_29000.png
tweety_bert/experiments/MyTweetyBERTModel/predictions/MSE_Visualization_78500.png
tweety_bert/experiments/MyTweetyBERTModel/predictions/Intermediate Outputs_73250.png
tweety_bert/experiments/MyTweetyBERTModel/predictions/Intermediate Outputs_93000.png
tweety_bert/experiments/MyTweetyBERTModel/predictions/MSE_Visualization_23250.png
tweety_bert/experiments/MyTweetyBERTModel/predictions/Intermediate Outputs_64750.png
tweety_bert/experiments/MyTweetyBERTModel/predictions/MSE_Visualization_18000.png
tweety_bert/experiments/MyTweetyBERTModel/predictions/Intermediate Outputs_59500.png
tweety_bert/experiments/MyTweetyBERTModel/predictions/Intermediate Outputs_91750.png
tweety_bert/experiments/MyTweetyBERTModel/predictions/Intermediate Outputs_62250.png
tweety_bert/experiments/MyTweetyBERTModel/predictions/Intermediate Outputs_55250.png
tweety_bert/experiments/MyTweetyBERTModel/predictions/Intermediate Outputs_250.png
tweety_bert/experiments/MyTweetyBERTModel/predictions/Intermediate Outputs_17000.png
tweety_bert/experiments/MyTweetyBERTModel/predictions/MSE_Visualization_64000.png
tweety_bert/experiments/MyTweetyBERTModel/predictions/Intermediate Outputs_85500.png
tweety_bert/experiments/MyTweetyBERTModel/predictions/MSE_Visualization_83250.png
tweety_bert/experiments/MyTweetyBERTModel/predictions/MSE_Visualization_96250.png
tweety_bert/experiments/MyTweetyBERTModel/predictions/MSE_Visualization_86500.png
tweety_bert/experiments/MyTweetyBERTModel/predictions/Intermediate Outputs_72500.png
tweety_bert/experiments/MyTweetyBERTModel/predictions/MSE_Visualization_66500.png
tweety_bert/experiments/MyTweetyBERTModel/predictions/Intermediate Outputs_76250.png
tweety_bert/experiments/MyTweetyBERTModel/predictions/Intermediate Outputs_14250.png
tweety_bert/experiments/MyTweetyBERTModel/predictions/Intermediate Outputs_65500.png
tweety_bert/experiments/MyTweetyBERTModel/predictions/MSE_Visualization_35000.png
tweety_bert/experiments/MyTweetyBERTModel/predictions/MSE_Visualization_37500.png
tweety_bert/experiments/MyTweetyBERTModel/predictions/Intermediate Outputs_40500.png
tweety_bert/experiments/MyTweetyBERTModel/predictions/MSE_Visualization_72750.png
tweety_bert/experiments/MyTweetyBERTModel/predictions/Intermediate Outputs_62000.png
tweety_bert/experiments/MyTweetyBERTModel/predictions/MSE_Visualization_18750.png
tweety_bert/experiments/MyTweetyBERTModel/predictions/MSE_Visualization_92750.png
tweety_bert/experiments/MyTweetyBERTModel/predictions/Intermediate Outputs_1000.png
tweety_bert/experiments/MyTweetyBERTModel/predictions/MSE_Visualization_26750.png
tweety_bert/experiments/MyTweetyBERTModel/predictions/MSE_Visualization_79500.png
tweety_bert/experiments/MyTweetyBERTModel/predictions/MSE_Visualization_13500.png
tweety_bert/experiments/MyTweetyBERTModel/predictions/MSE_Visualization_78750.png
tweety_bert/experiments/MyTweetyBERTModel/predictions/MSE_Visualization_63250.png
tweety_bert/experiments/MyTweetyBERTModel/predictions/Intermediate Outputs_18500.png
tweety_bert/experiments/MyTweetyBERTModel/predictions/Intermediate Outputs_83000.png
tweety_bert/experiments/MyTweetyBERTModel/predictions/MSE_Visualization_95250.png
tweety_bert/experiments/MyTweetyBERTModel/predictions/MSE_Visualization_74750.png
tweety_bert/experiments/MyTweetyBERTModel/predictions/MSE_Visualization_0.png
tweety_bert/experiments/MyTweetyBERTModel/predictions/Intermediate Outputs_20500.png
tweety_bert/experiments/MyTweetyBERTModel/predictions/Intermediate Outputs_47000.png
tweety_bert/experiments/MyTweetyBERTModel/predictions/Intermediate Outputs_29250.png
tweety_bert/experiments/MyTweetyBERTModel/predictions/Intermediate Outputs_98000.png
tweety_bert/experiments/MyTweetyBERTModel/predictions/Intermediate Outputs_90000.png
tweety_bert/experiments/MyTweetyBERTModel/predictions/Intermediate Outputs_22500.png
tweety_bert/experiments/MyTweetyBERTModel/predictions/Intermediate Outputs_4500.png
tweety_bert/experiments/MyTweetyBERTModel/predictions/MSE_Visualization_89500.png
tweety_bert/experiments/MyTweetyBERTModel/predictions/MSE_Visualization_12750.png
tweety_bert/experiments/MyTweetyBERTModel/predictions/MSE_Visualization_95000.png
tweety_bert/experiments/MyTweetyBERTModel/predictions/MSE_Visualization_21000.png
tweety_bert/experiments/MyTweetyBERTModel/predictions/Intermediate Outputs_16750.png
tweety_bert/experiments/MyTweetyBERTModel/predictions/Intermediate Outputs_78750.png
tweety_bert/experiments/MyTweetyBERTModel/predictions/Intermediate Outputs_9750.png
tweety_bert/experiments/MyTweetyBERTModel/predictions/MSE_Visualization_85250.png
tweety_bert/experiments/MyTweetyBERTModel/predictions/Intermediate Outputs_70000.png
tweety_bert/experiments/MyTweetyBERTModel/predictions/Intermediate Outputs_52500.png
tweety_bert/experiments/MyTweetyBERTModel/predictions/MSE_Visualization_54000.png
tweety_bert/experiments/MyTweetyBERTModel/predictions/MSE_Visualization_76000.png
tweety_bert/experiments/MyTweetyBERTModel/predictions/MSE_Visualization_54750.png
tweety_bert/experiments/MyTweetyBERTModel/predictions/MSE_Visualization_59750.png
tweety_bert/experiments/MyTweetyBERTModel/predictions/MSE_Visualization_33500.png
tweety_bert/experiments/MyTweetyBERTModel/predictions/Intermediate Outputs_53250.png
tweety_bert/experiments/MyTweetyBERTModel/predictions/Intermediate Outputs_80000.png
tweety_bert/experiments/MyTweetyBERTModel/predictions/Intermediate Outputs_64000.png
tweety_bert/experiments/MyTweetyBERTModel/predictions/Intermediate Outputs_1250.png
tweety_bert/experiments/MyTweetyBERTModel/predictions/Intermediate Outputs_33000.png
tweety_bert/experiments/MyTweetyBERTModel/predictions/MSE_Visualization_75000.png
tweety_bert/experiments/MyTweetyBERTModel/predictions/MSE_Visualization_52750.png
tweety_bert/experiments/MyTweetyBERTModel/predictions/MSE_Visualization_78000.png
tweety_bert/experiments/MyTweetyBERTModel/predictions/MSE_Visualization_75500.png
tweety_bert/experiments/MyTweetyBERTModel/predictions/Intermediate Outputs_93750.png
tweety_bert/experiments/MyTweetyBERTModel/predictions/Intermediate Outputs_50250.png
tweety_bert/experiments/MyTweetyBERTModel/predictions/MSE_Visualization_60750.png
tweety_bert/experiments/MyTweetyBERTModel/predictions/MSE_Visualization_5500.png
tweety_bert/experiments/MyTweetyBERTModel/predictions/Intermediate Outputs_10000.png
tweety_bert/experiments/MyTweetyBERTModel/predictions/Intermediate Outputs_35000.png
tweety_bert/experiments/MyTweetyBERTModel/predictions/MSE_Visualization_80250.png
tweety_bert/experiments/MyTweetyBERTModel/predictions/MSE_Visualization_62750.png
tweety_bert/experiments/MyTweetyBERTModel/predictions/MSE_Visualization_49750.png
tweety_bert/experiments/MyTweetyBERTModel/predictions/Intermediate Outputs_6750.png
tweety_bert/experiments/MyTweetyBERTModel/predictions/Intermediate Outputs_13750.png
tweety_bert/experiments/MyTweetyBERTModel/predictions/MSE_Visualization_71500.png
tweety_bert/experiments/MyTweetyBERTModel/predictions/MSE_Visualization_69250.png
tweety_bert/experiments/MyTweetyBERTModel/predictions/Intermediate Outputs_21500.png
tweety_bert/experiments/MyTweetyBERTModel/predictions/Intermediate Outputs_16000.png
tweety_bert/experiments/MyTweetyBERTModel/predictions/Intermediate Outputs_75000.png
tweety_bert/experiments/MyTweetyBERTModel/predictions/Intermediate Outputs_66250.png
tweety_bert/experiments/MyTweetyBERTModel/predictions/MSE_Visualization_2750.png
tweety_bert/experiments/MyTweetyBERTModel/predictions/MSE_Visualization_9000.png
tweety_bert/experiments/MyTweetyBERTModel/predictions/Intermediate Outputs_54000.png
tweety_bert/experiments/MyTweetyBERTModel/predictions/MSE_Visualization_15750.png
tweety_bert/experiments/MyTweetyBERTModel/predictions/Intermediate Outputs_4250.png
tweety_bert/experiments/MyTweetyBERTModel/predictions/Intermediate Outputs_41500.png
tweety_bert/experiments/MyTweetyBERTModel/predictions/Intermediate Outputs_21750.png
tweety_bert/experiments/MyTweetyBERTModel/predictions/MSE_Visualization_33000.png
tweety_bert/experiments/MyTweetyBERTModel/predictions/Intermediate Outputs_89000.png
tweety_bert/experiments/MyTweetyBERTModel/predictions/MSE_Visualization_58500.png
tweety_bert/experiments/MyTweetyBERTModel/predictions/Intermediate Outputs_44250.png
tweety_bert/experiments/MyTweetyBERTModel/predictions/Intermediate Outputs_80250.png
tweety_bert/experiments/MyTweetyBERTModel/predictions/MSE_Visualization_35500.png
tweety_bert/experiments/MyTweetyBERTModel/predictions/Intermediate Outputs_97250.png
tweety_bert/experiments/MyTweetyBERTModel/predictions/MSE_Visualization_14500.png
tweety_bert/experiments/MyTweetyBERTModel/predictions/MSE_Visualization_70000.png
tweety_bert/experiments/MyTweetyBERTModel/predictions/Intermediate Outputs_77250.png
tweety_bert/experiments/MyTweetyBERTModel/predictions/MSE_Visualization_90750.png
tweety_bert/experiments/MyTweetyBERTModel/predictions/Intermediate Outputs_32500.png
tweety_bert/experiments/MyTweetyBERTModel/predictions/MSE_Visualization_11250.png
tweety_bert/experiments/MyTweetyBERTModel/predictions/MSE_Visualization_28250.png
tweety_bert/experiments/MyTweetyBERTModel/predictions/MSE_Visualization_83000.png
tweety_bert/experiments/MyTweetyBERTModel/predictions/Intermediate Outputs_7750.png
tweety_bert/experiments/MyTweetyBERTModel/predictions/MSE_Visualization_25000.png
tweety_bert/experiments/MyTweetyBERTModel/predictions/Intermediate Outputs_67750.png
tweety_bert/experiments/MyTweetyBERTModel/predictions/Intermediate Outputs_96500.png
tweety_bert/experiments/MyTweetyBERTModel/predictions/Intermediate Outputs_78000.png
tweety_bert/experiments/MyTweetyBERTModel/predictions/Intermediate Outputs_11500.png
tweety_bert/experiments/MyTweetyBERTModel/predictions/MSE_Visualization_2000.png
tweety_bert/experiments/MyTweetyBERTModel/predictions/MSE_Visualization_57500.png
tweety_bert/experiments/MyTweetyBERTModel/predictions/MSE_Visualization_34250.png
tweety_bert/experiments/MyTweetyBERTModel/predictions/MSE_Visualization_55750.png
tweety_bert/experiments/MyTweetyBERTModel/predictions/MSE_Visualization_70250.png
tweety_bert/experiments/MyTweetyBERTModel/predictions/MSE_Visualization_31000.png
tweety_bert/experiments/MyTweetyBERTModel/predictions/MSE_Visualization_87000.png
tweety_bert/experiments/MyTweetyBERTModel/predictions/MSE_Visualization_3750.png
tweety_bert/experiments/MyTweetyBERTModel/predictions/MSE_Visualization_75750.png
tweety_bert/experiments/MyTweetyBERTModel/predictions/Intermediate Outputs_27500.png
tweety_bert/experiments/MyTweetyBERTModel/predictions/Intermediate Outputs_92000.png
tweety_bert/experiments/MyTweetyBERTModel/predictions/MSE_Visualization_61250.png
tweety_bert/experiments/MyTweetyBERTModel/predictions/Intermediate Outputs_8000.png
tweety_bert/experiments/MyTweetyBERTModel/predictions/MSE_Visualization_16000.png
tweety_bert/experiments/MyTweetyBERTModel/predictions/MSE_Visualization_30250.png
tweety_bert/experiments/MyTweetyBERTModel/predictions/MSE_Visualization_94250.png
tweety_bert/experiments/MyTweetyBERTModel/predictions/Intermediate Outputs_74750.png
tweety_bert/experiments/MyTweetyBERTModel/predictions/Intermediate Outputs_27000.png
tweety_bert/experiments/MyTweetyBERTModel/predictions/MSE_Visualization_500.png
tweety_bert/experiments/MyTweetyBERTModel/predictions/MSE_Visualization_18500.png
tweety_bert/experiments/MyTweetyBERTModel/predictions/MSE_Visualization_41250.png
tweety_bert/experiments/MyTweetyBERTModel/predictions/Intermediate Outputs_60250.png
tweety_bert/experiments/MyTweetyBERTModel/predictions/Intermediate Outputs_82250.png
tweety_bert/experiments/MyTweetyBERTModel/predictions/Intermediate Outputs_36750.png
tweety_bert/experiments/MyTweetyBERTModel/predictions/Intermediate Outputs_37500.png
tweety_bert/experiments/MyTweetyBERTModel/predictions/MSE_Visualization_47750.png
tweety_bert/experiments/MyTweetyBERTModel/predictions/MSE_Visualization_38250.png
tweety_bert/experiments/MyTweetyBERTModel/predictions/Intermediate Outputs_49250.png
tweety_bert/experiments/MyTweetyBERTModel/predictions/Intermediate Outputs_48000.png
tweety_bert/experiments/MyTweetyBERTModel/predictions/MSE_Visualization_44000.png
tweety_bert/experiments/MyTweetyBERTModel/predictions/Intermediate Outputs_87000.png
tweety_bert/experiments/MyTweetyBERTModel/predictions/MSE_Visualization_80000.png
tweety_bert/experiments/MyTweetyBERTModel/predictions/MSE_Visualization_73000.png
tweety_bert/experiments/MyTweetyBERTModel/predictions/Intermediate Outputs_15000.png
tweety_bert/experiments/MyTweetyBERTModel/predictions/MSE_Visualization_84250.png
tweety_bert/experiments/MyTweetyBERTModel/predictions/Intermediate Outputs_61750.png
tweety_bert/experiments/MyTweetyBERTModel/predictions/Intermediate Outputs_10250.png
tweety_bert/experiments/MyTweetyBERTModel/predictions/Intermediate Outputs_0.png
tweety_bert/experiments/MyTweetyBERTModel/predictions/MSE_Visualization_36250.png
tweety_bert/experiments/MyTweetyBERTModel/predictions/Intermediate Outputs_15750.png
tweety_bert/experiments/MyTweetyBERTModel/predictions/Intermediate Outputs_78500.png
tweety_bert/experiments/MyTweetyBERTModel/predictions/MSE_Visualization_95750.png
tweety_bert/experiments/MyTweetyBERTModel/predictions/MSE_Visualization_85500.png
tweety_bert/experiments/MyTweetyBERTModel/predictions/MSE_Visualization_73500.png
tweety_bert/experiments/MyTweetyBERTModel/predictions/Intermediate Outputs_57250.png
tweety_bert/experiments/MyTweetyBERTModel/predictions/Intermediate Outputs_81750.png
tweety_bert/experiments/MyTweetyBERTModel/predictions/MSE_Visualization_55500.png
tweety_bert/experiments/MyTweetyBERTModel/predictions/Intermediate Outputs_9000.png
tweety_bert/experiments/MyTweetyBERTModel/predictions/Intermediate Outputs_8750.png
tweety_bert/experiments/MyTweetyBERTModel/predictions/MSE_Visualization_99000.png
tweety_bert/experiments/MyTweetyBERTModel/predictions/MSE_Visualization_27750.png
tweety_bert/experiments/MyTweetyBERTModel/predictions/MSE_Visualization_10000.png
tweety_bert/experiments/MyTweetyBERTModel/predictions/Intermediate Outputs_45000.png
tweety_bert/experiments/MyTweetyBERTModel/predictions/MSE_Visualization_39250.png
tweety_bert/experiments/MyTweetyBERTModel/predictions/MSE_Visualization_79750.png
tweety_bert/experiments/MyTweetyBERTModel/predictions/MSE_Visualization_28000.png
tweety_bert/experiments/MyTweetyBERTModel/predictions/MSE_Visualization_68250.png
tweety_bert/experiments/MyTweetyBERTModel/predictions/Intermediate Outputs_44000.png
tweety_bert/experiments/MyTweetyBERTModel/predictions/MSE_Visualization_3250.png
tweety_bert/experiments/MyTweetyBERTModel/predictions/Intermediate Outputs_66500.png
tweety_bert/experiments/MyTweetyBERTModel/predictions/MSE_Visualization_45750.png
tweety_bert/experiments/MyTweetyBERTModel/predictions/Intermediate Outputs_38000.png
tweety_bert/experiments/MyTweetyBERTModel/predictions/MSE_Visualization_10250.png
tweety_bert/experiments/MyTweetyBERTModel/predictions/Intermediate Outputs_84500.png
tweety_bert/experiments/MyTweetyBERTModel/predictions/MSE_Visualization_88250.png
tweety_bert/experiments/MyTweetyBERTModel/predictions/Intermediate Outputs_38750.png
tweety_bert/experiments/MyTweetyBERTModel/predictions/Intermediate Outputs_19750.png
tweety_bert/experiments/MyTweetyBERTModel/predictions/Intermediate Outputs_98750.png
tweety_bert/experiments/MyTweetyBERTModel/predictions/MSE_Visualization_59000.png
tweety_bert/experiments/MyTweetyBERTModel/predictions/MSE_Visualization_62000.png
tweety_bert/experiments/MyTweetyBERTModel/predictions/Intermediate Outputs_9250.png
tweety_bert/experiments/MyTweetyBERTModel/predictions/MSE_Visualization_4250.png
tweety_bert/experiments/MyTweetyBERTModel/predictions/MSE_Visualization_71250.png
tweety_bert/experiments/MyTweetyBERTModel/predictions/MSE_Visualization_7250.png
tweety_bert/experiments/MyTweetyBERTModel/predictions/Intermediate Outputs_3750.png
tweety_bert/experiments/MyTweetyBERTModel/predictions/Intermediate Outputs_86750.png
tweety_bert/experiments/MyTweetyBERTModel/predictions/MSE_Visualization_68500.png
tweety_bert/experiments/MyTweetyBERTModel/predictions/Intermediate Outputs_60750.png
tweety_bert/experiments/MyTweetyBERTModel/predictions/MSE_Visualization_4750.png
tweety_bert/experiments/MyTweetyBERTModel/predictions/MSE_Visualization_22000.png
tweety_bert/experiments/MyTweetyBERTModel/predictions/Intermediate Outputs_62750.png
tweety_bert/experiments/MyTweetyBERTModel/predictions/MSE_Visualization_82250.png
tweety_bert/experiments/MyTweetyBERTModel/predictions/Intermediate Outputs_20750.png
tweety_bert/experiments/MyTweetyBERTModel/predictions/Intermediate Outputs_25500.png
tweety_bert/experiments/MyTweetyBERTModel/predictions/Intermediate Outputs_81500.png
tweety_bert/experiments/MyTweetyBERTModel/predictions/MSE_Visualization_49250.png
tweety_bert/experiments/MyTweetyBERTModel/predictions/Intermediate Outputs_46250.png
tweety_bert/experiments/MyTweetyBERTModel/predictions/Intermediate Outputs_96750.png
tweety_bert/experiments/MyTweetyBERTModel/predictions/MSE_Visualization_58750.png
tweety_bert/experiments/MyTweetyBERTModel/predictions/Intermediate Outputs_12250.png
tweety_bert/experiments/MyTweetyBERTModel/predictions/MSE_Visualization_48250.png
tweety_bert/experiments/MyTweetyBERTModel/predictions/MSE_Visualization_30750.png
tweety_bert/experiments/MyTweetyBERTModel/predictions/Intermediate Outputs_66000.png
tweety_bert/experiments/MyTweetyBERTModel/predictions/MSE_Visualization_2250.png
tweety_bert/experiments/MyTweetyBERTModel/predictions/MSE_Visualization_45000.png
tweety_bert/experiments/MyTweetyBERTModel/predictions/MSE_Visualization_65250.png
tweety_bert/experiments/MyTweetyBERTModel/predictions/MSE_Visualization_94500.png
tweety_bert/experiments/MyTweetyBERTModel/predictions/MSE_Visualization_13750.png
tweety_bert/experiments/MyTweetyBERTModel/predictions/MSE_Visualization_38500.png
tweety_bert/experiments/MyTweetyBERTModel/predictions/MSE_Visualization_750.png
tweety_bert/experiments/MyTweetyBERTModel/predictions/MSE_Visualization_11500.png
tweety_bert/experiments/MyTweetyBERTModel/predictions/MSE_Visualization_53750.png
tweety_bert/experiments/MyTweetyBERTModel/predictions/Intermediate Outputs_48750.png
tweety_bert/experiments/MyTweetyBERTModel/predictions/MSE_Visualization_45250.png
tweety_bert/experiments/MyTweetyBERTModel/predictions/MSE_Visualization_43500.png
tweety_bert/experiments/MyTweetyBERTModel/predictions/Intermediate Outputs_85250.png
tweety_bert/experiments/MyTweetyBERTModel/predictions/MSE_Visualization_56750.png
tweety_bert/experiments/MyTweetyBERTModel/predictions/Intermediate Outputs_18750.png
tweety_bert/experiments/MyTweetyBERTModel/predictions/MSE_Visualization_13250.png
tweety_bert/experiments/MyTweetyBERTModel/predictions/MSE_Visualization_7000.png
tweety_bert/experiments/MyTweetyBERTModel/predictions/MSE_Visualization_47250.png
tweety_bert/experiments/MyTweetyBERTModel/predictions/MSE_Visualization_48750.png
tweety_bert/experiments/MyTweetyBERTModel/predictions/MSE_Visualization_98250.png
tweety_bert/experiments/MyTweetyBERTModel/predictions/Intermediate Outputs_51000.png
tweety_bert/experiments/MyTweetyBERTModel/predictions/Intermediate Outputs_28250.png
tweety_bert/experiments/MyTweetyBERTModel/predictions/Intermediate Outputs_45250.png
tweety_bert/experiments/MyTweetyBERTModel/predictions/MSE_Visualization_74000.png
tweety_bert/experiments/MyTweetyBERTModel/predictions/MSE_Visualization_99250.png
tweety_bert/experiments/MyTweetyBERTModel/predictions/Intermediate Outputs_34750.png
tweety_bert/experiments/MyTweetyBERTModel/predictions/MSE_Visualization_94750.png
tweety_bert/experiments/MyTweetyBERTModel/predictions/MSE_Visualization_8250.png
tweety_bert/experiments/MyTweetyBERTModel/predictions/Intermediate Outputs_88000.png
tweety_bert/experiments/MyTweetyBERTModel/predictions/MSE_Visualization_38750.png
tweety_bert/experiments/MyTweetyBERTModel/predictions/Intermediate Outputs_95000.png
tweety_bert/experiments/MyTweetyBERTModel/predictions/Intermediate Outputs_3250.png
tweety_bert/experiments/MyTweetyBERTModel/predictions/MSE_Visualization_27000.png
tweety_bert/experiments/MyTweetyBERTModel/predictions/Intermediate Outputs_21250.png
tweety_bert/experiments/MyTweetyBERTModel/predictions/Intermediate Outputs_21000.png
tweety_bert/experiments/MyTweetyBERTModel/predictions/Intermediate Outputs_49500.png
tweety_bert/experiments/MyTweetyBERTModel/predictions/Intermediate Outputs_47500.png
tweety_bert/experiments/MyTweetyBERTModel/predictions/MSE_Visualization_87500.png
tweety_bert/experiments/MyTweetyBERTModel/predictions/Intermediate Outputs_63000.png
tweety_bert/experiments/MyTweetyBERTModel/predictions/MSE_Visualization_50500.png
tweety_bert/experiments/MyTweetyBERTModel/predictions/MSE_Visualization_40750.png
tweety_bert/experiments/MyTweetyBERTModel/predictions/MSE_Visualization_16250.png
tweety_bert/experiments/MyTweetyBERTModel/predictions/MSE_Visualization_8500.png
tweety_bert/experiments/MyTweetyBERTModel/predictions/Intermediate Outputs_91000.png
tweety_bert/experiments/MyTweetyBERTModel/predictions/MSE_Visualization_35750.png
tweety_bert/experiments/MyTweetyBERTModel/predictions/MSE_Visualization_70500.png
tweety_bert/experiments/MyTweetyBERTModel/predictions/Intermediate Outputs_51750.png
tweety_bert/experiments/MyTweetyBERTModel/predictions/Intermediate Outputs_64500.png
tweety_bert/experiments/MyTweetyBERTModel/predictions/MSE_Visualization_85000.png
tweety_bert/experiments/MyTweetyBERTModel/predictions/MSE_Visualization_22500.png
tweety_bert/experiments/MyTweetyBERTModel/predictions/MSE_Visualization_38000.png
tweety_bert/experiments/MyTweetyBERTModel/predictions/MSE_Visualization_3000.png
tweety_bert/experiments/MyTweetyBERTModel/predictions/Intermediate Outputs_55750.png
tweety_bert/experiments/MyTweetyBERTModel/predictions/Intermediate Outputs_33250.png
tweety_bert/experiments/MyTweetyBERTModel/predictions/Intermediate Outputs_32000.png
tweety_bert/experiments/MyTweetyBERTModel/predictions/MSE_Visualization_32250.png
tweety_bert/experiments/MyTweetyBERTModel/predictions/Intermediate Outputs_30000.png
tweety_bert/experiments/MyTweetyBERTModel/predictions/Intermediate Outputs_33500.png
tweety_bert/experiments/MyTweetyBERTModel/predictions/Intermediate Outputs_74000.png
tweety_bert/experiments/MyTweetyBERTModel/predictions/MSE_Visualization_56250.png
tweety_bert/experiments/MyTweetyBERTModel/predictions/Intermediate Outputs_36250.png
tweety_bert/experiments/MyTweetyBERTModel/predictions/Intermediate Outputs_29750.png
tweety_bert/experiments/MyTweetyBERTModel/predictions/MSE_Visualization_58250.png
tweety_bert/experiments/MyTweetyBERTModel/predictions/Intermediate Outputs_84250.png
tweety_bert/experiments/MyTweetyBERTModel/predictions/Intermediate Outputs_45500.png
tweety_bert/experiments/MyTweetyBERTModel/predictions/Intermediate Outputs_13000.png
tweety_bert/experiments/MyTweetyBERTModel/predictions/Intermediate Outputs_63750.png
tweety_bert/experiments/MyTweetyBERTModel/predictions/MSE_Visualization_77750.png
tweety_bert/experiments/MyTweetyBERTModel/predictions/MSE_Visualization_26250.png
tweety_bert/experiments/MyTweetyBERTModel/predictions/MSE_Visualization_47500.png
tweety_bert/experiments/MyTweetyBERTModel/predictions/MSE_Visualization_64500.png
tweety_bert/experiments/MyTweetyBERTModel/predictions/Intermediate Outputs_40000.png
tweety_bert/experiments/MyTweetyBERTModel/predictions/Intermediate Outputs_54500.png
tweety_bert/experiments/MyTweetyBERTModel/predictions/MSE_Visualization_19250.png
tweety_bert/experiments/MyTweetyBERTModel/predictions/Intermediate Outputs_97000.png
tweety_bert/experiments/MyTweetyBERTModel/predictions/Intermediate Outputs_27250.png
tweety_bert/experiments/MyTweetyBERTModel/predictions/Intermediate Outputs_90500.png
tweety_bert/experiments/MyTweetyBERTModel/predictions/Intermediate Outputs_11250.png
tweety_bert/experiments/MyTweetyBERTModel/predictions/Intermediate Outputs_73750.png
tweety_bert/experiments/MyTweetyBERTModel/predictions/Intermediate Outputs_88750.png
tweety_bert/experiments/MyTweetyBERTModel/predictions/Intermediate Outputs_18000.png
tweety_bert/experiments/MyTweetyBERTModel/predictions/Intermediate Outputs_51250.png
tweety_bert/experiments/MyTweetyBERTModel/predictions/MSE_Visualization_48000.png
tweety_bert/experiments/MyTweetyBERTModel/predictions/Intermediate Outputs_82000.png
tweety_bert/experiments/MyTweetyBERTModel/predictions/MSE_Visualization_59500.png
tweety_bert/experiments/MyTweetyBERTModel/predictions/MSE_Visualization_14750.png
tweety_bert/experiments/MyTweetyBERTModel/predictions/MSE_Visualization_31250.png
tweety_bert/experiments/MyTweetyBERTModel/predictions/Intermediate Outputs_58000.png
tweety_bert/experiments/MyTweetyBERTModel/predictions/Intermediate Outputs_80750.png
tweety_bert/experiments/MyTweetyBERTModel/predictions/Intermediate Outputs_30500.png
tweety_bert/experiments/MyTweetyBERTModel/predictions/MSE_Visualization_97000.png
tweety_bert/experiments/MyTweetyBERTModel/predictions/MSE_Visualization_67000.png
tweety_bert/experiments/MyTweetyBERTModel/predictions/MSE_Visualization_92000.png
tweety_bert/experiments/MyTweetyBERTModel/predictions/Intermediate Outputs_26000.png
tweety_bert/experiments/MyTweetyBERTModel/predictions/MSE_Visualization_33750.png
tweety_bert/experiments/MyTweetyBERTModel/predictions/Intermediate Outputs_19000.png
tweety_bert/experiments/MyTweetyBERTModel/predictions/MSE_Visualization_46000.png
tweety_bert/experiments/MyTweetyBERTModel/predictions/Intermediate Outputs_93250.png
tweety_bert/experiments/MyTweetyBERTModel/predictions/Intermediate Outputs_26250.png
tweety_bert/experiments/MyTweetyBERTModel/predictions/MSE_Visualization_88000.png
tweety_bert/experiments/MyTweetyBERTModel/predictions/Intermediate Outputs_84750.png
tweety_bert/experiments/MyTweetyBERTModel/predictions/MSE_Visualization_49000.png
tweety_bert/experiments/MyTweetyBERTModel/predictions/Intermediate Outputs_31750.png
tweety_bert/experiments/MyTweetyBERTModel/predictions/Intermediate Outputs_57000.png
tweety_bert/experiments/MyTweetyBERTModel/predictions/MSE_Visualization_94000.png
tweety_bert/experiments/MyTweetyBERTModel/predictions/MSE_Visualization_36000.png
tweety_bert/experiments/MyTweetyBERTModel/predictions/Intermediate Outputs_77750.png
tweety_bert/experiments/MyTweetyBERTModel/predictions/MSE_Visualization_52500.png
tweety_bert/experiments/MyTweetyBERTModel/predictions/Intermediate Outputs_98500.png
tweety_bert/experiments/MyTweetyBERTModel/predictions/MSE_Visualization_66000.png
tweety_bert/experiments/MyTweetyBERTModel/predictions/MSE_Visualization_85750.png
tweety_bert/experiments/MyTweetyBERTModel/predictions/MSE_Visualization_52000.png
tweety_bert/experiments/MyTweetyBERTModel/predictions/Intermediate Outputs_52250.png
tweety_bert/experiments/MyTweetyBERTModel/predictions/Intermediate Outputs_13250.png
tweety_bert/experiments/MyTweetyBERTModel/predictions/Intermediate Outputs_53000.png
tweety_bert/experiments/MyTweetyBERTModel/predictions/Intermediate Outputs_50000.png
tweety_bert/experiments/MyTweetyBERTModel/predictions/Intermediate Outputs_95750.png
tweety_bert/experiments/MyTweetyBERTModel/predictions/Intermediate Outputs_38500.png
tweety_bert/experiments/MyTweetyBERTModel/predictions/MSE_Visualization_88750.png
tweety_bert/experiments/MyTweetyBERTModel/predictions/MSE_Visualization_16750.png
tweety_bert/experiments/MyTweetyBERTModel/predictions/Intermediate Outputs_99250.png
tweety_bert/experiments/MyTweetyBERTModel/predictions/MSE_Visualization_2500.png
tweety_bert/experiments/MyTweetyBERTModel/predictions/Intermediate Outputs_69750.png
tweety_bert/experiments/MyTweetyBERTModel/predictions/MSE_Visualization_16500.png
tweety_bert/experiments/MyTweetyBERTModel/predictions/MSE_Visualization_53250.png
tweety_bert/experiments/MyTweetyBERTModel/predictions/MSE_Visualization_10500.png
tweety_bert/experiments/MyTweetyBERTModel/predictions/MSE_Visualization_51000.png
tweety_bert/experiments/MyTweetyBERTModel/predictions/Intermediate Outputs_56750.png
tweety_bert/experiments/MyTweetyBERTModel/predictions/Intermediate Outputs_23500.png
tweety_bert/experiments/MyTweetyBERTModel/predictions/MSE_Visualization_96750.png
tweety_bert/experiments/MyTweetyBERTModel/predictions/MSE_Visualization_7750.png
tweety_bert/experiments/MyTweetyBERTModel/predictions/Intermediate Outputs_46750.png
tweety_bert/experiments/MyTweetyBERTModel/predictions/Intermediate Outputs_61000.png
tweety_bert/experiments/MyTweetyBERTModel/predictions/MSE_Visualization_20500.png
tweety_bert/experiments/MyTweetyBERTModel/predictions/Intermediate Outputs_12000.png
tweety_bert/experiments/MyTweetyBERTModel/predictions/MSE_Visualization_74250.png
tweety_bert/experiments/MyTweetyBERTModel/predictions/MSE_Visualization_22250.png
tweety_bert/experiments/MyTweetyBERTModel/predictions/Intermediate Outputs_4000.png
tweety_bert/experiments/MyTweetyBERTModel/predictions/MSE_Visualization_6750.png
tweety_bert/experiments/MyTweetyBERTModel/predictions/Intermediate Outputs_54750.png
tweety_bert/experiments/MyTweetyBERTModel/predictions/MSE_Visualization_36500.png
tweety_bert/experiments/MyTweetyBERTModel/predictions/MSE_Visualization_61750.png
tweety_bert/experiments/MyTweetyBERTModel/predictions/Intermediate Outputs_37750.png
tweety_bert/experiments/MyTweetyBERTModel/predictions/MSE_Visualization_42500.png
tweety_bert/experiments/MyTweetyBERTModel/predictions/MSE_Visualization_64750.png
tweety_bert/experiments/MyTweetyBERTModel/predictions/MSE_Visualization_5000.png
tweety_bert/experiments/MyTweetyBERTModel/predictions/MSE_Visualization_4000.png
tweety_bert/experiments/MyTweetyBERTModel/predictions/Intermediate Outputs_67000.png
tweety_bert/experiments/MyTweetyBERTModel/predictions/Intermediate Outputs_43500.png
tweety_bert/experiments/MyTweetyBERTModel/predictions/MSE_Visualization_43250.png
tweety_bert/experiments/MyTweetyBERTModel/predictions/Intermediate Outputs_47250.png
tweety_bert/experiments/MyTweetyBERTModel/predictions/Intermediate Outputs_25000.png
tweety_bert/experiments/MyTweetyBERTModel/predictions/Intermediate Outputs_10500.png
tweety_bert/experiments/MyTweetyBERTModel/predictions/MSE_Visualization_65000.png
tweety_bert/experiments/MyTweetyBERTModel/predictions/Intermediate Outputs_82500.png
tweety_bert/experiments/MyTweetyBERTModel/predictions/Intermediate Outputs_20250.png
tweety_bert/experiments/MyTweetyBERTModel/predictions/Intermediate Outputs_73000.png
tweety_bert/experiments/MyTweetyBERTModel/predictions/MSE_Visualization_20000.png
tweety_bert/experiments/MyTweetyBERTModel/predictions/Intermediate Outputs_40250.png
tweety_bert/experiments/MyTweetyBERTModel/predictions/Intermediate Outputs_2500.png
tweety_bert/experiments/MyTweetyBERTModel/predictions/Intermediate Outputs_6000.png
tweety_bert/experiments/MyTweetyBERTModel/predictions/Intermediate Outputs_15500.png
tweety_bert/experiments/MyTweetyBERTModel/predictions/Intermediate Outputs_57750.png
tweety_bert/experiments/MyTweetyBERTModel/predictions/Intermediate Outputs_80500.png
tweety_bert/experiments/MyTweetyBERTModel/predictions/MSE_Visualization_15250.png
tweety_bert/experiments/MyTweetyBERTModel/predictions/MSE_Visualization_81000.png
tweety_bert/experiments/MyTweetyBERTModel/predictions/MSE_Visualization_73250.png
tweety_bert/experiments/MyTweetyBERTModel/predictions/Intermediate Outputs_73500.png
tweety_bert/experiments/MyTweetyBERTModel/predictions/MSE_Visualization_30500.png
tweety_bert/experiments/MyTweetyBERTModel/predictions/Intermediate Outputs_89750.png
tweety_bert/experiments/MyTweetyBERTModel/predictions/MSE_Visualization_5250.png
tweety_bert/experiments/MyTweetyBERTModel/predictions/Intermediate Outputs_32750.png
tweety_bert/experiments/MyTweetyBERTModel/predictions/Intermediate Outputs_63250.png
tweety_bert/experiments/MyTweetyBERTModel/predictions/Intermediate Outputs_39000.png
tweety_bert/experiments/MyTweetyBERTModel/predictions/MSE_Visualization_51500.png
tweety_bert/experiments/MyTweetyBERTModel/predictions/Intermediate Outputs_60500.png
tweety_bert/experiments/MyTweetyBERTModel/predictions/Intermediate Outputs_17500.png
tweety_bert/experiments/MyTweetyBERTModel/predictions/MSE_Visualization_70750.png
tweety_bert/experiments/MyTweetyBERTModel/predictions/Intermediate Outputs_92500.png
tweety_bert/experiments/MyTweetyBERTModel/predictions/Intermediate Outputs_2750.png
tweety_bert/experiments/MyTweetyBERTModel/predictions/MSE_Visualization_18250.png
tweety_bert/experiments/MyTweetyBERTModel/predictions/Intermediate Outputs_24500.png
tweety_bert/experiments/MyTweetyBERTModel/predictions/MSE_Visualization_29500.png
tweety_bert/experiments/MyTweetyBERTModel/predictions/Intermediate Outputs_91500.png
tweety_bert/experiments/MyTweetyBERTModel/predictions/MSE_Visualization_26500.png
tweety_bert/experiments/MyTweetyBERTModel/predictions/MSE_Visualization_4500.png
tweety_bert/experiments/MyTweetyBERTModel/predictions/MSE_Visualization_39750.png
tweety_bert/experiments/MyTweetyBERTModel/predictions/Intermediate Outputs_95250.png
tweety_bert/experiments/MyTweetyBERTModel/predictions/MSE_Visualization_6500.png
tweety_bert/experiments/MyTweetyBERTModel/predictions/MSE_Visualization_31750.png
tweety_bert/experiments/MyTweetyBERTModel/predictions/MSE_Visualization_72500.png
tweety_bert/experiments/MyTweetyBERTModel/predictions/MSE_Visualization_40250.png
tweety_bert/experiments/MyTweetyBERTModel/predictions/Intermediate Outputs_96250.png
tweety_bert/experiments/MyTweetyBERTModel/predictions/Intermediate Outputs_72000.png
tweety_bert/experiments/MyTweetyBERTModel/predictions/MSE_Visualization_84500.png
tweety_bert/experiments/MyTweetyBERTModel/predictions/MSE_Visualization_12500.png
tweety_bert/experiments/MyTweetyBERTModel/predictions/MSE_Visualization_24500.png
tweety_bert/experiments/MyTweetyBERTModel/predictions/MSE_Visualization_83750.png
tweety_bert/experiments/MyTweetyBERTModel/predictions/MSE_Visualization_91000.png
tweety_bert/experiments/MyTweetyBERTModel/predictions/MSE_Visualization_24250.png
tweety_bert/experiments/MyTweetyBERTModel/predictions/MSE_Visualization_55250.png
tweety_bert/experiments/MyTweetyBERTModel/predictions/MSE_Visualization_42750.png
tweety_bert/experiments/MyTweetyBERTModel/predictions/Intermediate Outputs_26500.png
tweety_bert/experiments/MyTweetyBERTModel/predictions/Intermediate Outputs_5250.png
tweety_bert/experiments/MyTweetyBERTModel/predictions/MSE_Visualization_250.png
tweety_bert/experiments/MyTweetyBERTModel/predictions/MSE_Visualization_46250.png
tweety_bert/experiments/MyTweetyBERTModel/predictions/MSE_Visualization_57750.png
tweety_bert/experiments/MyTweetyBERTModel/predictions/Intermediate Outputs_9500.png
tweety_bert/experiments/MyTweetyBERTModel/predictions/Intermediate Outputs_62500.png
tweety_bert/experiments/MyTweetyBERTModel/predictions/MSE_Visualization_31500.png
tweety_bert/experiments/MyTweetyBERTModel/predictions/MSE_Visualization_21750.png
tweety_bert/experiments/MyTweetyBERTModel/predictions/MSE_Visualization_79000.png
tweety_bert/experiments/MyTweetyBERTModel/predictions/Intermediate Outputs_43750.png
tweety_bert/experiments/MyTweetyBERTModel/predictions/MSE_Visualization_44750.png
tweety_bert/experiments/MyTweetyBERTModel/predictions/MSE_Visualization_73750.png
tweety_bert/experiments/MyTweetyBERTModel/predictions/MSE_Visualization_25500.png
tweety_bert/experiments/MyTweetyBERTModel/predictions/Intermediate Outputs_93500.png
tweety_bert/experiments/MyTweetyBERTModel/predictions/MSE_Visualization_58000.png
tweety_bert/experiments/MyTweetyBERTModel/predictions/MSE_Visualization_40000.png
tweety_bert/experiments/MyTweetyBERTModel/predictions/Intermediate Outputs_88250.png
tweety_bert/experiments/MyTweetyBERTModel/predictions/MSE_Visualization_74500.png
tweety_bert/experiments/MyTweetyBERTModel/predictions/Intermediate Outputs_36000.png
tweety_bert/experiments/MyTweetyBERTModel/predictions/Intermediate Outputs_81000.png
tweety_bert/experiments/MyTweetyBERTModel/predictions/MSE_Visualization_28750.png
tweety_bert/experiments/MyTweetyBERTModel/predictions/MSE_Visualization_41000.png
tweety_bert/experiments/MyTweetyBERTModel/predictions/Intermediate Outputs_95500.png
tweety_bert/experiments/MyTweetyBERTModel/predictions/Intermediate Outputs_22000.png
tweety_bert/experiments/MyTweetyBERTModel/predictions/MSE_Visualization_97500.png
tweety_bert/experiments/MyTweetyBERTModel/predictions/MSE_Visualization_50000.png
tweety_bert/experiments/MyTweetyBERTModel/predictions/Intermediate Outputs_87750.png
tweety_bert/experiments/MyTweetyBERTModel/predictions/Intermediate Outputs_53750.png
tweety_bert/experiments/MyTweetyBERTModel/predictions/MSE_Visualization_12000.png
tweety_bert/experiments/MyTweetyBERTModel/predictions/MSE_Visualization_60500.png
tweety_bert/experiments/MyTweetyBERTModel/predictions/Intermediate Outputs_1750.png
tweety_bert/experiments/MyTweetyBERTModel/predictions/Intermediate Outputs_86000.png
tweety_bert/experiments/MyTweetyBERTModel/predictions/Intermediate Outputs_67250.png
tweety_bert/experiments/MyTweetyBERTModel/predictions/Intermediate Outputs_77500.png
tweety_bert/experiments/MyTweetyBERTModel/predictions/Intermediate Outputs_19250.png
tweety_bert/experiments/MyTweetyBERTModel/predictions/Intermediate Outputs_85000.png
tweety_bert/experiments/MyTweetyBERTModel/predictions/Intermediate Outputs_55000.png
tweety_bert/experiments/MyTweetyBERTModel/predictions/MSE_Visualization_72000.png
tweety_bert/experiments/MyTweetyBERTModel/predictions/Intermediate Outputs_22750.png
tweety_bert/experiments/MyTweetyBERTModel/predictions/MSE_Visualization_76250.png
tweety_bert/experiments/MyTweetyBERTModel/predictions/MSE_Visualization_55000.png
tweety_bert/experiments/MyTweetyBERTModel/predictions/MSE_Visualization_34000.png
tweety_bert/experiments/MyTweetyBERTModel/predictions/Intermediate Outputs_92750.png
tweety_bert/experiments/MyTweetyBERTModel/predictions/Intermediate Outputs_30750.png
tweety_bert/experiments/MyTweetyBERTModel/predictions/Intermediate Outputs_35500.png
tweety_bert/experiments/MyTweetyBERTModel/predictions/Intermediate Outputs_69000.png
tweety_bert/experiments/MyTweetyBERTModel/predictions/MSE_Visualization_51750.png
tweety_bert/experiments/MyTweetyBERTModel/predictions/MSE_Visualization_81500.png
tweety_bert/experiments/MyTweetyBERTModel/predictions/Intermediate Outputs_60000.png
tweety_bert/experiments/MyTweetyBERTModel/predictions/MSE_Visualization_83500.png
tweety_bert/experiments/MyTweetyBERTModel/predictions/MSE_Visualization_86750.png
tweety_bert/experiments/MyTweetyBERTModel/predictions/MSE_Visualization_23500.png
tweety_bert/experiments/MyTweetyBERTModel/predictions/Intermediate Outputs_63500.png
tweety_bert/experiments/MyTweetyBERTModel/predictions/Intermediate Outputs_16250.png
tweety_bert/experiments/MyTweetyBERTModel/predictions/Intermediate Outputs_79500.png
tweety_bert/experiments/MyTweetyBERTModel/predictions/Intermediate Outputs_11750.png
tweety_bert/experiments/MyTweetyBERTModel/predictions/Intermediate Outputs_94750.png
tweety_bert/experiments/MyTweetyBERTModel/predictions/Intermediate Outputs_36500.png
tweety_bert/experiments/MyTweetyBERTModel/predictions/Intermediate Outputs_94500.png
tweety_bert/experiments/MyTweetyBERTModel/predictions/Intermediate Outputs_55500.png
tweety_bert/experiments/MyTweetyBERTModel/predictions/Intermediate Outputs_48500.png
tweety_bert/experiments/MyTweetyBERTModel/predictions/Intermediate Outputs_48250.png
tweety_bert/experiments/MyTweetyBERTModel/predictions/MSE_Visualization_98750.png
tweety_bert/experiments/MyTweetyBERTModel/predictions/MSE_Visualization_6000.png
tweety_bert/experiments/MyTweetyBERTModel/predictions/Intermediate Outputs_7250.png
tweety_bert/experiments/MyTweetyBERTModel/predictions/MSE_Visualization_89000.png
tweety_bert/experiments/MyTweetyBERTModel/predictions/MSE_Visualization_20750.png
tweety_bert/experiments/MyTweetyBERTModel/predictions/Intermediate Outputs_70250.png
tweety_bert/experiments/MyTweetyBERTModel/predictions/Intermediate Outputs_53500.png
tweety_bert/experiments/MyTweetyBERTModel/predictions/MSE_Visualization_11750.png
tweety_bert/experiments/MyTweetyBERTModel/predictions/MSE_Visualization_37000.png
tweety_bert/experiments/MyTweetyBERTModel/predictions/Intermediate Outputs_14500.png
tweety_bert/experiments/MyTweetyBERTModel/predictions/Intermediate Outputs_39500.png
tweety_bert/experiments/MyTweetyBERTModel/predictions/Intermediate Outputs_23250.png
tweety_bert/experiments/MyTweetyBERTModel/predictions/MSE_Visualization_72250.png
tweety_bert/experiments/MyTweetyBERTModel/predictions/Intermediate Outputs_75500.png
tweety_bert/experiments/MyTweetyBERTModel/predictions/MSE_Visualization_63500.png
tweety_bert/experiments/MyTweetyBERTModel/predictions/Intermediate Outputs_14000.png
tweety_bert/experiments/MyTweetyBERTModel/predictions/Intermediate Outputs_99750.png
tweety_bert/experiments/MyTweetyBERTModel/predictions/MSE_Visualization_19750.png
tweety_bert/experiments/MyTweetyBERTModel/predictions/MSE_Visualization_6250.png
tweety_bert/experiments/MyTweetyBERTModel/predictions/Intermediate Outputs_3000.png
tweety_bert/experiments/MyTweetyBERTModel/predictions/MSE_Visualization_24750.png
tweety_bert/experiments/MyTweetyBERTModel/predictions/Intermediate Outputs_94000.png
tweety_bert/experiments/MyTweetyBERTModel/predictions/Intermediate Outputs_17250.png
tweety_bert/experiments/MyTweetyBERTModel/predictions/Intermediate Outputs_68750.png
tweety_bert/experiments/MyTweetyBERTModel/predictions/MSE_Visualization_44500.png
tweety_bert/experiments/MyTweetyBERTModel/predictions/MSE_Visualization_23000.png
tweety_bert/experiments/MyTweetyBERTModel/predictions/MSE_Visualization_35250.png
tweety_bert/experiments/MyTweetyBERTModel/predictions/Intermediate Outputs_79750.png
tweety_bert/experiments/MyTweetyBERTModel/predictions/Intermediate Outputs_26750.png
tweety_bert/experiments/MyTweetyBERTModel/predictions/MSE_Visualization_69000.png
tweety_bert/experiments/MyTweetyBERTModel/predictions/MSE_Visualization_88500.png
tweety_bert/experiments/MyTweetyBERTModel/predictions/Intermediate Outputs_11000.png
tweety_bert/experiments/MyTweetyBERTModel/predictions/Intermediate Outputs_41250.png
tweety_bert/experiments/MyTweetyBERTModel/predictions/MSE_Visualization_86250.png
tweety_bert/experiments/MyTweetyBERTModel/predictions/MSE_Visualization_17000.png
tweety_bert/experiments/MyTweetyBERTModel/predictions/Intermediate Outputs_41000.png
tweety_bert/experiments/MyTweetyBERTModel/predictions/Intermediate Outputs_41750.png
tweety_bert/experiments/MyTweetyBERTModel/predictions/MSE_Visualization_64250.png
tweety_bert/experiments/MyTweetyBERTModel/predictions/Intermediate Outputs_99000.png
tweety_bert/experiments/MyTweetyBERTModel/predictions/MSE_Visualization_66250.png
tweety_bert/experiments/MyTweetyBERTModel/predictions/Intermediate Outputs_94250.png
tweety_bert/experiments/MyTweetyBERTModel/predictions/Intermediate Outputs_22250.png
tweety_bert/experiments/MyTweetyBERTModel/predictions/MSE_Visualization_50250.png
tweety_bert/experiments/MyTweetyBERTModel/predictions/MSE_Visualization_77250.png
tweety_bert/experiments/MyTweetyBERTModel/predictions/Intermediate Outputs_1500.png
tweety_bert/experiments/MyTweetyBERTModel/predictions/MSE_Visualization_99750.png
tweety_bert/experiments/MyTweetyBERTModel/predictions/MSE_Visualization_59250.png
tweety_bert/experiments/MyTweetyBERTModel/predictions/MSE_Visualization_17500.png
tweety_bert/experiments/MyTweetyBERTModel/predictions/Intermediate Outputs_50500.png
tweety_bert/experiments/MyTweetyBERTModel/predictions/MSE_Visualization_14000.png
tweety_bert/experiments/MyTweetyBERTModel/predictions/Intermediate Outputs_89500.png
tweety_bert/experiments/MyTweetyBERTModel/predictions/MSE_Visualization_86000.png
tweety_bert/experiments/MyTweetyBERTModel/predictions/Intermediate Outputs_79250.png
tweety_bert/experiments/MyTweetyBERTModel/predictions/Intermediate Outputs_54250.png
tweety_bert/experiments/MyTweetyBERTModel/predictions/MSE_Visualization_45500.png
tweety_bert/experiments/MyTweetyBERTModel/predictions/MSE_Visualization_23750.png
tweety_bert/experiments/MyTweetyBERTModel/predictions/MSE_Visualization_62250.png
tweety_bert/experiments/MyTweetyBERTModel/predictions/MSE_Visualization_90000.png
tweety_bert/experiments/MyTweetyBERTModel/predictions/Intermediate Outputs_33750.png
tweety_bert/experiments/MyTweetyBERTModel/predictions/Intermediate Outputs_31500.png
tweety_bert/experiments/MyTweetyBERTModel/predictions/MSE_Visualization_91750.png
tweety_bert/experiments/MyTweetyBERTModel/predictions/MSE_Visualization_19000.png
tweety_bert/experiments/MyTweetyBERTModel/predictions/Intermediate Outputs_5500.png
tweety_bert/experiments/MyTweetyBERTModel/predictions/Intermediate Outputs_8500.png
tweety_bert/experiments/MyTweetyBERTModel/predictions/MSE_Visualization_82000.png
tweety_bert/experiments/MyTweetyBERTModel/predictions/Intermediate Outputs_83750.png
tweety_bert/experiments/MyTweetyBERTModel/predictions/MSE_Visualization_46500.png
tweety_bert/experiments/MyTweetyBERTModel/predictions/MSE_Visualization_78250.png
tweety_bert/experiments/MyTweetyBERTModel/predictions/MSE_Visualization_99500.png
tweety_bert/experiments/MyTweetyBERTModel/predictions/Intermediate Outputs_59750.png
tweety_bert/experiments/MyTweetyBERTModel/predictions/Intermediate Outputs_46500.png
tweety_bert/experiments/MyTweetyBERTModel/predictions/Intermediate Outputs_61500.png
tweety_bert/experiments/MyTweetyBERTModel/predictions/MSE_Visualization_32000.png
tweety_bert/experiments/MyTweetyBERTModel/predictions/Intermediate Outputs_29500.png
tweety_bert/experiments/MyTweetyBERTModel/predictions/MSE_Visualization_57250.png
tweety_bert/experiments/MyTweetyBERTModel/predictions/MSE_Visualization_91250.png
tweety_bert/experiments/MyTweetyBERTModel/predictions/MSE_Visualization_12250.png
tweety_bert/experiments/MyTweetyBERTModel/predictions/Intermediate Outputs_28750.png
tweety_bert/experiments/MyTweetyBERTModel/predictions/MSE_Visualization_48500.png
tweety_bert/experiments/MyTweetyBERTModel/predictions/Intermediate Outputs_66750.png
tweety_bert/experiments/MyTweetyBERTModel/predictions/MSE_Visualization_43750.png
tweety_bert/experiments/MyTweetyBERTModel/predictions/Intermediate Outputs_46000.png
tweety_bert/experiments/MyTweetyBERTModel/predictions/MSE_Visualization_84750.png
tweety_bert/experiments/MyTweetyBERTModel/predictions/MSE_Visualization_90250.png
tweety_bert/experiments/MyTweetyBERTModel/predictions/Intermediate Outputs_49000.png
tweety_bert/experiments/MyTweetyBERTModel/predictions/Intermediate Outputs_79000.png
tweety_bert/experiments/MyTweetyBERTModel/predictions/MSE_Visualization_87250.png
tweety_bert/experiments/MyTweetyBERTModel/predictions/MSE_Visualization_8750.png
tweety_bert/experiments/MyTweetyBERTModel/predictions/Intermediate Outputs_17750.png
tweety_bert/experiments/MyTweetyBERTModel/predictions/Intermediate Outputs_31000.png
tweety_bert/experiments/MyTweetyBERTModel/predictions/Intermediate Outputs_39250.png
tweety_bert/experiments/MyTweetyBERTModel/predictions/MSE_Visualization_89250.png
tweety_bert/experiments/MyTweetyBERTModel/predictions/Intermediate Outputs_43000.png
tweety_bert/experiments/MyTweetyBERTModel/predictions/Intermediate Outputs_34500.png
tweety_bert/experiments/MyTweetyBERTModel/predictions/Intermediate Outputs_16500.png
tweety_bert/experiments/MyTweetyBERTModel/predictions/MSE_Visualization_9750.png
tweety_bert/experiments/MyTweetyBERTModel/predictions/Intermediate Outputs_84000.png
tweety_bert/experiments/MyTweetyBERTModel/predictions/MSE_Visualization_65750.png
tweety_bert/experiments/MyTweetyBERTModel/predictions/MSE_Visualization_62500.png
tweety_bert/experiments/MyTweetyBERTModel/predictions/MSE_Visualization_67250.png
tweety_bert/experiments/MyTweetyBERTModel/predictions/Intermediate Outputs_15250.png
tweety_bert/experiments/MyTweetyBERTModel/predictions/MSE_Visualization_20250.png
tweety_bert/experiments/MyTweetyBERTModel/predictions/MSE_Visualization_93000.png
tweety_bert/experiments/MyTweetyBERTModel/predictions/Intermediate Outputs_71500.png
tweety_bert/experiments/MyTweetyBERTModel/predictions/Intermediate Outputs_69500.png
tweety_bert/experiments/MyTweetyBERTModel/predictions/MSE_Visualization_80500.png
tweety_bert/experiments/MyTweetyBERTModel/predictions/MSE_Visualization_40500.png
tweety_bert/experiments/MyTweetyBERTModel/predictions/MSE_Visualization_61000.png
tweety_bert/experiments/MyTweetyBERTModel/predictions/Intermediate Outputs_83250.png
tweety_bert/experiments/MyTweetyBERTModel/predictions/Intermediate Outputs_81250.png
tweety_bert/experiments/MyTweetyBERTModel/predictions/MSE_Visualization_27500.png
tweety_bert/experiments/MyTweetyBERTModel/predictions/MSE_Visualization_14250.png
tweety_bert/experiments/MyTweetyBERTModel/predictions/MSE_Visualization_9250.png
tweety_bert/experiments/MyTweetyBERTModel/predictions/Intermediate Outputs_68000.png
tweety_bert/experiments/MyTweetyBERTModel/predictions/Intermediate Outputs_8250.png
tweety_bert/experiments/MyTweetyBERTModel/predictions/MSE_Visualization_8000.png
tweety_bert/experiments/MyTweetyBERTModel/predictions/Intermediate Outputs_67500.png
tweety_bert/experiments/MyTweetyBERTModel/predictions/Intermediate Outputs_52000.png
tweety_bert/experiments/MyTweetyBERTModel/predictions/MSE_Visualization_36750.png
tweety_bert/experiments/MyTweetyBERTModel/predictions/Intermediate Outputs_72750.png
tweety_bert/experiments/MyTweetyBERTModel/predictions/MSE_Visualization_39000.png
tweety_bert/experiments/MyTweetyBERTModel/predictions/MSE_Visualization_54250.png
tweety_bert/experiments/MyTweetyBERTModel/predictions/MSE_Visualization_61500.png
tweety_bert/experiments/MyTweetyBERTModel/predictions/Intermediate Outputs_35750.png
tweety_bert/experiments/MyTweetyBERTModel/predictions/MSE_Visualization_93250.png
tweety_bert/experiments/MyTweetyBERTModel/predictions/MSE_Visualization_89750.png
tweety_bert/experiments/MyTweetyBERTModel/predictions/Intermediate Outputs_13500.png
tweety_bert/experiments/MyTweetyBERTModel/predictions/MSE_Visualization_77000.png
tweety_bert/experiments/MyTweetyBERTModel/predictions/Intermediate Outputs_24750.png
tweety_bert/experiments/MyTweetyBERTModel/predictions/MSE_Visualization_91500.png
tweety_bert/experiments/MyTweetyBERTModel/predictions/Intermediate Outputs_38250.png
tweety_bert/experiments/MyTweetyBERTModel/predictions/MSE_Visualization_15500.png
tweety_bert/experiments/MyTweetyBERTModel/predictions/Intermediate Outputs_31250.png
tweety_bert/experiments/MyTweetyBERTModel/predictions/MSE_Visualization_82500.png
tweety_bert/experiments/MyTweetyBERTModel/predictions/MSE_Visualization_81750.png
tweety_bert/experiments/MyTweetyBERTModel/predictions/Intermediate Outputs_40750.png
tweety_bert/experiments/MyTweetyBERTModel/predictions/MSE_Visualization_49500.png
tweety_bert/experiments/MyTweetyBERTModel/predictions/MSE_Visualization_32750.png
tweety_bert/experiments/MyTweetyBERTModel/predictions/MSE_Visualization_28500.png
tweety_bert/experiments/MyTweetyBERTModel/predictions/MSE_Visualization_63750.png
tweety_bert/experiments/MyTweetyBERTModel/predictions/Intermediate Outputs_56500.png
tweety_bert/experiments/MyTweetyBERTModel/predictions/Intermediate Outputs_5000.png
tweety_bert/experiments/MyTweetyBERTModel/predictions/MSE_Visualization_42250.png
tweety_bert/experiments/MyTweetyBERTModel/predictions/Intermediate Outputs_74500.png
tweety_bert/experiments/MyTweetyBERTModel/predictions/MSE_Visualization_3500.png
tweety_bert/experiments/MyTweetyBERTModel/predictions/MSE_Visualization_25250.png
tweety_bert/experiments/MyTweetyBERTModel/predictions/MSE_Visualization_98500.png
tweety_bert/experiments/MyTweetyBERTModel/predictions/Intermediate Outputs_6500.png
tweety_bert/experiments/MyTweetyBERTModel/predictions/MSE_Visualization_67500.png
tweety_bert/experiments/MyTweetyBERTModel/predictions/MSE_Visualization_90500.png
tweety_bert/experiments/MyTweetyBERTModel/predictions/Intermediate Outputs_43250.png
tweety_bert/experiments/MyTweetyBERTModel/predictions/Intermediate Outputs_42500.png
tweety_bert/experiments/MyTweetyBERTModel/predictions/Intermediate Outputs_87250.png
tweety_bert/experiments/MyTweetyBERTModel/predictions/MSE_Visualization_30000.png
tweety_bert/experiments/MyTweetyBERTModel/predictions/Intermediate Outputs_19500.png
tweety_bert/experiments/MyTweetyBERTModel/predictions/Intermediate Outputs_65750.png
tweety_bert/experiments/MyTweetyBERTModel/predictions/Intermediate Outputs_68500.png
tweety_bert/experiments/MyTweetyBERTModel/predictions/Intermediate Outputs_25750.png
tweety_bert/experiments/MyTweetyBERTModel/predictions/MSE_Visualization_63000.png
tweety_bert/experiments/MyTweetyBERTModel/predictions/Intermediate Outputs_12500.png
tweety_bert/experiments/MyTweetyBERTModel/predictions/MSE_Visualization_97250.png
tweety_bert/experiments/MyTweetyBERTModel/predictions/MSE_Visualization_43000.png
tweety_bert/experiments/MyTweetyBERTModel/predictions/Intermediate Outputs_3500.png
tweety_bert/experiments/MyTweetyBERTModel/predictions/MSE_Visualization_52250.png
tweety_bert/experiments/MyTweetyBERTModel/predictions/MSE_Visualization_15000.png
tweety_bert/experiments/MyTweetyBERTModel/predictions/MSE_Visualization_93750.png
tweety_bert/experiments/MyTweetyBERTModel/predictions/Intermediate Outputs_75750.png
tweety_bert/experiments/MyTweetyBERTModel/predictions/MSE_Visualization_47000.png
tweety_bert/experiments/MyTweetyBERTModel/predictions/Intermediate Outputs_25250.png
tweety_bert/experiments/MyTweetyBERTModel/predictions/MSE_Visualization_17750.png
tweety_bert/experiments/MyTweetyBERTModel/predictions/Intermediate Outputs_58500.png
tweety_bert/experiments/MyTweetyBERTModel/predictions/MSE_Visualization_37250.png
tweety_bert/experiments/MyTweetyBERTModel/predictions/MSE_Visualization_7500.png
tweety_bert/experiments/MyTweetyBERTModel/predictions/Intermediate Outputs_78250.png
tweety_bert/experiments/MyTweetyBERTModel/predictions/Intermediate Outputs_83500.png
tweety_bert/experiments/MyTweetyBERTModel/predictions/MSE_Visualization_98000.png
tweety_bert/experiments/MyTweetyBERTModel/predictions/MSE_Visualization_29250.png
tweety_bert/experiments/MyTweetyBERTModel/predictions/Intermediate Outputs_65000.png
tweety_bert/experiments/MyTweetyBERTModel/predictions/MSE_Visualization_75250.png
tweety_bert/experiments/MyTweetyBERTModel/predictions/MSE_Visualization_76750.png
tweety_bert/experiments/MyTweetyBERTModel/predictions/Intermediate Outputs_34250.png
tweety_bert/experiments/MyTweetyBERTModel/predictions/MSE_Visualization_87750.png
tweety_bert/experiments/MyTweetyBERTModel/predictions/Intermediate Outputs_500.png
tweety_bert/experiments/MyTweetyBERTModel/predictions/MSE_Visualization_54500.png
tweety_bert/experiments/MyTweetyBERTModel/predictions/Intermediate Outputs_70500.png
tweety_bert/experiments/MyTweetyBERTModel/predictions/Intermediate Outputs_10750.png
tweety_bert/experiments/MyTweetyBERTModel/predictions/MSE_Visualization_33250.png
tweety_bert/experiments/MyTweetyBERTModel/predictions/Intermediate Outputs_39750.png
tweety_bert/experiments/MyTweetyBERTModel/predictions/MSE_Visualization_32500.png
tweety_bert/experiments/MyTweetyBERTModel/predictions/Intermediate Outputs_23750.png
tweety_bert/experiments/MyTweetyBERTModel/predictions/MSE_Visualization_39500.png
tweety_bert/experiments/MyTweetyBERTModel/predictions/MSE_Visualization_65500.png
tweety_bert/experiments/MyTweetyBERTModel/predictions/MSE_Visualization_67750.png
tweety_bert/experiments/MyTweetyBERTModel/predictions/Intermediate Outputs_44500.png
tweety_bert/experiments/MyTweetyBERTModel/predictions/MSE_Visualization_34750.png
tweety_bert/experiments/MyTweetyBERTModel/predictions/MSE_Visualization_41500.png
tweety_bert/experiments/MyTweetyBERTModel/predictions/Intermediate Outputs_42750.png
tweety_bert/experiments/MyTweetyBERTModel/predictions/Intermediate Outputs_82750.png
tweety_bert/experiments/MyTweetyBERTModel/predictions/Intermediate Outputs_45750.png
tweety_bert/experiments/MyTweetyBERTModel/predictions/MSE_Visualization_68000.png
tweety_bert/experiments/MyTweetyBERTModel/predictions/MSE_Visualization_21250.png
tweety_bert/experiments/MyTweetyBERTModel/predictions/MSE_Visualization_92500.png
tweety_bert/experiments/MyTweetyBERTModel/predictions/MSE_Visualization_1250.png
tweety_bert/experiments/MyTweetyBERTModel/predictions/MSE_Visualization_93500.png
tweety_bert/experiments/MyTweetyBERTModel/predictions/MSE_Visualization_56000.png
tweety_bert/experiments/MyTweetyBERTModel/predictions/Intermediate Outputs_58250.png
tweety_bert/experiments/MyTweetyBERTModel/predictions/MSE_Visualization_66750.png
tweety_bert/experiments/MyTweetyBERTModel/predictions/MSE_Visualization_92250.png
tweety_bert/experiments/MyTweetyBERTModel/predictions/MSE_Visualization_11000.png
tweety_bert/experiments/MyTweetyBERTModel/predictions/Intermediate Outputs_42000.png
tweety_bert/experiments/MyTweetyBERTModel/predictions/Intermediate Outputs_88500.png
tweety_bert/experiments/MyTweetyBERTModel/predictions/Intermediate Outputs_57500.png
tweety_bert/experiments/MyTweetyBERTModel/predictions/Intermediate Outputs_61250.png
tweety_bert/experiments/MyTweetyBERTModel/predictions/MSE_Visualization_69500.png
tweety_bert/experiments/MyTweetyBERTModel/predictions/MSE_Visualization_60000.png
tweety_bert/experiments/MyTweetyBERTModel/predictions/Intermediate Outputs_86250.png
tweety_bert/experiments/MyTweetyBERTModel/predictions/Intermediate Outputs_71750.png
tweety_bert/experiments/MyTweetyBERTModel/predictions/Intermediate Outputs_37250.png
tweety_bert/experiments/MyTweetyBERTModel/predictions/MSE_Visualization_56500.png
tweety_bert/experiments/MyTweetyBERTModel/predictions/Intermediate Outputs_58750.png
tweety_bert/experiments/MyTweetyBERTModel/predictions/MSE_Visualization_76500.png
tweety_bert/experiments/MyTweetyBERTModel/predictions/MSE_Visualization_41750.png
tweety_bert/experiments/MyTweetyBERTModel/predictions/MSE_Visualization_22750.png
tweety_bert/experiments/MyTweetyBERTModel/predictions/MSE_Visualization_80750.png
tweety_bert/experiments/MyTweetyBERTModel/predictions/Intermediate Outputs_98250.png
tweety_bert/experiments/MyTweetyBERTModel/predictions/MSE_Visualization_29750.png
tweety_bert/experiments/MyTweetyBERTModel/predictions/Intermediate Outputs_56250.png
tweety_bert/experiments/MyTweetyBERTModel/predictions/Intermediate Outputs_97750.png
tweety_bert/experiments/MyTweetyBERTModel/predictions/Intermediate Outputs_2000.png
tweety_bert/experiments/MyTweetyBERTModel/predictions/MSE_Visualization_24000.png
tweety_bert/experiments/MyTweetyBERTModel/predictions/Intermediate Outputs_12750.png
tweety_bert/experiments/MyTweetyBERTModel/predictions/Intermediate Outputs_71250.png
tweety_bert/experiments/MyTweetyBERTModel/predictions/Intermediate Outputs_20000.png
tweety_bert/experiments/MyTweetyBERTModel/predictions/Intermediate Outputs_47750.png
tweety_bert/experiments/MyTweetyBERTModel/predictions/Intermediate Outputs_4750.png
tweety_bert/experiments/MyTweetyBERTModel/predictions/MSE_Visualization_46750.png
tweety_bert/experiments/MyTweetyBERTModel/predictions/Intermediate Outputs_34000.png
tweety_bert/experiments/MyTweetyBERTModel/predictions/Intermediate Outputs_76000.png
tweety_bert/experiments/MyTweetyBERTModel/predictions/Intermediate Outputs_76500.png
tweety_bert/experiments/MyTweetyBERTModel/predictions/Intermediate Outputs_74250.png
tweety_bert/experiments/MyTweetyBERTModel/predictions/MSE_Visualization_77500.png
tweety_bert/experiments/MyTweetyBERTModel/predictions/Intermediate Outputs_52750.png
tweety_bert/experiments/MyTweetyBERTModel/predictions/MSE_Visualization_9500.png
tweety_bert/experiments/MyTweetyBERTModel/predictions/Intermediate Outputs_29000.png
tweety_bert/experiments/MyTweetyBERTModel/predictions/MSE_Visualization_79250.png
tweety_bert/experiments/MyTweetyBERTModel/predictions/Intermediate Outputs_32250.png
tweety_bert/experiments/MyTweetyBERTModel/predictions/MSE_Visualization_34500.png
tweety_bert/experiments/MyTweetyBERTModel/predictions/Intermediate Outputs_69250.png
tweety_bert/experiments/MyTweetyBERTModel/predictions/Intermediate Outputs_44750.png
tweety_bert/experiments/MyTweetyBERTModel/predictions/MSE_Visualization_19500.png
tweety_bert/experiments/MyTweetyBERTModel/predictions/MSE_Visualization_37750.png
tweety_bert/experiments/MyTweetyBERTModel/predictions/MSE_Visualization_1000.png
tweety_bert/experiments/MyTweetyBERTModel/predictions/Intermediate Outputs_59000.png
tweety_bert/experiments/MyTweetyBERTModel/predictions/MSE_Visualization_60250.png
tweety_bert/experiments/MyTweetyBERTModel/predictions/MSE_Visualization_68750.png
tweety_bert/experiments/MyTweetyBERTModel/predictions/MSE_Visualization_25750.png
tweety_bert/experiments/MyTweetyBERTModel/predictions/Intermediate Outputs_90750.png
tweety_bert/experiments/MyTweetyBERTModel/predictions/Intermediate Outputs_6250.png
tweety_bert/experiments/MyTweetyBERTModel/predictions/Intermediate Outputs_750.png
tweety_bert/experiments/MyTweetyBERTModel/predictions/MSE_Visualization_17250.png
tweety_bert/experiments/MyTweetyBERTModel/predictions/MSE_Visualization_53500.png
tweety_bert/experiments/MyTweetyBERTModel/predictions/Intermediate Outputs_24000.png
tweety_bert/experiments/MyTweetyBERTModel/predictions/Intermediate Outputs_68250.png
tweety_bert/experiments/MyTweetyBERTModel/predictions/Intermediate Outputs_70750.png
tweety_bert/experiments/MyTweetyBERTModel/predictions/Intermediate Outputs_51500.png
tweety_bert/experiments/MyTweetyBERTModel/predictions/Intermediate Outputs_5750.png
tweety_bert/experiments/MyTweetyBERTModel/predictions/Intermediate Outputs_71000.png
tweety_bert/experiments/MyTweetyBERTModel/predictions/MSE_Visualization_71000.png
tweety_bert/experiments/MyTweetyBERTModel/predictions/Intermediate Outputs_96000.png
tweety_bert/experiments/MyTweetyBERTModel/predictions/Intermediate Outputs_56000.png
tweety_bert/experiments/MyTweetyBERTModel/predictions/MSE_Visualization_50750.png
tweety_bert/experiments/MyTweetyBERTModel/predictions/Intermediate Outputs_90250.png
tweety_bert/experiments/MyTweetyBERTModel/predictions/Intermediate Outputs_35250.png
tweety_bert/experiments/MyTweetyBERTModel/predictions/MSE_Visualization_10750.png
tweety_bert/experiments/MyTweetyBERTModel/predictions/MSE_Visualization_82750.png
tweety_bert/experiments/MyTweetyBERTModel/predictions/Intermediate Outputs_87500.png
tweety_bert/experiments/MyTweetyBERTModel/predictions/Intermediate Outputs_75250.png
tweety_bert/experiments/MyTweetyBERTModel/predictions/Intermediate Outputs_92250.png
tweety_bert/experiments/MyTweetyBERTModel/predictions/MSE_Visualization_97750.png
tweety_bert/experiments/MyTweetyBERTModel/predictions/MSE_Visualization_95500.png
tweety_bert/experiments/MyTweetyBERTModel/predictions/MSE_Visualization_96500.png
tweety_bert/experiments/MyTweetyBERTModel/predictions/MSE_Visualization_53000.png
tweety_bert/experiments/MyTweetyBERTModel/predictions/Intermediate Outputs_7000.png
tweety_bert/experiments/MyTweetyBERTModel/predictions/MSE_Visualization_26000.png
tweety_bert/experiments/MyTweetyBERTModel/predictions/Intermediate Outputs_64250.png
tweety_bert/experiments/MyTweetyBERTModel/predictions/MSE_Visualization_81250.png
tweety_bert/experiments/MyTweetyBERTModel/predictions/Intermediate Outputs_72250.png
tweety_bert/experiments/MyTweetyBERTModel/predictions/MSE_Visualization_71750.png
tweety_bert/experiments/MyTweetyBERTModel/predictions/Intermediate Outputs_85750.png
tweety_bert/experiments/MyTweetyBERTModel/predictions/MSE_Visualization_44250.png
tweety_bert/experiments/MyTweetyBERTModel/predictions/Intermediate Outputs_76750.png
tweety_bert/experiments/MyTweetyBERTModel/predictions/Intermediate Outputs_89250.png
tweety_bert/experiments/MyTweetyBERTModel/predictions/MSE_Visualization_21500.png
tweety_bert/experiments/MyTweetyBERTModel/predictions/MSE_Visualization_96000.png
tweety_bert/experiments/MyTweetyBERTModel/predictions/MSE_Visualization_69750.png
tweety_bert/experiments/MyTweetyBERTModel/predictions/Intermediate Outputs_77000.png
tweety_bert/experiments/MyTweetyBERTModel/predictions/Intermediate Outputs_28500.png
tweety_bert/experiments/MyTweetyBERTModel/predictions/Intermediate Outputs_7500.png
tweety_bert/experiments/MyTweetyBERTModel/predictions/Intermediate Outputs_2250.png
tweety_bert/experiments/MyTweetyBERTModel/predictions/Intermediate Outputs_14750.png
tweety_bert/experiments/MyTweetyBERTModel/predictions/Intermediate Outputs_97500.png
tweety_bert/experiments/MyTweetyBERTModel/predictions/Intermediate Outputs_30250.png
tweety_bert/experiments/MyTweetyBERTModel/predictions/MSE_Visualization_57000.png
tweety_bert/experiments/MyTweetyBERTModel/predictions/Intermediate Outputs_50750.png
tweety_bert/experiments/MyTweetyBERTModel/predictions/MSE_Visualization_13000.png
tweety_bert/experiments/MyTweetyBERTModel/predictions/Intermediate Outputs_23000.png
tweety_bert/experiments/MyTweetyBERTModel/predictions/Intermediate Outputs_99500.png
tweety_bert/experiments/MyTweetyBERTModel/predictions/Intermediate Outputs_27750.png
tweety_bert/experiments/MyTweetyBERTModel/predictions/MSE_Visualization_5750.png
tweety_bert/experiments/MyTweetyBERTModel/predictions/Intermediate Outputs_24250.png
tweety_bert/experiments/MyTweetyBERTModel/predictions/Intermediate Outputs_42250.png
tweety_bert/experiments/MyTweetyBERTModel/predictions/Intermediate Outputs_65250.png
tweety_bert/experiments/MyTweetyBERTModel/predictions/MSE_Visualization_1750.png
tweety_bert/experiments/MyTweetyBERTModel/predictions/Intermediate Outputs_28000.png
tweety_bert/experiments/MyTweetyBERTModel/predictions/Intermediate Outputs_91250.png
tweety_bert/experiments/MyTweetyBERTModel/predictions/Intermediate Outputs_59250.png
tweety_bert/experiments/MyTweetyBERTModel/predictions/MSE_Visualization_1500.png
tweety_bert/experiments/MyTweetyBERTModel/predictions/Intermediate Outputs_86500.png
tweety_bert/experiments/MyTweetyBERTModel/training_statistics.json
tweety_bert/experiments/MyTweetyBERTModel/test_files.txt
tweety_bert/experiments/Bird3_decoder_linear_decoder/
tweety_bert/experiments/Bird3_decoder_linear_decoder/test/
tweety_bert/experiments/Bird3_decoder_linear_decoder/test/23.npz
tweety_bert/experiments/Bird3_decoder_linear_decoder/test/38.npz
tweety_bert/experiments/Bird3_decoder_linear_decoder/test/69.npz
tweety_bert/experiments/Bird3_decoder_linear_decoder/test/18.npz
tweety_bert/experiments/Bird3_decoder_linear_decoder/test/46.npz
tweety_bert/experiments/Bird3_decoder_linear_decoder/test/51.npz
tweety_bert/experiments/Bird3_decoder_linear_decoder/test/65.npz
tweety_bert/experiments/Bird3_decoder_linear_decoder/test/12.npz
tweety_bert/experiments/Bird3_decoder_linear_decoder/test/58.npz
tweety_bert/experiments/Bird3_decoder_linear_decoder/test/64.npz
tweety_bert/experiments/Bird3_decoder_linear_decoder/test/59.npz
tweety_bert/experiments/Bird3_decoder_linear_decoder/test/88.npz
tweety_bert/experiments/Bird3_decoder_linear_decoder/test/70.npz
tweety_bert/experiments/Bird3_decoder_linear_decoder/test/50.npz
tweety_bert/experiments/Bird3_decoder_linear_decoder/test/42.npz
tweety_bert/experiments/Bird3_decoder_linear_decoder/test/33.npz
tweety_bert/experiments/Bird3_decoder_linear_decoder/test/54.npz
tweety_bert/experiments/Bird3_decoder_linear_decoder/test/20.npz
tweety_bert/experiments/Bird3_decoder_linear_decoder/test/4.npz
tweety_bert/experiments/Bird3_decoder_linear_decoder/test/13.npz
tweety_bert/experiments/Bird3_decoder_linear_decoder/test/89.npz
tweety_bert/experiments/Bird3_decoder_linear_decoder/test/41.npz
tweety_bert/experiments/Bird3_decoder_linear_decoder/test/81.npz
tweety_bert/experiments/Bird3_decoder_linear_decoder/test/21.npz
tweety_bert/experiments/Bird3_decoder_linear_decoder/test/36.npz
tweety_bert/experiments/Bird3_decoder_linear_decoder/test/32.npz
tweety_bert/experiments/Bird3_decoder_linear_decoder/test/73.npz
tweety_bert/experiments/Bird3_decoder_linear_decoder/test/52.npz
tweety_bert/experiments/Bird3_decoder_linear_decoder/test/49.npz
tweety_bert/experiments/Bird3_decoder_linear_decoder/test/84.npz
tweety_bert/experiments/Bird3_decoder_linear_decoder/test/39.npz
tweety_bert/experiments/Bird3_decoder_linear_decoder/test/78.npz
tweety_bert/experiments/Bird3_decoder_linear_decoder/test/80.npz
tweety_bert/experiments/Bird3_decoder_linear_decoder/test/53.npz
tweety_bert/experiments/Bird3_decoder_linear_decoder/test/83.npz
tweety_bert/experiments/Bird3_decoder_linear_decoder/test/72.npz
tweety_bert/experiments/Bird3_decoder_linear_decoder/test/63.npz
tweety_bert/experiments/Bird3_decoder_linear_decoder/test/76.npz
tweety_bert/experiments/Bird3_decoder_linear_decoder/test/77.npz
tweety_bert/experiments/Bird3_decoder_linear_decoder/test/82.npz
tweety_bert/experiments/Bird3_decoder_linear_decoder/test/30.npz
tweety_bert/experiments/Bird3_decoder_linear_decoder/test/10.npz
tweety_bert/experiments/Bird3_decoder_linear_decoder/test/57.npz
tweety_bert/experiments/Bird3_decoder_linear_decoder/test/75.npz
tweety_bert/experiments/Bird3_decoder_linear_decoder/test/3.npz
tweety_bert/experiments/Bird3_decoder_linear_decoder/test/34.npz
tweety_bert/experiments/Bird3_decoder_linear_decoder/test/22.npz
tweety_bert/experiments/Bird3_decoder_linear_decoder/test/66.npz
tweety_bert/experiments/Bird3_decoder_linear_decoder/test/74.npz
tweety_bert/experiments/Bird3_decoder_linear_decoder/test/71.npz
tweety_bert/experiments/Bird3_decoder_linear_decoder/test/48.npz
tweety_bert/experiments/Bird3_decoder_linear_decoder/test/24.npz
tweety_bert/experiments/Bird3_decoder_linear_decoder/test/67.npz
tweety_bert/experiments/Bird3_decoder_linear_decoder/test/86.npz
tweety_bert/experiments/Bird3_decoder_linear_decoder/test/47.npz
tweety_bert/experiments/Bird3_decoder_linear_decoder/test/35.npz
tweety_bert/experiments/Bird3_decoder_linear_decoder/test/17.npz
tweety_bert/experiments/Bird3_decoder_linear_decoder/test/79.npz
tweety_bert/experiments/Bird3_decoder_linear_decoder/test/87.npz
tweety_bert/experiments/Bird3_decoder_linear_decoder/test/61.npz
tweety_bert/experiments/Bird3_decoder_linear_decoder/test/2.npz
tweety_bert/experiments/Bird3_decoder_linear_decoder/test/1.npz
tweety_bert/experiments/Bird3_decoder_linear_decoder/test/27.npz
tweety_bert/experiments/Bird3_decoder_linear_decoder/test/28.npz
tweety_bert/experiments/Bird3_decoder_linear_decoder/test/56.npz
tweety_bert/experiments/Bird3_decoder_linear_decoder/test/55.npz
tweety_bert/experiments/Bird3_decoder_linear_decoder/test/15.npz
tweety_bert/experiments/Bird3_decoder_linear_decoder/test/29.npz
tweety_bert/experiments/Bird3_decoder_linear_decoder/test/9.npz
tweety_bert/experiments/Bird3_decoder_linear_decoder/test/31.npz
tweety_bert/experiments/Bird3_decoder_linear_decoder/test/85.npz
tweety_bert/experiments/Bird3_decoder_linear_decoder/test/26.npz
tweety_bert/experiments/Bird3_decoder_linear_decoder/test/6.npz
tweety_bert/experiments/Bird3_decoder_linear_decoder/test/5.npz
tweety_bert/experiments/Bird3_decoder_linear_decoder/test/60.npz
tweety_bert/experiments/Bird3_decoder_linear_decoder/test/44.npz
tweety_bert/experiments/Bird3_decoder_linear_decoder/test/7.npz
tweety_bert/experiments/Bird3_decoder_linear_decoder/test/19.npz
tweety_bert/experiments/Bird3_decoder_linear_decoder/test/8.npz
tweety_bert/experiments/Bird3_decoder_linear_decoder/test/14.npz
tweety_bert/experiments/Bird3_decoder_linear_decoder/test/43.npz
tweety_bert/experiments/Bird3_decoder_linear_decoder/test/68.npz
tweety_bert/experiments/Bird3_decoder_linear_decoder/test/25.npz
tweety_bert/experiments/Bird3_decoder_linear_decoder/test/0.npz
tweety_bert/experiments/Bird3_decoder_linear_decoder/test/62.npz
tweety_bert/experiments/Bird3_decoder_linear_decoder/test/16.npz
tweety_bert/experiments/Bird3_decoder_linear_decoder/test/40.npz
tweety_bert/experiments/Bird3_decoder_linear_decoder/test/45.npz
tweety_bert/experiments/Bird3_decoder_linear_decoder/test/37.npz
tweety_bert/experiments/Bird3_decoder_linear_decoder/test/11.npz
tweety_bert/experiments/Bird3_decoder_linear_decoder/train/
tweety_bert/experiments/Bird3_decoder_linear_decoder/train/23.npz
tweety_bert/experiments/Bird3_decoder_linear_decoder/train/251.npz
tweety_bert/experiments/Bird3_decoder_linear_decoder/train/293.npz
tweety_bert/experiments/Bird3_decoder_linear_decoder/train/38.npz
tweety_bert/experiments/Bird3_decoder_linear_decoder/train/130.npz
tweety_bert/experiments/Bird3_decoder_linear_decoder/train/157.npz
tweety_bert/experiments/Bird3_decoder_linear_decoder/train/209.npz
tweety_bert/experiments/Bird3_decoder_linear_decoder/train/106.npz
tweety_bert/experiments/Bird3_decoder_linear_decoder/train/213.npz
tweety_bert/experiments/Bird3_decoder_linear_decoder/train/126.npz
tweety_bert/experiments/Bird3_decoder_linear_decoder/train/137.npz
tweety_bert/experiments/Bird3_decoder_linear_decoder/train/276.npz
tweety_bert/experiments/Bird3_decoder_linear_decoder/train/317.npz
tweety_bert/experiments/Bird3_decoder_linear_decoder/train/69.npz
tweety_bert/experiments/Bird3_decoder_linear_decoder/train/271.npz
tweety_bert/experiments/Bird3_decoder_linear_decoder/train/207.npz
tweety_bert/experiments/Bird3_decoder_linear_decoder/train/340.npz
tweety_bert/experiments/Bird3_decoder_linear_decoder/train/136.npz
tweety_bert/experiments/Bird3_decoder_linear_decoder/train/18.npz
tweety_bert/experiments/Bird3_decoder_linear_decoder/train/98.npz
tweety_bert/experiments/Bird3_decoder_linear_decoder/train/175.npz
tweety_bert/experiments/Bird3_decoder_linear_decoder/train/46.npz
tweety_bert/experiments/Bird3_decoder_linear_decoder/train/263.npz
tweety_bert/experiments/Bird3_decoder_linear_decoder/train/229.npz
tweety_bert/experiments/Bird3_decoder_linear_decoder/train/150.npz
tweety_bert/experiments/Bird3_decoder_linear_decoder/train/51.npz
tweety_bert/experiments/Bird3_decoder_linear_decoder/train/99.npz
tweety_bert/experiments/Bird3_decoder_linear_decoder/train/283.npz
tweety_bert/experiments/Bird3_decoder_linear_decoder/train/199.npz
tweety_bert/experiments/Bird3_decoder_linear_decoder/train/65.npz
tweety_bert/experiments/Bird3_decoder_linear_decoder/train/12.npz
tweety_bert/experiments/Bird3_decoder_linear_decoder/train/133.npz
tweety_bert/experiments/Bird3_decoder_linear_decoder/train/222.npz
tweety_bert/experiments/Bird3_decoder_linear_decoder/train/190.npz
tweety_bert/experiments/Bird3_decoder_linear_decoder/train/309.npz
tweety_bert/experiments/Bird3_decoder_linear_decoder/train/341.npz
tweety_bert/experiments/Bird3_decoder_linear_decoder/train/198.npz
tweety_bert/experiments/Bird3_decoder_linear_decoder/train/141.npz
tweety_bert/experiments/Bird3_decoder_linear_decoder/train/101.npz
tweety_bert/experiments/Bird3_decoder_linear_decoder/train/321.npz
tweety_bert/experiments/Bird3_decoder_linear_decoder/train/193.npz
tweety_bert/experiments/Bird3_decoder_linear_decoder/train/58.npz
tweety_bert/experiments/Bird3_decoder_linear_decoder/train/295.npz
tweety_bert/experiments/Bird3_decoder_linear_decoder/train/132.npz
tweety_bert/experiments/Bird3_decoder_linear_decoder/train/169.npz
tweety_bert/experiments/Bird3_decoder_linear_decoder/train/64.npz
tweety_bert/experiments/Bird3_decoder_linear_decoder/train/59.npz
tweety_bert/experiments/Bird3_decoder_linear_decoder/train/88.npz
tweety_bert/experiments/Bird3_decoder_linear_decoder/train/326.npz
tweety_bert/experiments/Bird3_decoder_linear_decoder/train/343.npz
tweety_bert/experiments/Bird3_decoder_linear_decoder/train/275.npz
tweety_bert/experiments/Bird3_decoder_linear_decoder/train/70.npz
tweety_bert/experiments/Bird3_decoder_linear_decoder/train/50.npz
tweety_bert/experiments/Bird3_decoder_linear_decoder/train/118.npz
tweety_bert/experiments/Bird3_decoder_linear_decoder/train/96.npz
tweety_bert/experiments/Bird3_decoder_linear_decoder/train/339.npz
tweety_bert/experiments/Bird3_decoder_linear_decoder/train/181.npz
tweety_bert/experiments/Bird3_decoder_linear_decoder/train/292.npz
tweety_bert/experiments/Bird3_decoder_linear_decoder/train/255.npz
tweety_bert/experiments/Bird3_decoder_linear_decoder/train/305.npz
tweety_bert/experiments/Bird3_decoder_linear_decoder/train/42.npz
tweety_bert/experiments/Bird3_decoder_linear_decoder/train/303.npz
tweety_bert/experiments/Bird3_decoder_linear_decoder/train/100.npz
tweety_bert/experiments/Bird3_decoder_linear_decoder/train/33.npz
tweety_bert/experiments/Bird3_decoder_linear_decoder/train/185.npz
tweety_bert/experiments/Bird3_decoder_linear_decoder/train/54.npz
tweety_bert/experiments/Bird3_decoder_linear_decoder/train/171.npz
tweety_bert/experiments/Bird3_decoder_linear_decoder/train/170.npz
tweety_bert/experiments/Bird3_decoder_linear_decoder/train/291.npz
tweety_bert/experiments/Bird3_decoder_linear_decoder/train/20.npz
tweety_bert/experiments/Bird3_decoder_linear_decoder/train/4.npz
tweety_bert/experiments/Bird3_decoder_linear_decoder/train/179.npz
tweety_bert/experiments/Bird3_decoder_linear_decoder/train/247.npz
tweety_bert/experiments/Bird3_decoder_linear_decoder/train/204.npz
tweety_bert/experiments/Bird3_decoder_linear_decoder/train/174.npz
tweety_bert/experiments/Bird3_decoder_linear_decoder/train/338.npz
tweety_bert/experiments/Bird3_decoder_linear_decoder/train/287.npz
tweety_bert/experiments/Bird3_decoder_linear_decoder/train/344.npz
tweety_bert/experiments/Bird3_decoder_linear_decoder/train/13.npz
tweety_bert/experiments/Bird3_decoder_linear_decoder/train/89.npz
tweety_bert/experiments/Bird3_decoder_linear_decoder/train/233.npz
tweety_bert/experiments/Bird3_decoder_linear_decoder/train/335.npz
tweety_bert/experiments/Bird3_decoder_linear_decoder/train/300.npz
tweety_bert/experiments/Bird3_decoder_linear_decoder/train/186.npz
tweety_bert/experiments/Bird3_decoder_linear_decoder/train/95.npz
tweety_bert/experiments/Bird3_decoder_linear_decoder/train/167.npz
tweety_bert/experiments/Bird3_decoder_linear_decoder/train/90.npz
tweety_bert/experiments/Bird3_decoder_linear_decoder/train/232.npz
tweety_bert/experiments/Bird3_decoder_linear_decoder/train/41.npz
tweety_bert/experiments/Bird3_decoder_linear_decoder/train/93.npz
tweety_bert/experiments/Bird3_decoder_linear_decoder/train/223.npz
tweety_bert/experiments/Bird3_decoder_linear_decoder/train/328.npz
tweety_bert/experiments/Bird3_decoder_linear_decoder/train/81.npz
tweety_bert/experiments/Bird3_decoder_linear_decoder/train/337.npz
tweety_bert/experiments/Bird3_decoder_linear_decoder/train/272.npz
tweety_bert/experiments/Bird3_decoder_linear_decoder/train/182.npz
tweety_bert/experiments/Bird3_decoder_linear_decoder/train/166.npz
tweety_bert/experiments/Bird3_decoder_linear_decoder/train/330.npz
tweety_bert/experiments/Bird3_decoder_linear_decoder/train/92.npz
tweety_bert/experiments/Bird3_decoder_linear_decoder/train/281.npz
tweety_bert/experiments/Bird3_decoder_linear_decoder/train/21.npz
tweety_bert/experiments/Bird3_decoder_linear_decoder/train/122.npz
tweety_bert/experiments/Bird3_decoder_linear_decoder/train/36.npz
tweety_bert/experiments/Bird3_decoder_linear_decoder/train/345.npz
tweety_bert/experiments/Bird3_decoder_linear_decoder/train/32.npz
tweety_bert/experiments/Bird3_decoder_linear_decoder/train/153.npz
tweety_bert/experiments/Bird3_decoder_linear_decoder/train/73.npz
tweety_bert/experiments/Bird3_decoder_linear_decoder/train/52.npz
tweety_bert/experiments/Bird3_decoder_linear_decoder/train/347.npz
tweety_bert/experiments/Bird3_decoder_linear_decoder/train/320.npz
tweety_bert/experiments/Bird3_decoder_linear_decoder/train/177.npz
tweety_bert/experiments/Bird3_decoder_linear_decoder/train/49.npz
tweety_bert/experiments/Bird3_decoder_linear_decoder/train/84.npz
tweety_bert/experiments/Bird3_decoder_linear_decoder/train/202.npz
tweety_bert/experiments/Bird3_decoder_linear_decoder/train/211.npz
tweety_bert/experiments/Bird3_decoder_linear_decoder/train/235.npz
tweety_bert/experiments/Bird3_decoder_linear_decoder/train/39.npz
tweety_bert/experiments/Bird3_decoder_linear_decoder/train/302.npz
tweety_bert/experiments/Bird3_decoder_linear_decoder/train/78.npz
tweety_bert/experiments/Bird3_decoder_linear_decoder/train/285.npz
tweety_bert/experiments/Bird3_decoder_linear_decoder/train/297.npz
tweety_bert/experiments/Bird3_decoder_linear_decoder/train/80.npz
tweety_bert/experiments/Bird3_decoder_linear_decoder/train/53.npz
tweety_bert/experiments/Bird3_decoder_linear_decoder/train/284.npz
tweety_bert/experiments/Bird3_decoder_linear_decoder/train/146.npz
tweety_bert/experiments/Bird3_decoder_linear_decoder/train/342.npz
tweety_bert/experiments/Bird3_decoder_linear_decoder/train/83.npz
tweety_bert/experiments/Bird3_decoder_linear_decoder/train/72.npz
tweety_bert/experiments/Bird3_decoder_linear_decoder/train/286.npz
tweety_bert/experiments/Bird3_decoder_linear_decoder/train/355.npz
tweety_bert/experiments/Bird3_decoder_linear_decoder/train/63.npz
tweety_bert/experiments/Bird3_decoder_linear_decoder/train/139.npz
tweety_bert/experiments/Bird3_decoder_linear_decoder/train/76.npz
tweety_bert/experiments/Bird3_decoder_linear_decoder/train/206.npz
tweety_bert/experiments/Bird3_decoder_linear_decoder/train/264.npz
tweety_bert/experiments/Bird3_decoder_linear_decoder/train/316.npz
tweety_bert/experiments/Bird3_decoder_linear_decoder/train/282.npz
tweety_bert/experiments/Bird3_decoder_linear_decoder/train/244.npz
tweety_bert/experiments/Bird3_decoder_linear_decoder/train/289.npz
tweety_bert/experiments/Bird3_decoder_linear_decoder/train/348.npz
tweety_bert/experiments/Bird3_decoder_linear_decoder/train/173.npz
tweety_bert/experiments/Bird3_decoder_linear_decoder/train/296.npz
tweety_bert/experiments/Bird3_decoder_linear_decoder/train/312.npz
tweety_bert/experiments/Bird3_decoder_linear_decoder/train/189.npz
tweety_bert/experiments/Bird3_decoder_linear_decoder/train/154.npz
tweety_bert/experiments/Bird3_decoder_linear_decoder/train/149.npz
tweety_bert/experiments/Bird3_decoder_linear_decoder/train/227.npz
tweety_bert/experiments/Bird3_decoder_linear_decoder/train/210.npz
tweety_bert/experiments/Bird3_decoder_linear_decoder/train/77.npz
tweety_bert/experiments/Bird3_decoder_linear_decoder/train/351.npz
tweety_bert/experiments/Bird3_decoder_linear_decoder/train/119.npz
tweety_bert/experiments/Bird3_decoder_linear_decoder/train/143.npz
tweety_bert/experiments/Bird3_decoder_linear_decoder/train/195.npz
tweety_bert/experiments/Bird3_decoder_linear_decoder/train/111.npz
tweety_bert/experiments/Bird3_decoder_linear_decoder/train/234.npz
tweety_bert/experiments/Bird3_decoder_linear_decoder/train/152.npz
tweety_bert/experiments/Bird3_decoder_linear_decoder/train/164.npz
tweety_bert/experiments/Bird3_decoder_linear_decoder/train/82.npz
tweety_bert/experiments/Bird3_decoder_linear_decoder/train/313.npz
tweety_bert/experiments/Bird3_decoder_linear_decoder/train/253.npz
tweety_bert/experiments/Bird3_decoder_linear_decoder/train/30.npz
tweety_bert/experiments/Bird3_decoder_linear_decoder/train/156.npz
tweety_bert/experiments/Bird3_decoder_linear_decoder/train/10.npz
tweety_bert/experiments/Bird3_decoder_linear_decoder/train/107.npz
tweety_bert/experiments/Bird3_decoder_linear_decoder/train/124.npz
tweety_bert/experiments/Bird3_decoder_linear_decoder/train/161.npz
tweety_bert/experiments/Bird3_decoder_linear_decoder/train/220.npz
tweety_bert/experiments/Bird3_decoder_linear_decoder/train/353.npz
tweety_bert/experiments/Bird3_decoder_linear_decoder/train/314.npz
tweety_bert/experiments/Bird3_decoder_linear_decoder/train/112.npz
tweety_bert/experiments/Bird3_decoder_linear_decoder/train/57.npz
tweety_bert/experiments/Bird3_decoder_linear_decoder/train/236.npz
tweety_bert/experiments/Bird3_decoder_linear_decoder/train/120.npz
tweety_bert/experiments/Bird3_decoder_linear_decoder/train/75.npz
tweety_bert/experiments/Bird3_decoder_linear_decoder/train/212.npz
tweety_bert/experiments/Bird3_decoder_linear_decoder/train/250.npz
tweety_bert/experiments/Bird3_decoder_linear_decoder/train/3.npz
tweety_bert/experiments/Bird3_decoder_linear_decoder/train/34.npz
tweety_bert/experiments/Bird3_decoder_linear_decoder/train/245.npz
tweety_bert/experiments/Bird3_decoder_linear_decoder/train/299.npz
tweety_bert/experiments/Bird3_decoder_linear_decoder/train/218.npz
tweety_bert/experiments/Bird3_decoder_linear_decoder/train/308.npz
tweety_bert/experiments/Bird3_decoder_linear_decoder/train/294.npz
tweety_bert/experiments/Bird3_decoder_linear_decoder/train/22.npz
tweety_bert/experiments/Bird3_decoder_linear_decoder/train/148.npz
tweety_bert/experiments/Bird3_decoder_linear_decoder/train/265.npz
tweety_bert/experiments/Bird3_decoder_linear_decoder/train/134.npz
tweety_bert/experiments/Bird3_decoder_linear_decoder/train/214.npz
tweety_bert/experiments/Bird3_decoder_linear_decoder/train/324.npz
tweety_bert/experiments/Bird3_decoder_linear_decoder/train/298.npz
tweety_bert/experiments/Bird3_decoder_linear_decoder/train/66.npz
tweety_bert/experiments/Bird3_decoder_linear_decoder/train/103.npz
tweety_bert/experiments/Bird3_decoder_linear_decoder/train/108.npz
tweety_bert/experiments/Bird3_decoder_linear_decoder/train/243.npz
tweety_bert/experiments/Bird3_decoder_linear_decoder/train/74.npz
tweety_bert/experiments/Bird3_decoder_linear_decoder/train/256.npz
tweety_bert/experiments/Bird3_decoder_linear_decoder/train/354.npz
tweety_bert/experiments/Bird3_decoder_linear_decoder/train/71.npz
tweety_bert/experiments/Bird3_decoder_linear_decoder/train/310.npz
tweety_bert/experiments/Bird3_decoder_linear_decoder/train/268.npz
tweety_bert/experiments/Bird3_decoder_linear_decoder/train/48.npz
tweety_bert/experiments/Bird3_decoder_linear_decoder/train/259.npz
tweety_bert/experiments/Bird3_decoder_linear_decoder/train/24.npz
tweety_bert/experiments/Bird3_decoder_linear_decoder/train/151.npz
tweety_bert/experiments/Bird3_decoder_linear_decoder/train/67.npz
tweety_bert/experiments/Bird3_decoder_linear_decoder/train/155.npz
tweety_bert/experiments/Bird3_decoder_linear_decoder/train/86.npz
tweety_bert/experiments/Bird3_decoder_linear_decoder/train/187.npz
tweety_bert/experiments/Bird3_decoder_linear_decoder/train/201.npz
tweety_bert/experiments/Bird3_decoder_linear_decoder/train/47.npz
tweety_bert/experiments/Bird3_decoder_linear_decoder/train/200.npz
tweety_bert/experiments/Bird3_decoder_linear_decoder/train/217.npz
tweety_bert/experiments/Bird3_decoder_linear_decoder/train/35.npz
tweety_bert/experiments/Bird3_decoder_linear_decoder/train/172.npz
tweety_bert/experiments/Bird3_decoder_linear_decoder/train/322.npz
tweety_bert/experiments/Bird3_decoder_linear_decoder/train/94.npz
tweety_bert/experiments/Bird3_decoder_linear_decoder/train/17.npz
tweety_bert/experiments/Bird3_decoder_linear_decoder/train/79.npz
tweety_bert/experiments/Bird3_decoder_linear_decoder/train/203.npz
tweety_bert/experiments/Bird3_decoder_linear_decoder/train/208.npz
tweety_bert/experiments/Bird3_decoder_linear_decoder/train/269.npz
tweety_bert/experiments/Bird3_decoder_linear_decoder/train/278.npz
tweety_bert/experiments/Bird3_decoder_linear_decoder/train/194.npz
tweety_bert/experiments/Bird3_decoder_linear_decoder/train/352.npz
tweety_bert/experiments/Bird3_decoder_linear_decoder/train/162.npz
tweety_bert/experiments/Bird3_decoder_linear_decoder/train/163.npz
tweety_bert/experiments/Bird3_decoder_linear_decoder/train/87.npz
tweety_bert/experiments/Bird3_decoder_linear_decoder/train/61.npz
tweety_bert/experiments/Bird3_decoder_linear_decoder/train/2.npz
tweety_bert/experiments/Bird3_decoder_linear_decoder/train/304.npz
tweety_bert/experiments/Bird3_decoder_linear_decoder/train/1.npz
tweety_bert/experiments/Bird3_decoder_linear_decoder/train/228.npz
tweety_bert/experiments/Bird3_decoder_linear_decoder/train/115.npz
tweety_bert/experiments/Bird3_decoder_linear_decoder/train/332.npz
tweety_bert/experiments/Bird3_decoder_linear_decoder/train/160.npz
tweety_bert/experiments/Bird3_decoder_linear_decoder/train/273.npz
tweety_bert/experiments/Bird3_decoder_linear_decoder/train/257.npz
tweety_bert/experiments/Bird3_decoder_linear_decoder/train/191.npz
tweety_bert/experiments/Bird3_decoder_linear_decoder/train/27.npz
tweety_bert/experiments/Bird3_decoder_linear_decoder/train/113.npz
tweety_bert/experiments/Bird3_decoder_linear_decoder/train/91.npz
tweety_bert/experiments/Bird3_decoder_linear_decoder/train/226.npz
tweety_bert/experiments/Bird3_decoder_linear_decoder/train/28.npz
tweety_bert/experiments/Bird3_decoder_linear_decoder/train/301.npz
tweety_bert/experiments/Bird3_decoder_linear_decoder/train/323.npz
tweety_bert/experiments/Bird3_decoder_linear_decoder/train/349.npz
tweety_bert/experiments/Bird3_decoder_linear_decoder/train/159.npz
tweety_bert/experiments/Bird3_decoder_linear_decoder/train/249.npz
tweety_bert/experiments/Bird3_decoder_linear_decoder/train/237.npz
tweety_bert/experiments/Bird3_decoder_linear_decoder/train/56.npz
tweety_bert/experiments/Bird3_decoder_linear_decoder/train/219.npz
tweety_bert/experiments/Bird3_decoder_linear_decoder/train/260.npz
tweety_bert/experiments/Bird3_decoder_linear_decoder/train/319.npz
tweety_bert/experiments/Bird3_decoder_linear_decoder/train/55.npz
tweety_bert/experiments/Bird3_decoder_linear_decoder/train/197.npz
tweety_bert/experiments/Bird3_decoder_linear_decoder/train/116.npz
tweety_bert/experiments/Bird3_decoder_linear_decoder/train/15.npz
tweety_bert/experiments/Bird3_decoder_linear_decoder/train/274.npz
tweety_bert/experiments/Bird3_decoder_linear_decoder/train/29.npz
tweety_bert/experiments/Bird3_decoder_linear_decoder/train/196.npz
tweety_bert/experiments/Bird3_decoder_linear_decoder/train/104.npz
tweety_bert/experiments/Bird3_decoder_linear_decoder/train/109.npz
tweety_bert/experiments/Bird3_decoder_linear_decoder/train/277.npz
tweety_bert/experiments/Bird3_decoder_linear_decoder/train/192.npz
tweety_bert/experiments/Bird3_decoder_linear_decoder/train/9.npz
tweety_bert/experiments/Bird3_decoder_linear_decoder/train/31.npz
tweety_bert/experiments/Bird3_decoder_linear_decoder/train/279.npz
tweety_bert/experiments/Bird3_decoder_linear_decoder/train/327.npz
tweety_bert/experiments/Bird3_decoder_linear_decoder/train/105.npz
tweety_bert/experiments/Bird3_decoder_linear_decoder/train/188.npz
tweety_bert/experiments/Bird3_decoder_linear_decoder/train/350.npz
tweety_bert/experiments/Bird3_decoder_linear_decoder/train/307.npz
tweety_bert/experiments/Bird3_decoder_linear_decoder/train/85.npz
tweety_bert/experiments/Bird3_decoder_linear_decoder/train/144.npz
tweety_bert/experiments/Bird3_decoder_linear_decoder/train/168.npz
tweety_bert/experiments/Bird3_decoder_linear_decoder/train/110.npz
tweety_bert/experiments/Bird3_decoder_linear_decoder/train/26.npz
tweety_bert/experiments/Bird3_decoder_linear_decoder/train/129.npz
tweety_bert/experiments/Bird3_decoder_linear_decoder/train/266.npz
tweety_bert/experiments/Bird3_decoder_linear_decoder/train/288.npz
tweety_bert/experiments/Bird3_decoder_linear_decoder/train/6.npz
tweety_bert/experiments/Bird3_decoder_linear_decoder/train/117.npz
tweety_bert/experiments/Bird3_decoder_linear_decoder/train/5.npz
tweety_bert/experiments/Bird3_decoder_linear_decoder/train/329.npz
tweety_bert/experiments/Bird3_decoder_linear_decoder/train/60.npz
tweety_bert/experiments/Bird3_decoder_linear_decoder/train/242.npz
tweety_bert/experiments/Bird3_decoder_linear_decoder/train/44.npz
tweety_bert/experiments/Bird3_decoder_linear_decoder/train/318.npz
tweety_bert/experiments/Bird3_decoder_linear_decoder/train/7.npz
tweety_bert/experiments/Bird3_decoder_linear_decoder/train/216.npz
tweety_bert/experiments/Bird3_decoder_linear_decoder/train/248.npz
tweety_bert/experiments/Bird3_decoder_linear_decoder/train/306.npz
tweety_bert/experiments/Bird3_decoder_linear_decoder/train/262.npz
tweety_bert/experiments/Bird3_decoder_linear_decoder/train/261.npz
tweety_bert/experiments/Bird3_decoder_linear_decoder/train/19.npz
tweety_bert/experiments/Bird3_decoder_linear_decoder/train/8.npz
tweety_bert/experiments/Bird3_decoder_linear_decoder/train/14.npz
tweety_bert/experiments/Bird3_decoder_linear_decoder/train/142.npz
tweety_bert/experiments/Bird3_decoder_linear_decoder/train/125.npz
tweety_bert/experiments/Bird3_decoder_linear_decoder/train/114.npz
tweety_bert/experiments/Bird3_decoder_linear_decoder/train/127.npz
tweety_bert/experiments/Bird3_decoder_linear_decoder/train/334.npz
tweety_bert/experiments/Bird3_decoder_linear_decoder/train/258.npz
tweety_bert/experiments/Bird3_decoder_linear_decoder/train/102.npz
tweety_bert/experiments/Bird3_decoder_linear_decoder/train/241.npz
tweety_bert/experiments/Bird3_decoder_linear_decoder/train/147.npz
tweety_bert/experiments/Bird3_decoder_linear_decoder/train/325.npz
tweety_bert/experiments/Bird3_decoder_linear_decoder/train/230.npz
tweety_bert/experiments/Bird3_decoder_linear_decoder/train/315.npz
tweety_bert/experiments/Bird3_decoder_linear_decoder/train/254.npz
tweety_bert/experiments/Bird3_decoder_linear_decoder/train/221.npz
tweety_bert/experiments/Bird3_decoder_linear_decoder/train/176.npz
tweety_bert/experiments/Bird3_decoder_linear_decoder/train/270.npz
tweety_bert/experiments/Bird3_decoder_linear_decoder/train/267.npz
tweety_bert/experiments/Bird3_decoder_linear_decoder/train/225.npz
tweety_bert/experiments/Bird3_decoder_linear_decoder/train/205.npz
tweety_bert/experiments/Bird3_decoder_linear_decoder/train/346.npz
tweety_bert/experiments/Bird3_decoder_linear_decoder/train/215.npz
tweety_bert/experiments/Bird3_decoder_linear_decoder/train/123.npz
tweety_bert/experiments/Bird3_decoder_linear_decoder/train/43.npz
tweety_bert/experiments/Bird3_decoder_linear_decoder/train/131.npz
tweety_bert/experiments/Bird3_decoder_linear_decoder/train/140.npz
tweety_bert/experiments/Bird3_decoder_linear_decoder/train/240.npz
tweety_bert/experiments/Bird3_decoder_linear_decoder/train/290.npz
tweety_bert/experiments/Bird3_decoder_linear_decoder/train/356.npz
tweety_bert/experiments/Bird3_decoder_linear_decoder/train/135.npz
tweety_bert/experiments/Bird3_decoder_linear_decoder/train/121.npz
tweety_bert/experiments/Bird3_decoder_linear_decoder/train/238.npz
tweety_bert/experiments/Bird3_decoder_linear_decoder/train/231.npz
tweety_bert/experiments/Bird3_decoder_linear_decoder/train/336.npz
tweety_bert/experiments/Bird3_decoder_linear_decoder/train/311.npz
tweety_bert/experiments/Bird3_decoder_linear_decoder/train/68.npz
tweety_bert/experiments/Bird3_decoder_linear_decoder/train/183.npz
tweety_bert/experiments/Bird3_decoder_linear_decoder/train/239.npz
tweety_bert/experiments/Bird3_decoder_linear_decoder/train/138.npz
tweety_bert/experiments/Bird3_decoder_linear_decoder/train/25.npz
tweety_bert/experiments/Bird3_decoder_linear_decoder/train/158.npz
tweety_bert/experiments/Bird3_decoder_linear_decoder/train/331.npz
tweety_bert/experiments/Bird3_decoder_linear_decoder/train/97.npz
tweety_bert/experiments/Bird3_decoder_linear_decoder/train/0.npz
tweety_bert/experiments/Bird3_decoder_linear_decoder/train/184.npz
tweety_bert/experiments/Bird3_decoder_linear_decoder/train/246.npz
tweety_bert/experiments/Bird3_decoder_linear_decoder/train/62.npz
tweety_bert/experiments/Bird3_decoder_linear_decoder/train/16.npz
tweety_bert/experiments/Bird3_decoder_linear_decoder/train/40.npz
tweety_bert/experiments/Bird3_decoder_linear_decoder/train/333.npz
tweety_bert/experiments/Bird3_decoder_linear_decoder/train/178.npz
tweety_bert/experiments/Bird3_decoder_linear_decoder/train/45.npz
tweety_bert/experiments/Bird3_decoder_linear_decoder/train/145.npz
tweety_bert/experiments/Bird3_decoder_linear_decoder/train/280.npz
tweety_bert/experiments/Bird3_decoder_linear_decoder/train/165.npz
tweety_bert/experiments/Bird3_decoder_linear_decoder/train/252.npz
tweety_bert/experiments/Bird3_decoder_linear_decoder/train/37.npz
tweety_bert/experiments/Bird3_decoder_linear_decoder/train/224.npz
tweety_bert/experiments/Bird3_decoder_linear_decoder/train/128.npz
tweety_bert/experiments/Bird3_decoder_linear_decoder/train/11.npz
tweety_bert/experiments/Bird3_decoder_linear_decoder/train/180.npz
tweety_bert/experiments/Bird3_decoder_linear_decoder/decoder_state/
tweety_bert/experiments/Bird3_decoder_linear_decoder/decoder_state/decoder_config.json
tweety_bert/experiments/Bird3_decoder_linear_decoder/decoder_state/original_data.npz
tweety_bert/experiments/Bird3_decoder_linear_decoder/decoder_state/decoder_weights.pth
tweety_bert/experiments/Bird6_decoder_linear_decoder/
tweety_bert/experiments/Bird6_decoder_linear_decoder/test/
tweety_bert/experiments/Bird6_decoder_linear_decoder/test/23.npz
tweety_bert/experiments/Bird6_decoder_linear_decoder/test/38.npz
tweety_bert/experiments/Bird6_decoder_linear_decoder/test/69.npz
tweety_bert/experiments/Bird6_decoder_linear_decoder/test/18.npz
tweety_bert/experiments/Bird6_decoder_linear_decoder/test/46.npz
tweety_bert/experiments/Bird6_decoder_linear_decoder/test/51.npz
tweety_bert/experiments/Bird6_decoder_linear_decoder/test/65.npz
tweety_bert/experiments/Bird6_decoder_linear_decoder/test/12.npz
tweety_bert/experiments/Bird6_decoder_linear_decoder/test/58.npz
tweety_bert/experiments/Bird6_decoder_linear_decoder/test/64.npz
tweety_bert/experiments/Bird6_decoder_linear_decoder/test/59.npz
tweety_bert/experiments/Bird6_decoder_linear_decoder/test/88.npz
tweety_bert/experiments/Bird6_decoder_linear_decoder/test/70.npz
tweety_bert/experiments/Bird6_decoder_linear_decoder/test/50.npz
tweety_bert/experiments/Bird6_decoder_linear_decoder/test/42.npz
tweety_bert/experiments/Bird6_decoder_linear_decoder/test/33.npz
tweety_bert/experiments/Bird6_decoder_linear_decoder/test/54.npz
tweety_bert/experiments/Bird6_decoder_linear_decoder/test/20.npz
tweety_bert/experiments/Bird6_decoder_linear_decoder/test/4.npz
tweety_bert/experiments/Bird6_decoder_linear_decoder/test/13.npz
tweety_bert/experiments/Bird6_decoder_linear_decoder/test/89.npz
tweety_bert/experiments/Bird6_decoder_linear_decoder/test/90.npz
tweety_bert/experiments/Bird6_decoder_linear_decoder/test/41.npz
tweety_bert/experiments/Bird6_decoder_linear_decoder/test/81.npz
tweety_bert/experiments/Bird6_decoder_linear_decoder/test/21.npz
tweety_bert/experiments/Bird6_decoder_linear_decoder/test/36.npz
tweety_bert/experiments/Bird6_decoder_linear_decoder/test/32.npz
tweety_bert/experiments/Bird6_decoder_linear_decoder/test/73.npz
tweety_bert/experiments/Bird6_decoder_linear_decoder/test/52.npz
tweety_bert/experiments/Bird6_decoder_linear_decoder/test/49.npz
tweety_bert/experiments/Bird6_decoder_linear_decoder/test/84.npz
tweety_bert/experiments/Bird6_decoder_linear_decoder/test/39.npz
tweety_bert/experiments/Bird6_decoder_linear_decoder/test/78.npz
tweety_bert/experiments/Bird6_decoder_linear_decoder/test/80.npz
tweety_bert/experiments/Bird6_decoder_linear_decoder/test/53.npz
tweety_bert/experiments/Bird6_decoder_linear_decoder/test/83.npz
tweety_bert/experiments/Bird6_decoder_linear_decoder/test/72.npz
tweety_bert/experiments/Bird6_decoder_linear_decoder/test/63.npz
tweety_bert/experiments/Bird6_decoder_linear_decoder/test/76.npz
tweety_bert/experiments/Bird6_decoder_linear_decoder/test/77.npz
tweety_bert/experiments/Bird6_decoder_linear_decoder/test/82.npz
tweety_bert/experiments/Bird6_decoder_linear_decoder/test/30.npz
tweety_bert/experiments/Bird6_decoder_linear_decoder/test/10.npz
tweety_bert/experiments/Bird6_decoder_linear_decoder/test/57.npz
tweety_bert/experiments/Bird6_decoder_linear_decoder/test/75.npz
tweety_bert/experiments/Bird6_decoder_linear_decoder/test/3.npz
tweety_bert/experiments/Bird6_decoder_linear_decoder/test/34.npz
tweety_bert/experiments/Bird6_decoder_linear_decoder/test/22.npz
tweety_bert/experiments/Bird6_decoder_linear_decoder/test/66.npz
tweety_bert/experiments/Bird6_decoder_linear_decoder/test/74.npz
tweety_bert/experiments/Bird6_decoder_linear_decoder/test/71.npz
tweety_bert/experiments/Bird6_decoder_linear_decoder/test/48.npz
tweety_bert/experiments/Bird6_decoder_linear_decoder/test/24.npz
tweety_bert/experiments/Bird6_decoder_linear_decoder/test/67.npz
tweety_bert/experiments/Bird6_decoder_linear_decoder/test/86.npz
tweety_bert/experiments/Bird6_decoder_linear_decoder/test/47.npz
tweety_bert/experiments/Bird6_decoder_linear_decoder/test/35.npz
tweety_bert/experiments/Bird6_decoder_linear_decoder/test/17.npz
tweety_bert/experiments/Bird6_decoder_linear_decoder/test/79.npz
tweety_bert/experiments/Bird6_decoder_linear_decoder/test/87.npz
tweety_bert/experiments/Bird6_decoder_linear_decoder/test/61.npz
tweety_bert/experiments/Bird6_decoder_linear_decoder/test/2.npz
tweety_bert/experiments/Bird6_decoder_linear_decoder/test/1.npz
tweety_bert/experiments/Bird6_decoder_linear_decoder/test/27.npz
tweety_bert/experiments/Bird6_decoder_linear_decoder/test/28.npz
tweety_bert/experiments/Bird6_decoder_linear_decoder/test/56.npz
tweety_bert/experiments/Bird6_decoder_linear_decoder/test/55.npz
tweety_bert/experiments/Bird6_decoder_linear_decoder/test/15.npz
tweety_bert/experiments/Bird6_decoder_linear_decoder/test/29.npz
tweety_bert/experiments/Bird6_decoder_linear_decoder/test/9.npz
tweety_bert/experiments/Bird6_decoder_linear_decoder/test/31.npz
tweety_bert/experiments/Bird6_decoder_linear_decoder/test/85.npz
tweety_bert/experiments/Bird6_decoder_linear_decoder/test/26.npz
tweety_bert/experiments/Bird6_decoder_linear_decoder/test/6.npz
tweety_bert/experiments/Bird6_decoder_linear_decoder/test/5.npz
tweety_bert/experiments/Bird6_decoder_linear_decoder/test/60.npz
tweety_bert/experiments/Bird6_decoder_linear_decoder/test/44.npz
tweety_bert/experiments/Bird6_decoder_linear_decoder/test/7.npz
tweety_bert/experiments/Bird6_decoder_linear_decoder/test/19.npz
tweety_bert/experiments/Bird6_decoder_linear_decoder/test/8.npz
tweety_bert/experiments/Bird6_decoder_linear_decoder/test/14.npz
tweety_bert/experiments/Bird6_decoder_linear_decoder/test/43.npz
tweety_bert/experiments/Bird6_decoder_linear_decoder/test/68.npz
tweety_bert/experiments/Bird6_decoder_linear_decoder/test/25.npz
tweety_bert/experiments/Bird6_decoder_linear_decoder/test/0.npz
tweety_bert/experiments/Bird6_decoder_linear_decoder/test/62.npz
tweety_bert/experiments/Bird6_decoder_linear_decoder/test/16.npz
tweety_bert/experiments/Bird6_decoder_linear_decoder/test/40.npz
tweety_bert/experiments/Bird6_decoder_linear_decoder/test/45.npz
tweety_bert/experiments/Bird6_decoder_linear_decoder/test/37.npz
tweety_bert/experiments/Bird6_decoder_linear_decoder/test/11.npz
tweety_bert/experiments/Bird6_decoder_linear_decoder/train/
tweety_bert/experiments/Bird6_decoder_linear_decoder/train/23.npz
tweety_bert/experiments/Bird6_decoder_linear_decoder/train/251.npz
tweety_bert/experiments/Bird6_decoder_linear_decoder/train/293.npz
tweety_bert/experiments/Bird6_decoder_linear_decoder/train/38.npz
tweety_bert/experiments/Bird6_decoder_linear_decoder/train/130.npz
tweety_bert/experiments/Bird6_decoder_linear_decoder/train/157.npz
tweety_bert/experiments/Bird6_decoder_linear_decoder/train/209.npz
tweety_bert/experiments/Bird6_decoder_linear_decoder/train/106.npz
tweety_bert/experiments/Bird6_decoder_linear_decoder/train/213.npz
tweety_bert/experiments/Bird6_decoder_linear_decoder/train/126.npz
tweety_bert/experiments/Bird6_decoder_linear_decoder/train/137.npz
tweety_bert/experiments/Bird6_decoder_linear_decoder/train/276.npz
tweety_bert/experiments/Bird6_decoder_linear_decoder/train/317.npz
tweety_bert/experiments/Bird6_decoder_linear_decoder/train/69.npz
tweety_bert/experiments/Bird6_decoder_linear_decoder/train/271.npz
tweety_bert/experiments/Bird6_decoder_linear_decoder/train/207.npz
tweety_bert/experiments/Bird6_decoder_linear_decoder/train/340.npz
tweety_bert/experiments/Bird6_decoder_linear_decoder/train/136.npz
tweety_bert/experiments/Bird6_decoder_linear_decoder/train/18.npz
tweety_bert/experiments/Bird6_decoder_linear_decoder/train/98.npz
tweety_bert/experiments/Bird6_decoder_linear_decoder/train/175.npz
tweety_bert/experiments/Bird6_decoder_linear_decoder/train/46.npz
tweety_bert/experiments/Bird6_decoder_linear_decoder/train/263.npz
tweety_bert/experiments/Bird6_decoder_linear_decoder/train/229.npz
tweety_bert/experiments/Bird6_decoder_linear_decoder/train/150.npz
tweety_bert/experiments/Bird6_decoder_linear_decoder/train/51.npz
tweety_bert/experiments/Bird6_decoder_linear_decoder/train/99.npz
tweety_bert/experiments/Bird6_decoder_linear_decoder/train/283.npz
tweety_bert/experiments/Bird6_decoder_linear_decoder/train/199.npz
tweety_bert/experiments/Bird6_decoder_linear_decoder/train/65.npz
tweety_bert/experiments/Bird6_decoder_linear_decoder/train/12.npz
tweety_bert/experiments/Bird6_decoder_linear_decoder/train/133.npz
tweety_bert/experiments/Bird6_decoder_linear_decoder/train/222.npz
tweety_bert/experiments/Bird6_decoder_linear_decoder/train/190.npz
tweety_bert/experiments/Bird6_decoder_linear_decoder/train/309.npz
tweety_bert/experiments/Bird6_decoder_linear_decoder/train/341.npz
tweety_bert/experiments/Bird6_decoder_linear_decoder/train/198.npz
tweety_bert/experiments/Bird6_decoder_linear_decoder/train/141.npz
tweety_bert/experiments/Bird6_decoder_linear_decoder/train/101.npz
tweety_bert/experiments/Bird6_decoder_linear_decoder/train/321.npz
tweety_bert/experiments/Bird6_decoder_linear_decoder/train/193.npz
tweety_bert/experiments/Bird6_decoder_linear_decoder/train/58.npz
tweety_bert/experiments/Bird6_decoder_linear_decoder/train/295.npz
tweety_bert/experiments/Bird6_decoder_linear_decoder/train/132.npz
tweety_bert/experiments/Bird6_decoder_linear_decoder/train/169.npz
tweety_bert/experiments/Bird6_decoder_linear_decoder/train/64.npz
tweety_bert/experiments/Bird6_decoder_linear_decoder/train/59.npz
tweety_bert/experiments/Bird6_decoder_linear_decoder/train/88.npz
tweety_bert/experiments/Bird6_decoder_linear_decoder/train/360.npz
tweety_bert/experiments/Bird6_decoder_linear_decoder/train/326.npz
tweety_bert/experiments/Bird6_decoder_linear_decoder/train/343.npz
tweety_bert/experiments/Bird6_decoder_linear_decoder/train/275.npz
tweety_bert/experiments/Bird6_decoder_linear_decoder/train/70.npz
tweety_bert/experiments/Bird6_decoder_linear_decoder/train/50.npz
tweety_bert/experiments/Bird6_decoder_linear_decoder/train/118.npz
tweety_bert/experiments/Bird6_decoder_linear_decoder/train/96.npz
tweety_bert/experiments/Bird6_decoder_linear_decoder/train/339.npz
tweety_bert/experiments/Bird6_decoder_linear_decoder/train/181.npz
tweety_bert/experiments/Bird6_decoder_linear_decoder/train/292.npz
tweety_bert/experiments/Bird6_decoder_linear_decoder/train/255.npz
tweety_bert/experiments/Bird6_decoder_linear_decoder/train/305.npz
tweety_bert/experiments/Bird6_decoder_linear_decoder/train/42.npz
tweety_bert/experiments/Bird6_decoder_linear_decoder/train/303.npz
tweety_bert/experiments/Bird6_decoder_linear_decoder/train/100.npz
tweety_bert/experiments/Bird6_decoder_linear_decoder/train/33.npz
tweety_bert/experiments/Bird6_decoder_linear_decoder/train/185.npz
tweety_bert/experiments/Bird6_decoder_linear_decoder/train/54.npz
tweety_bert/experiments/Bird6_decoder_linear_decoder/train/171.npz
tweety_bert/experiments/Bird6_decoder_linear_decoder/train/170.npz
tweety_bert/experiments/Bird6_decoder_linear_decoder/train/291.npz
tweety_bert/experiments/Bird6_decoder_linear_decoder/train/20.npz
tweety_bert/experiments/Bird6_decoder_linear_decoder/train/4.npz
tweety_bert/experiments/Bird6_decoder_linear_decoder/train/179.npz
tweety_bert/experiments/Bird6_decoder_linear_decoder/train/247.npz
tweety_bert/experiments/Bird6_decoder_linear_decoder/train/204.npz
tweety_bert/experiments/Bird6_decoder_linear_decoder/train/174.npz
tweety_bert/experiments/Bird6_decoder_linear_decoder/train/338.npz
tweety_bert/experiments/Bird6_decoder_linear_decoder/train/287.npz
tweety_bert/experiments/Bird6_decoder_linear_decoder/train/344.npz
tweety_bert/experiments/Bird6_decoder_linear_decoder/train/13.npz
tweety_bert/experiments/Bird6_decoder_linear_decoder/train/89.npz
tweety_bert/experiments/Bird6_decoder_linear_decoder/train/233.npz
tweety_bert/experiments/Bird6_decoder_linear_decoder/train/335.npz
tweety_bert/experiments/Bird6_decoder_linear_decoder/train/300.npz
tweety_bert/experiments/Bird6_decoder_linear_decoder/train/186.npz
tweety_bert/experiments/Bird6_decoder_linear_decoder/train/95.npz
tweety_bert/experiments/Bird6_decoder_linear_decoder/train/167.npz
tweety_bert/experiments/Bird6_decoder_linear_decoder/train/90.npz
tweety_bert/experiments/Bird6_decoder_linear_decoder/train/232.npz
tweety_bert/experiments/Bird6_decoder_linear_decoder/train/41.npz
tweety_bert/experiments/Bird6_decoder_linear_decoder/train/93.npz
tweety_bert/experiments/Bird6_decoder_linear_decoder/train/223.npz
tweety_bert/experiments/Bird6_decoder_linear_decoder/train/328.npz
tweety_bert/experiments/Bird6_decoder_linear_decoder/train/81.npz
tweety_bert/experiments/Bird6_decoder_linear_decoder/train/337.npz
tweety_bert/experiments/Bird6_decoder_linear_decoder/train/272.npz
tweety_bert/experiments/Bird6_decoder_linear_decoder/train/182.npz
tweety_bert/experiments/Bird6_decoder_linear_decoder/train/166.npz
tweety_bert/experiments/Bird6_decoder_linear_decoder/train/330.npz
tweety_bert/experiments/Bird6_decoder_linear_decoder/train/92.npz
tweety_bert/experiments/Bird6_decoder_linear_decoder/train/281.npz
tweety_bert/experiments/Bird6_decoder_linear_decoder/train/21.npz
tweety_bert/experiments/Bird6_decoder_linear_decoder/train/122.npz
tweety_bert/experiments/Bird6_decoder_linear_decoder/train/36.npz
tweety_bert/experiments/Bird6_decoder_linear_decoder/train/345.npz
tweety_bert/experiments/Bird6_decoder_linear_decoder/train/32.npz
tweety_bert/experiments/Bird6_decoder_linear_decoder/train/153.npz
tweety_bert/experiments/Bird6_decoder_linear_decoder/train/73.npz
tweety_bert/experiments/Bird6_decoder_linear_decoder/train/52.npz
tweety_bert/experiments/Bird6_decoder_linear_decoder/train/347.npz
tweety_bert/experiments/Bird6_decoder_linear_decoder/train/320.npz
tweety_bert/experiments/Bird6_decoder_linear_decoder/train/177.npz
tweety_bert/experiments/Bird6_decoder_linear_decoder/train/49.npz
tweety_bert/experiments/Bird6_decoder_linear_decoder/train/84.npz
tweety_bert/experiments/Bird6_decoder_linear_decoder/train/202.npz
tweety_bert/experiments/Bird6_decoder_linear_decoder/train/211.npz
tweety_bert/experiments/Bird6_decoder_linear_decoder/train/235.npz
tweety_bert/experiments/Bird6_decoder_linear_decoder/train/39.npz
tweety_bert/experiments/Bird6_decoder_linear_decoder/train/302.npz
tweety_bert/experiments/Bird6_decoder_linear_decoder/train/78.npz
tweety_bert/experiments/Bird6_decoder_linear_decoder/train/285.npz
tweety_bert/experiments/Bird6_decoder_linear_decoder/train/297.npz
tweety_bert/experiments/Bird6_decoder_linear_decoder/train/80.npz
tweety_bert/experiments/Bird6_decoder_linear_decoder/train/53.npz
tweety_bert/experiments/Bird6_decoder_linear_decoder/train/284.npz
tweety_bert/experiments/Bird6_decoder_linear_decoder/train/146.npz
tweety_bert/experiments/Bird6_decoder_linear_decoder/train/342.npz
tweety_bert/experiments/Bird6_decoder_linear_decoder/train/83.npz
tweety_bert/experiments/Bird6_decoder_linear_decoder/train/72.npz
tweety_bert/experiments/Bird6_decoder_linear_decoder/train/286.npz
tweety_bert/experiments/Bird6_decoder_linear_decoder/train/355.npz
tweety_bert/experiments/Bird6_decoder_linear_decoder/train/63.npz
tweety_bert/experiments/Bird6_decoder_linear_decoder/train/139.npz
tweety_bert/experiments/Bird6_decoder_linear_decoder/train/76.npz
tweety_bert/experiments/Bird6_decoder_linear_decoder/train/206.npz
tweety_bert/experiments/Bird6_decoder_linear_decoder/train/264.npz
tweety_bert/experiments/Bird6_decoder_linear_decoder/train/316.npz
tweety_bert/experiments/Bird6_decoder_linear_decoder/train/282.npz
tweety_bert/experiments/Bird6_decoder_linear_decoder/train/244.npz
tweety_bert/experiments/Bird6_decoder_linear_decoder/train/289.npz
tweety_bert/experiments/Bird6_decoder_linear_decoder/train/348.npz
tweety_bert/experiments/Bird6_decoder_linear_decoder/train/173.npz
tweety_bert/experiments/Bird6_decoder_linear_decoder/train/296.npz
tweety_bert/experiments/Bird6_decoder_linear_decoder/train/312.npz
tweety_bert/experiments/Bird6_decoder_linear_decoder/train/189.npz
tweety_bert/experiments/Bird6_decoder_linear_decoder/train/154.npz
tweety_bert/experiments/Bird6_decoder_linear_decoder/train/149.npz
tweety_bert/experiments/Bird6_decoder_linear_decoder/train/227.npz
tweety_bert/experiments/Bird6_decoder_linear_decoder/train/210.npz
tweety_bert/experiments/Bird6_decoder_linear_decoder/train/77.npz
tweety_bert/experiments/Bird6_decoder_linear_decoder/train/351.npz
tweety_bert/experiments/Bird6_decoder_linear_decoder/train/119.npz
tweety_bert/experiments/Bird6_decoder_linear_decoder/train/143.npz
tweety_bert/experiments/Bird6_decoder_linear_decoder/train/195.npz
tweety_bert/experiments/Bird6_decoder_linear_decoder/train/111.npz
tweety_bert/experiments/Bird6_decoder_linear_decoder/train/234.npz
tweety_bert/experiments/Bird6_decoder_linear_decoder/train/152.npz
tweety_bert/experiments/Bird6_decoder_linear_decoder/train/164.npz
tweety_bert/experiments/Bird6_decoder_linear_decoder/train/82.npz
tweety_bert/experiments/Bird6_decoder_linear_decoder/train/313.npz
tweety_bert/experiments/Bird6_decoder_linear_decoder/train/253.npz
tweety_bert/experiments/Bird6_decoder_linear_decoder/train/30.npz
tweety_bert/experiments/Bird6_decoder_linear_decoder/train/156.npz
tweety_bert/experiments/Bird6_decoder_linear_decoder/train/10.npz
tweety_bert/experiments/Bird6_decoder_linear_decoder/train/107.npz
tweety_bert/experiments/Bird6_decoder_linear_decoder/train/124.npz
tweety_bert/experiments/Bird6_decoder_linear_decoder/train/161.npz
tweety_bert/experiments/Bird6_decoder_linear_decoder/train/220.npz
tweety_bert/experiments/Bird6_decoder_linear_decoder/train/353.npz
tweety_bert/experiments/Bird6_decoder_linear_decoder/train/314.npz
tweety_bert/experiments/Bird6_decoder_linear_decoder/train/112.npz
tweety_bert/experiments/Bird6_decoder_linear_decoder/train/57.npz
tweety_bert/experiments/Bird6_decoder_linear_decoder/train/236.npz
tweety_bert/experiments/Bird6_decoder_linear_decoder/train/120.npz
tweety_bert/experiments/Bird6_decoder_linear_decoder/train/75.npz
tweety_bert/experiments/Bird6_decoder_linear_decoder/train/357.npz
tweety_bert/experiments/Bird6_decoder_linear_decoder/train/212.npz
tweety_bert/experiments/Bird6_decoder_linear_decoder/train/250.npz
tweety_bert/experiments/Bird6_decoder_linear_decoder/train/3.npz
tweety_bert/experiments/Bird6_decoder_linear_decoder/train/34.npz
tweety_bert/experiments/Bird6_decoder_linear_decoder/train/245.npz
tweety_bert/experiments/Bird6_decoder_linear_decoder/train/299.npz
tweety_bert/experiments/Bird6_decoder_linear_decoder/train/361.npz
tweety_bert/experiments/Bird6_decoder_linear_decoder/train/358.npz
tweety_bert/experiments/Bird6_decoder_linear_decoder/train/218.npz
tweety_bert/experiments/Bird6_decoder_linear_decoder/train/308.npz
tweety_bert/experiments/Bird6_decoder_linear_decoder/train/294.npz
tweety_bert/experiments/Bird6_decoder_linear_decoder/train/22.npz
tweety_bert/experiments/Bird6_decoder_linear_decoder/train/148.npz
tweety_bert/experiments/Bird6_decoder_linear_decoder/train/265.npz
tweety_bert/experiments/Bird6_decoder_linear_decoder/train/134.npz
tweety_bert/experiments/Bird6_decoder_linear_decoder/train/214.npz
tweety_bert/experiments/Bird6_decoder_linear_decoder/train/324.npz
tweety_bert/experiments/Bird6_decoder_linear_decoder/train/298.npz
tweety_bert/experiments/Bird6_decoder_linear_decoder/train/66.npz
tweety_bert/experiments/Bird6_decoder_linear_decoder/train/103.npz
tweety_bert/experiments/Bird6_decoder_linear_decoder/train/108.npz
tweety_bert/experiments/Bird6_decoder_linear_decoder/train/243.npz
tweety_bert/experiments/Bird6_decoder_linear_decoder/train/74.npz
tweety_bert/experiments/Bird6_decoder_linear_decoder/train/256.npz
tweety_bert/experiments/Bird6_decoder_linear_decoder/train/354.npz
tweety_bert/experiments/Bird6_decoder_linear_decoder/train/71.npz
tweety_bert/experiments/Bird6_decoder_linear_decoder/train/310.npz
tweety_bert/experiments/Bird6_decoder_linear_decoder/train/268.npz
tweety_bert/experiments/Bird6_decoder_linear_decoder/train/48.npz
tweety_bert/experiments/Bird6_decoder_linear_decoder/train/259.npz
tweety_bert/experiments/Bird6_decoder_linear_decoder/train/24.npz
tweety_bert/experiments/Bird6_decoder_linear_decoder/train/151.npz
tweety_bert/experiments/Bird6_decoder_linear_decoder/train/67.npz
tweety_bert/experiments/Bird6_decoder_linear_decoder/train/155.npz
tweety_bert/experiments/Bird6_decoder_linear_decoder/train/86.npz
tweety_bert/experiments/Bird6_decoder_linear_decoder/train/187.npz
tweety_bert/experiments/Bird6_decoder_linear_decoder/train/201.npz
tweety_bert/experiments/Bird6_decoder_linear_decoder/train/47.npz
tweety_bert/experiments/Bird6_decoder_linear_decoder/train/200.npz
tweety_bert/experiments/Bird6_decoder_linear_decoder/train/217.npz
tweety_bert/experiments/Bird6_decoder_linear_decoder/train/35.npz
tweety_bert/experiments/Bird6_decoder_linear_decoder/train/172.npz
tweety_bert/experiments/Bird6_decoder_linear_decoder/train/322.npz
tweety_bert/experiments/Bird6_decoder_linear_decoder/train/94.npz
tweety_bert/experiments/Bird6_decoder_linear_decoder/train/17.npz
tweety_bert/experiments/Bird6_decoder_linear_decoder/train/79.npz
tweety_bert/experiments/Bird6_decoder_linear_decoder/train/203.npz
tweety_bert/experiments/Bird6_decoder_linear_decoder/train/208.npz
tweety_bert/experiments/Bird6_decoder_linear_decoder/train/269.npz
tweety_bert/experiments/Bird6_decoder_linear_decoder/train/278.npz
tweety_bert/experiments/Bird6_decoder_linear_decoder/train/194.npz
tweety_bert/experiments/Bird6_decoder_linear_decoder/train/352.npz
tweety_bert/experiments/Bird6_decoder_linear_decoder/train/162.npz
tweety_bert/experiments/Bird6_decoder_linear_decoder/train/163.npz
tweety_bert/experiments/Bird6_decoder_linear_decoder/train/87.npz
tweety_bert/experiments/Bird6_decoder_linear_decoder/train/61.npz
tweety_bert/experiments/Bird6_decoder_linear_decoder/train/2.npz
tweety_bert/experiments/Bird6_decoder_linear_decoder/train/304.npz
tweety_bert/experiments/Bird6_decoder_linear_decoder/train/1.npz
tweety_bert/experiments/Bird6_decoder_linear_decoder/train/228.npz
tweety_bert/experiments/Bird6_decoder_linear_decoder/train/115.npz
tweety_bert/experiments/Bird6_decoder_linear_decoder/train/332.npz
tweety_bert/experiments/Bird6_decoder_linear_decoder/train/160.npz
tweety_bert/experiments/Bird6_decoder_linear_decoder/train/273.npz
tweety_bert/experiments/Bird6_decoder_linear_decoder/train/257.npz
tweety_bert/experiments/Bird6_decoder_linear_decoder/train/359.npz
tweety_bert/experiments/Bird6_decoder_linear_decoder/train/191.npz
tweety_bert/experiments/Bird6_decoder_linear_decoder/train/27.npz
tweety_bert/experiments/Bird6_decoder_linear_decoder/train/113.npz
tweety_bert/experiments/Bird6_decoder_linear_decoder/train/91.npz
tweety_bert/experiments/Bird6_decoder_linear_decoder/train/226.npz
tweety_bert/experiments/Bird6_decoder_linear_decoder/train/28.npz
tweety_bert/experiments/Bird6_decoder_linear_decoder/train/301.npz
tweety_bert/experiments/Bird6_decoder_linear_decoder/train/323.npz
tweety_bert/experiments/Bird6_decoder_linear_decoder/train/349.npz
tweety_bert/experiments/Bird6_decoder_linear_decoder/train/159.npz
tweety_bert/experiments/Bird6_decoder_linear_decoder/train/249.npz
tweety_bert/experiments/Bird6_decoder_linear_decoder/train/237.npz
tweety_bert/experiments/Bird6_decoder_linear_decoder/train/56.npz
tweety_bert/experiments/Bird6_decoder_linear_decoder/train/219.npz
tweety_bert/experiments/Bird6_decoder_linear_decoder/train/260.npz
tweety_bert/experiments/Bird6_decoder_linear_decoder/train/319.npz
tweety_bert/experiments/Bird6_decoder_linear_decoder/train/55.npz
tweety_bert/experiments/Bird6_decoder_linear_decoder/train/197.npz
tweety_bert/experiments/Bird6_decoder_linear_decoder/train/116.npz
tweety_bert/experiments/Bird6_decoder_linear_decoder/train/15.npz
tweety_bert/experiments/Bird6_decoder_linear_decoder/train/274.npz
tweety_bert/experiments/Bird6_decoder_linear_decoder/train/29.npz
tweety_bert/experiments/Bird6_decoder_linear_decoder/train/196.npz
tweety_bert/experiments/Bird6_decoder_linear_decoder/train/104.npz
tweety_bert/experiments/Bird6_decoder_linear_decoder/train/109.npz
tweety_bert/experiments/Bird6_decoder_linear_decoder/train/277.npz
tweety_bert/experiments/Bird6_decoder_linear_decoder/train/192.npz
tweety_bert/experiments/Bird6_decoder_linear_decoder/train/9.npz
tweety_bert/experiments/Bird6_decoder_linear_decoder/train/31.npz
tweety_bert/experiments/Bird6_decoder_linear_decoder/train/279.npz
tweety_bert/experiments/Bird6_decoder_linear_decoder/train/327.npz
tweety_bert/experiments/Bird6_decoder_linear_decoder/train/105.npz
tweety_bert/experiments/Bird6_decoder_linear_decoder/train/188.npz
tweety_bert/experiments/Bird6_decoder_linear_decoder/train/350.npz
tweety_bert/experiments/Bird6_decoder_linear_decoder/train/307.npz
tweety_bert/experiments/Bird6_decoder_linear_decoder/train/362.npz
tweety_bert/experiments/Bird6_decoder_linear_decoder/train/85.npz
tweety_bert/experiments/Bird6_decoder_linear_decoder/train/144.npz
tweety_bert/experiments/Bird6_decoder_linear_decoder/train/168.npz
tweety_bert/experiments/Bird6_decoder_linear_decoder/train/110.npz
tweety_bert/experiments/Bird6_decoder_linear_decoder/train/26.npz
tweety_bert/experiments/Bird6_decoder_linear_decoder/train/129.npz
tweety_bert/experiments/Bird6_decoder_linear_decoder/train/266.npz
tweety_bert/experiments/Bird6_decoder_linear_decoder/train/288.npz
tweety_bert/experiments/Bird6_decoder_linear_decoder/train/6.npz
tweety_bert/experiments/Bird6_decoder_linear_decoder/train/117.npz
tweety_bert/experiments/Bird6_decoder_linear_decoder/train/5.npz
tweety_bert/experiments/Bird6_decoder_linear_decoder/train/329.npz
tweety_bert/experiments/Bird6_decoder_linear_decoder/train/60.npz
tweety_bert/experiments/Bird6_decoder_linear_decoder/train/242.npz
tweety_bert/experiments/Bird6_decoder_linear_decoder/train/44.npz
tweety_bert/experiments/Bird6_decoder_linear_decoder/train/318.npz
tweety_bert/experiments/Bird6_decoder_linear_decoder/train/7.npz
tweety_bert/experiments/Bird6_decoder_linear_decoder/train/216.npz
tweety_bert/experiments/Bird6_decoder_linear_decoder/train/248.npz
tweety_bert/experiments/Bird6_decoder_linear_decoder/train/306.npz
tweety_bert/experiments/Bird6_decoder_linear_decoder/train/262.npz
tweety_bert/experiments/Bird6_decoder_linear_decoder/train/363.npz
tweety_bert/experiments/Bird6_decoder_linear_decoder/train/261.npz
tweety_bert/experiments/Bird6_decoder_linear_decoder/train/19.npz
tweety_bert/experiments/Bird6_decoder_linear_decoder/train/8.npz
tweety_bert/experiments/Bird6_decoder_linear_decoder/train/14.npz
tweety_bert/experiments/Bird6_decoder_linear_decoder/train/142.npz
tweety_bert/experiments/Bird6_decoder_linear_decoder/train/125.npz
tweety_bert/experiments/Bird6_decoder_linear_decoder/train/114.npz
tweety_bert/experiments/Bird6_decoder_linear_decoder/train/127.npz
tweety_bert/experiments/Bird6_decoder_linear_decoder/train/334.npz
tweety_bert/experiments/Bird6_decoder_linear_decoder/train/258.npz
tweety_bert/experiments/Bird6_decoder_linear_decoder/train/102.npz
tweety_bert/experiments/Bird6_decoder_linear_decoder/train/241.npz
tweety_bert/experiments/Bird6_decoder_linear_decoder/train/147.npz
tweety_bert/experiments/Bird6_decoder_linear_decoder/train/325.npz
tweety_bert/experiments/Bird6_decoder_linear_decoder/train/230.npz
tweety_bert/experiments/Bird6_decoder_linear_decoder/train/315.npz
tweety_bert/experiments/Bird6_decoder_linear_decoder/train/254.npz
tweety_bert/experiments/Bird6_decoder_linear_decoder/train/221.npz
tweety_bert/experiments/Bird6_decoder_linear_decoder/train/176.npz
tweety_bert/experiments/Bird6_decoder_linear_decoder/train/270.npz
tweety_bert/experiments/Bird6_decoder_linear_decoder/train/267.npz
tweety_bert/experiments/Bird6_decoder_linear_decoder/train/225.npz
tweety_bert/experiments/Bird6_decoder_linear_decoder/train/205.npz
tweety_bert/experiments/Bird6_decoder_linear_decoder/train/346.npz
tweety_bert/experiments/Bird6_decoder_linear_decoder/train/215.npz
tweety_bert/experiments/Bird6_decoder_linear_decoder/train/123.npz
tweety_bert/experiments/Bird6_decoder_linear_decoder/train/43.npz
tweety_bert/experiments/Bird6_decoder_linear_decoder/train/131.npz
tweety_bert/experiments/Bird6_decoder_linear_decoder/train/140.npz
tweety_bert/experiments/Bird6_decoder_linear_decoder/train/240.npz
tweety_bert/experiments/Bird6_decoder_linear_decoder/train/290.npz
tweety_bert/experiments/Bird6_decoder_linear_decoder/train/356.npz
tweety_bert/experiments/Bird6_decoder_linear_decoder/train/135.npz
tweety_bert/experiments/Bird6_decoder_linear_decoder/train/121.npz
tweety_bert/experiments/Bird6_decoder_linear_decoder/train/238.npz
tweety_bert/experiments/Bird6_decoder_linear_decoder/train/231.npz
tweety_bert/experiments/Bird6_decoder_linear_decoder/train/336.npz
tweety_bert/experiments/Bird6_decoder_linear_decoder/train/311.npz
tweety_bert/experiments/Bird6_decoder_linear_decoder/train/68.npz
tweety_bert/experiments/Bird6_decoder_linear_decoder/train/183.npz
tweety_bert/experiments/Bird6_decoder_linear_decoder/train/239.npz
tweety_bert/experiments/Bird6_decoder_linear_decoder/train/138.npz
tweety_bert/experiments/Bird6_decoder_linear_decoder/train/25.npz
tweety_bert/experiments/Bird6_decoder_linear_decoder/train/158.npz
tweety_bert/experiments/Bird6_decoder_linear_decoder/train/331.npz
tweety_bert/experiments/Bird6_decoder_linear_decoder/train/97.npz
tweety_bert/experiments/Bird6_decoder_linear_decoder/train/0.npz
tweety_bert/experiments/Bird6_decoder_linear_decoder/train/184.npz
tweety_bert/experiments/Bird6_decoder_linear_decoder/train/246.npz
tweety_bert/experiments/Bird6_decoder_linear_decoder/train/62.npz
tweety_bert/experiments/Bird6_decoder_linear_decoder/train/16.npz
tweety_bert/experiments/Bird6_decoder_linear_decoder/train/40.npz
tweety_bert/experiments/Bird6_decoder_linear_decoder/train/333.npz
tweety_bert/experiments/Bird6_decoder_linear_decoder/train/178.npz
tweety_bert/experiments/Bird6_decoder_linear_decoder/train/45.npz
tweety_bert/experiments/Bird6_decoder_linear_decoder/train/145.npz
tweety_bert/experiments/Bird6_decoder_linear_decoder/train/280.npz
tweety_bert/experiments/Bird6_decoder_linear_decoder/train/165.npz
tweety_bert/experiments/Bird6_decoder_linear_decoder/train/252.npz
tweety_bert/experiments/Bird6_decoder_linear_decoder/train/37.npz
tweety_bert/experiments/Bird6_decoder_linear_decoder/train/224.npz
tweety_bert/experiments/Bird6_decoder_linear_decoder/train/128.npz
tweety_bert/experiments/Bird6_decoder_linear_decoder/train/11.npz
tweety_bert/experiments/Bird6_decoder_linear_decoder/train/180.npz
tweety_bert/experiments/Bird6_decoder_linear_decoder/decoder_state/
tweety_bert/experiments/Bird6_decoder_linear_decoder/decoder_state/decoder_config.json
tweety_bert/experiments/Bird6_decoder_linear_decoder/decoder_state/original_data.npz
tweety_bert/experiments/Bird6_decoder_linear_decoder/decoder_state/decoder_weights.pth
